chr	start	end	startCpG	endCpG	target	name	direction	Adipocytes	Bladder-Ep	Blood-B	Blood-Granul	Blood-Mono+Macro	Blood-NK	Blood-T	Bone-Osteob	Breast-Basal-Ep	Breast-Luminal-Ep	Colon-Ep	Colon-Fibro	Dermal-Fibro	Endothel	Epid-Kerat	Eryth-prog	Fallopian-Ep	Gallbladder	Gastric-Ep	Head-Neck-Ep	Heart-Cardio	Heart-Fibro	Kidney-Ep	Liver-Hep	Lung-Ep-Alveo	Lung-Ep-Bron	Neuron	Oligodend	Ovary-Ep	Pancreas-Acinar	Pancreas-Alpha	Pancreas-Beta	Pancreas-Delta	Pancreas-Duct	Megakaryocytes	Prostate-Ep	Skeletal-Musc	Small-Int-Ep	Smooth-Musc	Thyroid-Ep
chr1	1785845	1786384	44931	44943	Thyroid-Ep	chr1:1785845-1786384	U	0.0	0.02	0.0	0.016	0.0	0.0	0.0	0.0	0.0	0.0	0.0	0.0	0.0	0.0	0.0	0.03	0.0	0.0	0.0	0.0	0.0	0.007	0.0	0.0	0.0	0.0	0.006	0.0	0.0	0.013	0.0	0.0	0.0	0.0	0.0	0.005	0.0	0.004	0.0	0.977
chr1	3361734	3362039	90288	90299	Blood-NK	chr1:3361734-3362039	U	0.01	0.004	0.009	0.011	0.012	0.885	0.11	0.0	0.012	0.0	0.0	0.017	0.0	0.012	0.0	0.122	0.007	0.0	0.01	0.005	0.01	0.012	0.009	0.018	0.01	0.005	0.056	0.0	0.0	0.005	0.019	0.0	0.0	0.0	0.0	0.005	0.038	0.0	0.005	0.0
chr1	3521062	3521161	95104	95109	Smooth-Musc	chr1:3521062-3521161	U	0.094	0.02	0.137	0.0	0.058	0.111	0.16	0.071	0.0	0.0	0.016	0.143	0.231	0.017	0.0	0.329	0.0	0.105	0.039	0.005	0.011	0.19	0.066	0.109	0.02	0.046	0.0	0.0	0.0	0.143	0.304	0.121	0.13	0.03	0.0	0.012	0.029	0.066	0.582	0.043
chr1	4269466	4269532	111519	111525	Smooth-Musc	chr1:4269466-4269532	U	0.313	0.16	0.019	0.024	0.027	0.009	0.021	0.212	0.008	0.0	0.003	0.109	0.366	0.124	0.027	0.328	0.057	0.0	0.021	0.008	0.031	0.215	0.02	0.003	0.012	0.0	0.071	0.006	0.063	0.032	0.182	0.019	0.0	0.0	0.0	0.021	0.181	0.0	0.575	0.0
chr1	5842759	5842903	131327	131335	Kidney-Ep	chr1:5842759-5842903	U	0.008	0.0	0.0	0.009	0.01	0.012	0.006	0.162	0.035	0.019	0.0	0.061	0.033	0.023	0.049	0.171	0.078	0.0	0.008	0.007	0.0	0.059	0.862	0.008	0.016	0.0	0.0	0.0	0.0	0.078	0.0	0.0	0.0	0.009	0.0	0.007	0.061	0.006	0.083	0.0
chr1	5950648	5950918	133709	133715	Epid-Kerat	chr1:5950648-5950918	U	0.036	0.0	0.038	0.0	0.0	0.057	0.004	0.048	0.0	0.0	0.0	0.083	0.0	0.0	0.941	0.111	0.0	0.0	0.0	0.04	0.0	0.048	0.0	0.0	0.014	0.0	0.0	0.0	0.0	0.022	0.0	0.032	0.0	0.0	0.0	0.0	0.0	0.0	0.0	0.0
chr1	5959258	5959335	133878	133884	Pancreas-Delta	chr1:5959258-5959335	U	0.0	0.0	0.0	0.0	0.005	0.0	0.0	0.0	0.0	0.0	0.0	0.0	0.0	0.001	0.0	0.048	0.0	0.0	0.005	0.0	0.0	0.0	0.003	0.255	0.0	0.0	0.005	0.0	0.0	0.0	0.0	0.011	0.874	0.008	0.0	0.0	0.0	0.0	0.0	0.0
chr1	7991117	7991683	173499	173512	Lung-Ep-Bron	chr1:7991117-7991683	U	0.0	0.0	0.0	0.0	0.002	0.0	0.001	0.0	0.0	0.005	0.0	0.0	0.0	0.002	0.0	0.09	0.005	0.0	0.0	0.032	0.0	0.0	0.002	0.0	0.006	0.905	0.064	0.0	0.004	0.0	0.0	0.0	0.0	0.0	0.0	0.0	0.0	0.0	0.0	0.121
chr1	9554214	9554463	199896	199905	Liver-Hep	chr1:9554214-9554463	U	0.0	0.0	0.0	0.0	0.01	0.0	0.0	0.0	0.0	0.0	0.0	0.0	0.0	0.002	0.0	0.068	0.0	0.0	0.0	0.002	0.0	0.0	0.0	0.968	0.0	0.0	0.0	0.0	0.0	0.0	0.0	0.0	0.0	0.0	0.0	0.0	0.0	0.0	0.005	0.0
chr1	10621099	10621267	219038	219043	Thyroid-Ep	chr1:10621099-10621267	U	0.011	0.018	0.0	0.0	0.0	0.0	0.0	0.0	0.0	0.0	0.0	0.0	0.0	0.004	0.0	0.097	0.0	0.0	0.008	0.065	0.0	0.0	0.0	0.0	0.02	0.041	0.049	0.026	0.0	0.106	0.0	0.0	0.031	0.012	0.0	0.0	0.019	0.0	0.007	1.0
chr1	10957446	10957509	227187	227193	Pancreas-Beta	chr1:10957446-10957509	U	0.0	0.0	0.0	0.0	0.002	0.0	0.0	0.0	0.0	0.0	0.0	0.0	0.0	0.0	0.0	0.1	0.0	0.0	0.0	0.0	0.0	0.006	0.0	0.0	0.0	0.0	0.121	0.007	0.0	0.0	0.01	0.99	0.142	0.0	0.0	0.0	0.014	0.0	0.013	0.0
chr1	14954541	14954609	282749	282754	Breast-Luminal-Ep	chr1:14954541-14954609	U	0.0	0.007	0.007	0.0	0.003	0.056	0.048	0.0	0.107	0.969	0.0	0.095	0.143	0.015	0.0	0.126	0.0	0.0	0.0	0.122	0.008	0.008	0.0	0.0	0.0	0.0	0.018	0.0	0.0	0.0	0.0	0.0	0.0	0.0	0.0	0.0	0.0	0.0	0.013	0.0
chr1	15078922	15079152	285166	285171	Prostate-Ep	chr1:15078922-15079152	U	0.0	0.16	0.0	0.079	0.009	0.0	0.003	0.0	0.0	0.0	0.078	0.055	0.0	0.006	0.0	0.173	0.0	0.0	0.0	0.005	0.0	0.019	0.0	0.017	0.0	0.0	0.0	0.0	0.0	0.012	0.0	0.0	0.0	0.0	0.0	0.709	0.0	0.022	0.012	0.0
chr1	19342317	19342636	354348	354361	Smooth-Musc	chr1:19342317-19342636	U	0.339	0.01	0.0	0.0	0.001	0.006	0.0	0.0	0.015	0.007	0.002	0.096	0.537	0.081	0.0	0.036	0.0	0.0	0.004	0.005	0.015	0.301	0.002	0.0	0.0	0.0	0.02	0.0	0.049	0.004	0.0	0.0	0.006	0.005	0.0	0.011	0.177	0.0	0.732	0.0
chr1	23256865	23257095	412721	412736	Head-Neck-Ep	chr1:23256865-23257095	U	0.0	0.081	0.0	0.008	0.0	0.0	0.001	0.0	0.0	0.0	0.0	0.0	0.0	0.001	0.0	0.058	0.0	0.0	0.0	0.821	0.0	0.0	0.0	0.004	0.0	0.087	0.0	0.0	0.125	0.0	0.0	0.0	0.0	0.01	0.0	0.019	0.0	0.0	0.012	0.088
chr1	25861843	25862003	453067	453074	Gallbladder	chr1:25861843-25862003	U	0.0	0.0	0.0	0.05	0.019	0.0	0.0	0.0	0.0	0.0	0.0	0.0	0.0	0.002	0.0	0.016	0.012	1.0	0.005	0.002	0.0	0.0	0.008	0.004	0.0	0.007	0.0	0.0	0.0	0.014	0.0	0.0	0.0	0.0	0.0	0.008	0.0	0.0	0.007	0.0
chr1	26405206	26405293	462066	462072	Heart-Fibro	chr1:26405206-26405293	U	0.0	0.087	0.008	0.0	0.003	0.011	0.013	0.075	0.095	0.107	0.015	0.073	0.048	0.027	0.0	0.164	0.083	0.138	0.033	0.043	0.057	0.884	0.023	0.065	0.092	0.05	0.004	0.025	0.187	0.158	0.032	0.014	0.017	0.058	0.0	0.03	0.016	0.0	0.201	0.045
chr1	31345754	31346768	534117	534126	Eryth-prog	chr1:31345754-31346768	U	0.012	0.0	0.0	0.0	0.0	0.0	0.0	0.0	0.0	0.0	0.005	0.0	0.0	0.0	0.0	0.992	0.0	0.0	0.007	0.0	0.0	0.0	0.0	0.0	0.0	0.0	0.0	0.0	0.0	0.0	0.0	0.0	0.0	0.0	0.0	0.0	0.0	0.007	0.028	0.0
chr1	32252846	32253137	547929	547935	Blood-T	chr1:32252846-32253137	U	0.03	0.0	0.096	0.0	0.034	0.214	0.99	0.0	0.0	0.0	0.02	0.109	0.0	0.007	0.0	0.24	0.0	0.0	0.012	0.007	0.0	0.028	0.0	0.007	0.012	0.0	0.0	0.0	0.024	0.039	0.0	0.016	0.0	0.012	0.0	0.009	0.0	0.02	0.05	0.016
chr1	33539006	33539129	567667	567676	Bladder-Ep	chr1:33539006-33539129	U	0.007	0.946	0.005	0.0	0.005	0.0	0.007	0.0	0.007	0.0	0.048	0.009	0.024	0.002	0.0	0.146	0.0	0.0	0.023	0.0	0.0	0.012	0.002	0.003	0.0	0.0	0.004	0.0	0.011	0.011	0.008	0.008	0.0	0.0	0.0	0.225	0.0	0.062	0.005	0.0
chr1	38242222	38242601	624563	624571	Pancreas-Delta	chr1:38242222-38242601	U	0.0	0.012	0.0	0.0	0.008	0.011	0.023	0.026	0.011	0.036	0.008	0.0	0.071	0.013	0.087	0.246	0.036	0.0	0.0	0.031	0.0	0.111	0.007	0.0	0.006	0.0	0.009	0.017	0.0	0.116	0.011	0.062	0.929	0.063	0.143	0.008	0.029	0.0	0.212	0.0
chr1	41100634	41101684	661506	661515	Dermal-Fibro	chr1:41100634-41101684	U	0.133	0.012	0.019	0.0	0.0	0.017	0.006	0.021	0.0	0.0	0.0	0.0	0.793	0.011	0.0	0.119	0.008	0.0	0.009	0.003	0.0	0.03	0.006	0.008	0.01	0.021	0.006	0.0	0.016	0.005	0.0	0.024	0.0	0.0	0.0	0.021	0.043	0.005	0.093	0.0
chr1	41671198	41671435	668202	668212	Neuron	chr1:41671198-41671435	U	0.073	0.0	0.0	0.0	0.0	0.0	0.001	0.0	0.0	0.0	0.0	0.009	0.0	0.028	0.0	0.107	0.0	0.0	0.0	0.0	0.0	0.005	0.0	0.003	0.0	0.005	0.77	0.019	0.0	0.005	0.0	0.0	0.0	0.0	0.0	0.0	0.014	0.004	0.02	0.0
chr1	41692034	41692274	668438	668446	Blood-Mono+Macro	chr1:41692034-41692274	U	0.105	0.0	0.0	0.013	0.799	0.0	0.001	0.0	0.0	0.0	0.0	0.009	0.0	0.004	0.0	0.145	0.0	0.0	0.002	0.0	0.017	0.017	0.005	0.003	0.0	0.0	0.016	0.021	0.0	0.0	0.0	0.0	0.0	0.0	0.0	0.0	0.077	0.0	0.025	0.0
chr1	43764408	43764616	692808	692814	Gallbladder	chr1:43764408-43764616	U	0.0	0.0	0.0	0.0	0.0	0.0	0.002	0.0	0.0	0.0	0.0	0.0	0.0	0.003	0.0	0.0	0.0	1.0	0.013	0.0	0.0	0.0	0.0	0.0	0.0	0.0	0.0	0.0	0.0	0.021	0.016	0.0	0.0	0.0	0.0	0.0	0.0	0.01	0.01	0.0
chr1	44320338	44321142	699742	699756	Pancreas-Delta	chr1:44320338-44321142	U	0.0	0.0	0.0	0.0	0.0	0.0	0.003	0.0	0.009	0.0	0.0	0.015	0.128	0.029	0.053	0.032	0.0	0.0	0.0	0.0	0.0	0.007	0.004	0.004	0.0	0.0	0.0	0.01	0.035	0.0	0.027	0.241	0.955	0.0	0.0	0.012	0.0	0.0	0.134	0.0
chr1	46483695	46483758	728562	728568	Pancreas-Duct	chr1:46483695-46483758	U	0.045	0.0	0.0	0.0	0.002	0.0	0.001	0.047	0.0	0.009	0.003	0.0	0.069	0.055	0.0	0.092	0.033	0.0	0.0	0.0	0.0	0.074	0.012	0.0	0.0	0.0	0.0	0.0	0.0	0.118	0.114	0.083	0.01	0.957	0.0	0.0	0.041	0.0	0.073	0.0
chr1	46483768	46483923	728568	728574	Pancreas-Duct	chr1:46483768-46483923	U	0.007	0.0	0.008	0.0	0.004	0.0	0.004	0.0	0.0	0.0	0.0	0.014	0.0	0.044	0.0	0.134	0.0	0.0	0.0	0.0	0.0	0.022	0.0	0.0	0.012	0.0	0.0	0.0	0.0	0.013	0.0	0.009	0.0	0.862	0.0	0.0	0.027	0.0	0.048	0.0
chr1	53970626	53971350	801298	801313	Lung-Ep-Bron	chr1:53970626-53971350	U	0.0	0.0	0.003	0.004	0.009	0.0	0.002	0.0	0.004	0.005	0.002	0.0	0.0	0.0	0.011	0.058	0.0	0.0	0.001	0.116	0.0	0.003	0.002	0.0	0.145	0.925	0.0	0.0	0.0	0.0	0.0	0.0	0.0	0.007	0.0	0.024	0.006	0.008	0.005	0.0
chr1	54339634	54339950	806382	806393	Gastric-Ep	chr1:54339634-54339950	U	0.0	0.004	0.0	0.0	0.002	0.0	0.002	0.0	0.0	0.0	0.0	0.0	0.0	0.0	0.0	0.028	0.0	0.0	0.913	0.002	0.004	0.0	0.0	0.0	0.021	0.0	0.002	0.0	0.0	0.0	0.0	0.0	0.0	0.04	0.0	0.005	0.017	0.0	0.012	0.0
chr1	64904170	64905360	894740	894750	Pancreas-Alpha	chr1:64904170-64905360	U	0.021	0.0	0.01	0.0	0.0	0.066	0.0	0.0	0.0	0.0	0.0	0.0	0.0	0.002	0.037	0.068	0.0	0.0	0.025	0.038	0.0	0.01	0.0	0.0	0.0	0.0	0.0	0.0	0.0	0.219	0.973	0.014	0.0	0.011	0.125	0.0	0.0	0.0	0.0	0.0
chr1	65490247	65490908	900695	900701	Adipocytes	chr1:65490247-65490908	U	1.0	0.0	0.077	0.0	0.0	0.0	0.032	0.75	0.143	0.0	0.0	0.0	0.25	0.161	0.0	0.0	0.0	0.0	0.0	0.0	0.0	0.333	0.0	0.0	0.0	0.0	0.036	0.0	0.0	0.0	0.0	0.0	0.0	0.0	0.0	0.0	0.1	0.059	0.476	0.0
chr1	70195694	70195888	931993	932001	Kidney-Ep	chr1:70195694-70195888	U	0.0	0.0	0.0	0.0	0.0	0.0	0.002	0.0	0.0	0.0	0.0	0.0	0.0	0.002	0.0	0.027	0.0	0.0	0.0	0.0	0.01	0.01	0.78	0.0	0.0	0.0	0.0	0.0	0.0	0.0	0.0	0.008	0.0	0.0	0.0	0.004	0.0	0.0	0.004	0.0
chr1	77104673	77104782	972736	972741	Gastric-Ep	chr1:77104673-77104782	U	0.0	0.01	0.0	0.0	0.0	0.0	0.0	0.0	0.013	0.06	0.0	0.0	0.0	0.0	0.0	0.09	0.0	0.0	0.988	0.012	0.0	0.0	0.0	0.0	0.103	0.114	0.115	0.0	0.0	0.0	0.079	0.067	0.077	0.0	0.0	0.011	0.0	0.01	0.009	0.0
chr1	86366003	86366223	1033469	1033475	Blood-Mono+Macro	chr1:86366003-86366223	U	0.087	0.0	0.018	0.0	0.788	0.0	0.004	0.0	0.0	0.0	0.0	0.05	0.0	0.0	0.0	0.14	0.0	0.0	0.016	0.0	0.0	0.0	0.0	0.029	0.0	0.0	0.01	0.067	0.0	0.016	0.0	0.0	0.0	0.0	0.0	0.0	0.043	0.0	0.019	0.0
chr1	101239954	101240049	1144599	1144607	Endothel	chr1:101239954-101240049	U	0.295	0.0	0.046	0.0	0.027	0.358	0.15	0.0	0.0	0.0	0.003	0.048	0.023	0.74	0.0	0.109	0.0	0.031	0.002	0.018	0.32	0.008	0.006	0.027	0.005	0.0	0.062	0.077	0.0	0.0	0.0	0.0	0.0	0.0	0.0	0.013	0.088	0.0	0.0	0.0
chr1	109659564	109659631	1201260	1201265	Pancreas-Duct	chr1:109659564-109659631	U	0.019	0.0	0.0	0.0	0.009	0.0	0.001	0.0	0.014	0.019	0.0	0.0	0.0	0.006	0.0	0.144	0.015	0.033	0.01	0.002	0.018	0.03	0.133	0.013	0.014	0.0	0.025	0.08	0.023	0.08	0.017	0.039	0.033	0.873	0.0	0.0	0.035	0.014	0.01	0.06
chr1	109884018	109884508	1203891	1203897	Adipocytes	chr1:109884018-109884508	U	0.728	0.0	0.0	0.0	0.002	0.0	0.001	0.282	0.015	0.043	0.0	0.179	0.36	0.271	0.0	0.244	0.0	0.0	0.005	0.013	0.0	0.09	0.0	0.0	0.005	0.0	0.035	0.228	0.008	0.023	0.009	0.0	0.0	0.177	0.0	0.013	0.119	0.0	0.005	0.0
chr1	116533118	116533348	1265867	1265872	Blood-Mono+Macro	chr1:116533118-116533348	U	0.04	0.0	0.0	0.1	0.794	0.0	0.0	0.0	0.0	0.0	0.0	0.0	0.0	0.0	0.0	0.0	0.0	0.0	0.009	0.0	0.0	0.0	0.012	0.0	0.0	0.0	0.02	0.0	0.0	0.0	0.0	0.0	0.0	0.0	0.0	0.0	0.0	0.0	0.0	0.0
chr1	117071962	117072528	1271403	1271413	Gastric-Ep	chr1:117071962-117072528	U	0.024	0.0	0.0	0.007	0.0	0.0	0.005	0.0	0.0	0.0	0.004	0.0	0.0	0.004	0.0	0.014	0.0	0.0	0.952	0.0	0.0	0.008	0.0	0.004	0.0	0.007	0.0	0.006	0.0	0.006	0.0	0.0	0.0	0.007	0.0	0.0	0.0	0.0	0.0	0.009
chr1	117587527	117587865	1275526	1275537	Bone-Osteob	chr1:117587527-117587865	U	0.0	0.0	0.0	0.0	0.004	0.0	0.003	0.926	0.0	0.02	0.0	0.033	0.1	0.002	0.0	0.072	0.0	0.0	0.0	0.012	0.0	0.021	0.0	0.0	0.0	0.0	0.019	0.0	0.0	0.0	0.0	0.0	0.0	0.004	0.0	0.0	0.044	0.0	0.03	0.0
chr1	145909071	145909857	1410810	1410819	Bone-Osteob	chr1:145909071-145909857	U	0.0	0.007	0.0	0.0	0.0	0.0	0.0	0.917	0.012	0.0	0.0	0.0	0.0	0.024	0.0	0.032	0.021	0.0	0.0	0.011	0.033	0.045	0.004	0.0	0.0	0.0	0.0	0.0	0.0	0.007	0.0	0.0	0.0	0.0	0.0	0.0	0.0	0.006	0.006	0.0
chr1	150163959	150164543	1455400	1455408	Blood-Mono+Macro	chr1:150163959-150164543	U	0.048	0.006	0.08	0.083	0.844	0.0	0.0	0.0	0.0	0.0	0.0	0.033	0.0	0.002	0.033	0.107	0.0	0.0	0.0	0.0	0.0	0.0	0.003	0.012	0.006	0.0	0.012	0.038	0.0	0.0	0.0	0.0	0.0	0.0	0.0	0.007	0.045	0.0	0.0	0.0
chr1	150969199	150969342	1467751	1467756	Breast-Luminal-Ep	chr1:150969199-150969342	U	0.019	0.0	0.0	0.0	0.003	0.011	0.0	0.0	0.053	0.805	0.0	0.014	0.0	0.004	0.0	0.031	0.0	0.042	0.0	0.005	0.0	0.014	0.021	0.0	0.0	0.009	0.0	0.0	0.0	0.0	0.0	0.0	0.0	0.0	0.0	0.0	0.024	0.0	0.0	0.0
chr1	151023490	151023547	1468809	1468814	Heart-Cardio	chr1:151023490-151023547	U	0.009	0.0	0.008	0.0	0.003	0.0	0.003	0.0	0.0	0.0	0.017	0.016	0.0	0.002	0.0	0.027	0.01	0.0	0.019	0.018	0.957	0.0	0.027	0.005	0.012	0.0	0.007	0.0	0.0	0.0	0.01	0.011	0.0	0.0	0.0	0.007	0.015	0.007	0.013	0.024
chr1	151711596	151711796	1479643	1479652	Neuron	chr1:151711596-151711796	U	0.011	0.0	0.073	0.0	0.007	0.0	0.01	0.031	0.007	0.0	0.0	0.107	0.094	0.025	0.0	0.139	0.008	0.0	0.004	0.042	0.02	0.035	0.0	0.003	0.0	0.005	0.835	0.011	0.006	0.027	0.068	0.126	0.058	0.0	0.0	0.0	0.021	0.0	0.052	0.076
chr1	154281610	154281704	1506459	1506468	Bladder-Ep	chr1:154281610-154281704	U	0.0	0.866	0.017	0.0	0.0	0.0	0.001	0.0	0.0	0.0	0.004	0.0	0.0	0.0	0.0	0.043	0.0	0.0	0.0	0.002	0.0	0.0	0.0	0.0	0.0	0.0	0.0	0.0	0.0	0.0	0.0	0.0	0.027	0.008	0.0	0.126	0.013	0.0	0.0	0.0
chr1	154585125	154585306	1511611	1511616	Breast-Basal-Ep	chr1:154585125-154585306	U	0.0	0.0	0.0	0.0	0.0	0.0	0.0	0.0	0.96	0.0	0.0	0.0	0.0	0.006	0.0	0.029	0.038	0.0	0.0	0.044	0.0	0.0	0.0	0.0	0.0	0.0	0.0	0.0	0.0	0.0	0.0	0.0	0.0	0.0	0.0	0.0	0.0	0.0	0.0	0.0
chr1	156131522	156132030	1537795	1537802	Pancreas-Delta	chr1:156131522-156132030	U	0.02	0.011	0.0	0.0	0.0	0.0	0.0	0.08	0.0	0.0	0.0	0.175	0.05	0.019	0.0	0.083	0.0	0.0	0.0	0.028	0.037	0.0	0.034	0.0	0.0	0.0	0.0	0.0	0.0	0.01	0.0	0.269	0.96	0.0	0.0	0.0	0.0	0.012	0.012	0.0
chr1	162148564	162148979	1601135	1601140	Megakaryocytes	chr1:162148564-162148979	U	0.015	0.034	0.019	0.011	0.004	0.0	0.007	0.038	0.0	0.0	0.0	0.02	0.0	0.005	0.167	0.194	0.0	0.0	0.0	0.065	0.011	0.083	0.119	0.0	0.0	0.033	0.196	0.0	0.0	0.0	0.015	0.0	0.0	0.0	1.0	0.012	0.173	0.0	0.124	0.0
chr1	181132269	181132559	1749221	1749235	Blood-B	chr1:181132269-181132559	U	0.004	0.0	0.893	0.0	0.019	0.0	0.001	0.0	0.0	0.0	0.0	0.104	0.0	0.016	0.0	0.062	0.0	0.0	0.002	0.004	0.0	0.004	0.0	0.0	0.0	0.0	0.0	0.0	0.0	0.0	0.0	0.0	0.0	0.0	0.0	0.0	0.0	0.0	0.003	0.0
chr1	184109865	184110291	1774719	1774724	Pancreas-Delta	chr1:184109865-184110291	U	0.0	0.0	0.0	0.0	0.0	0.0	0.0	0.0	0.0	0.0	0.0	0.0	0.0	0.026	0.0	0.219	0.0	0.0	0.0	0.0	0.0	0.0	0.0	0.0	0.0	0.0	0.0	0.0	0.0	0.0	0.036	0.0	0.875	0.0	0.0	0.0	0.0	0.0	0.13	0.0
chr1	185603065	185603283	1786460	1786466	Blood-B	chr1:185603065-185603283	U	0.0	0.015	0.958	0.0	0.018	0.0	0.002	0.0	0.0	0.0	0.0	0.108	0.0	0.032	0.0	0.107	0.009	0.0	0.0	0.0	0.0	0.0	0.01	0.0	0.0	0.0	0.0	0.0	0.0	0.0	0.0	0.0	0.0	0.0	0.0	0.0	0.0	0.0	0.045	0.024
chr1	198268506	198268744	1859915	1859921	Heart-Fibro	chr1:198268506-198268744	U	0.0	0.0	0.0	0.0	0.0	0.0	0.0	0.0	0.0	0.0	0.01	0.0	0.0	0.035	0.0	0.031	0.0	0.0	0.0	0.0	0.034	0.864	0.0	0.0	0.055	0.0	0.0	0.0	0.0	0.0	0.0	0.0	0.0	0.0	0.0	0.0	0.0	0.0	0.035	0.0
chr1	200104731	200104883	1871381	1871387	Small-Int-Ep	chr1:200104731-200104883	U	0.03	0.0	0.0	0.0	0.003	0.0	0.007	0.0	0.009	0.0	0.026	0.0	0.0	0.004	0.0	0.086	0.0	0.095	0.006	0.003	0.0	0.028	0.0	0.0	0.0	0.0	0.003	0.0	0.0	0.0	0.0	0.0	0.0	0.009	0.0	0.0	0.0	0.978	0.03	0.0
chr1	201100342	201100989	1882634	1882644	Skeletal-Musc	chr1:201100342-201100989	U	0.0	0.009	0.052	0.0	0.016	0.0	0.004	0.0	0.0	0.0	0.0	0.054	0.0	0.0	0.0	0.126	0.0	0.0	0.0	0.0	0.0	0.043	0.0	0.007	0.0	0.06	0.0	0.012	0.0	0.0	0.0	0.0	0.0	0.0	0.0	0.0	0.71	0.0	0.052	0.0
chr1	202742452	202742737	1903336	1903343	Blood-Granul	chr1:202742452-202742737	U	0.0	0.016	0.0	0.965	0.05	0.0	0.0	0.0	0.0	0.0	0.0	0.013	0.0	0.0	0.0	0.0	0.0	0.0	0.003	0.0	0.0	0.0	0.0	0.004	0.0	0.0	0.0	0.0	0.008	0.0	0.0	0.0	0.0	0.0	0.0	0.0	0.07	0.0	0.0	0.0
chr1	203304102	203304369	1910758	1910764	Bladder-Ep	chr1:203304102-203304369	U	0.0	0.962	0.056	0.0	0.0	0.0	0.0	0.0	0.0	0.0	0.0	0.0	0.0	0.0	0.0	0.0	0.0	0.0	0.0	0.0	0.0	0.0	0.074	0.042	0.0	0.0	0.033	0.0	0.0	0.095	0.0	0.0	0.0	0.0	0.0	0.143	0.0	0.0	0.0	0.0
chr1	204441484	204441815	1924821	1924828	Endothel	chr1:204441484-204441815	U	0.355	0.017	0.0	0.047	0.018	0.0	0.0	0.016	0.008	0.008	0.0	0.072	0.0	0.7	0.0	0.184	0.0	0.0	0.0	0.006	0.039	0.008	0.003	0.017	0.0	0.0	0.012	0.0	0.009	0.013	0.0	0.0	0.0	0.0	0.111	0.0	0.045	0.012	0.016	0.01
chr1	206062945	206063674	1945223	1945246	Ovary-Ep	chr1:206062945-206063674	U	0.0	0.0	0.0	0.0	0.0	0.0	0.0	0.0	0.0	0.0	0.0	0.0	0.0	0.0	0.0	0.025	0.036	0.0	0.0	0.119	0.0	0.0	0.111	0.003	0.0	0.0	0.0	0.0	0.893	0.0	0.0	0.0	0.0	0.0	0.0	0.0	0.0	0.0	0.0	0.0
chr1	206063702	206064643	1945246	1945323	Ovary-Ep	chr1:206063702-206064643	U	0.0	0.0	0.0	0.0	0.0	0.0	0.0	0.036	0.005	0.0	0.0	0.0	0.0	0.0	0.0	0.025	0.0	0.0	0.0	0.015	0.0	0.0	0.04	0.0	0.0	0.0	0.0	0.004	0.763	0.0	0.0	0.0	0.0	0.0	0.0	0.0	0.0	0.0	0.004	0.0
chr1	207971204	207971547	1963822	1963827	Pancreas-Delta	chr1:207971204-207971547	U	0.012	0.0	0.0	0.0	0.013	0.0	0.019	0.103	0.0	0.0	0.0	0.051	0.0	0.006	0.0	0.158	0.012	0.0	0.0	0.003	0.0	0.0	0.005	0.0	0.0	0.0	0.08	0.0	0.0	0.008	0.011	0.034	0.806	0.0	0.0	0.019	0.0	0.0	0.046	0.0
chr1	214399018	214399161	2022339	2022345	Blood-NK	chr1:214399018-214399161	U	0.008	0.0	0.006	0.022	0.103	0.905	0.05	0.0	0.009	0.0	0.0	0.012	0.0	0.0	0.0	0.128	0.0	0.0	0.0	0.002	0.0	0.0	0.0	0.008	0.0	0.0	0.003	0.0	0.0	0.006	0.0	0.012	0.0	0.0	0.0	0.0	0.011	0.0	0.0	0.0
chr1	221907261	221907493	2076646	2076651	Dermal-Fibro	chr1:221907261-221907493	U	0.245	0.0	0.0	0.0	0.0	0.0	0.0	0.0	0.014	0.0	0.012	0.036	0.846	0.048	0.0	0.247	0.033	0.0	0.009	0.017	0.0	0.035	0.035	0.0	0.009	0.011	0.013	0.071	0.121	0.056	0.076	0.0	0.0	0.0	0.0	0.0	0.106	0.0	0.147	0.0
chr1	226273051	226274125	2121915	2121922	Lung-Ep-Alveo	chr1:226273051-226274125	U	0.0	0.0	0.007	0.0	0.0	0.011	0.005	0.0	0.0	0.0	0.004	0.0	0.0	0.003	0.029	0.0	0.0	0.0	0.0	0.002	0.009	0.0	0.0	0.0	0.86	0.016	0.0	0.0	0.0	0.006	0.0	0.0	0.01	0.009	0.0	0.007	0.0	0.0	0.013	0.0
chr1	228360502	228360743	2150122	2150137	Bone-Osteob	chr1:228360502-228360743	U	0.0	0.0	0.0	0.0	0.0	0.0	0.0	0.898	0.0	0.0	0.002	0.01	0.0	0.0	0.0	0.088	0.0	0.0	0.002	0.003	0.038	0.006	0.0	0.0	0.0	0.0	0.0	0.0	0.0	0.01	0.006	0.0	0.0	0.0	0.0	0.0	0.009	0.0	0.017	0.0
chr1	229338843	229339891	2164998	2165006	Neuron	chr1:229338843-229339891	U	0.0	0.0	0.0	0.0	0.0	0.0	0.0	0.0	0.0	0.0	0.0	0.0	0.0	0.0	0.0	0.0	0.0	0.0	0.0	0.0	0.0	0.0	0.0	0.0	0.0	0.0	0.875	0.0	0.0	0.0	0.0	0.0	0.0	0.0	0.0	0.0	0.0	0.0	0.0	0.0
chr1	229340917	229341189	2165018	2165037	Neuron	chr1:229340917-229341189	U	0.003	0.0	0.004	0.004	0.005	0.0	0.01	0.0	0.0	0.0	0.002	0.0	0.0	0.001	0.0	0.009	0.0	0.0	0.001	0.0	0.0	0.0	0.003	0.002	0.0	0.0	0.819	0.028	0.0	0.0	0.02	0.0	0.0	0.0	0.0	0.0	0.008	0.0	0.003	0.0
chr1	229482423	229482762	2167201	2167206	Oligodend	chr1:229482423-229482762	U	0.0	0.0	0.0	0.0	0.0	0.0	0.0	0.0	0.0	0.0	0.0	0.0	0.0	0.002	0.0	0.052	0.0	0.0	0.0	0.005	0.0	0.0	0.008	0.0	0.0	0.008	0.035	0.929	0.0	0.0	0.0	0.0	0.0	0.0	0.0	0.009	0.046	0.0	0.027	0.0
chr1	230172416	230172949	2174954	2174962	Breast-Luminal-Ep	chr1:230172416-230172949	U	0.0	0.0	0.0	0.0	0.0	0.0	0.0	0.0	0.216	0.986	0.008	0.0	0.0	0.002	0.0	0.041	0.0	0.0	0.0	0.003	0.0	0.0	0.0	0.0	0.0	0.0	0.0	0.0	0.016	0.006	0.0	0.0	0.0	0.0	0.0	0.0	0.041	0.05	0.009	0.0
chr1	230257626	230257847	2176016	2176022	Pancreas-Delta	chr1:230257626-230257847	U	0.01	0.0	0.0	0.0	0.003	0.0	0.0	0.0	0.0	0.034	0.005	0.0	0.0	0.0	0.0	0.029	0.0	0.0	0.069	0.016	0.0	0.0	0.0	0.0	0.007	0.035	0.018	0.0	0.011	0.017	0.0	0.129	0.922	0.0	0.0	0.018	0.0	0.02	0.0	0.0
chr1	230537717	230537829	2179766	2179771	Endothel	chr1:230537717-230537829	U	0.297	0.0	0.101	0.028	0.05	0.071	0.085	0.0	0.0	0.0	0.0	0.171	0.048	0.662	0.0	0.247	0.0	0.062	0.038	0.035	0.0	0.15	0.011	0.044	0.022	0.06	0.006	0.0	0.0	0.0	0.02	0.036	0.0	0.031	0.0	0.0	0.111	0.0	0.125	0.016
chr1	232236912	232236923	2197850	2197855	Head-Neck-Ep	chr1:232236912-232236923	U	0.009	0.006	0.0	0.0	0.004	0.0	0.004	0.0	0.026	0.232	0.007	0.011	0.029	0.02	0.213	0.129	0.0	0.0	0.004	0.917	0.0	0.038	0.006	0.008	0.0	0.184	0.003	0.0	0.0	0.0	0.0	0.0	0.0	0.0	0.0	0.01	0.0	0.004	0.025	0.0
chr1	232287369	232287697	2198232	2198256	Colon-Fibro	chr1:232287369-232287697	U	0.05	0.026	0.012	0.0	0.005	0.0	0.008	0.0	0.0	0.0	0.01	0.0	0.0	0.003	0.333	0.1	0.0	0.0	0.005	0.004	0.0	0.02	0.004	0.0	0.0	0.016	0.0	0.0	0.0	0.0	0.0	0.0	0.023	0.0	0.0	0.0	0.021	0.0	0.058	0.0
chr1	233353545	233353874	2208772	2208777	Pancreas-Duct	chr1:233353545-233353874	U	0.026	0.0	0.0	0.0	0.01	0.0	0.002	0.062	0.0	0.0	0.0	0.0	0.0	0.008	0.0	0.122	0.0	0.138	0.0	0.0	0.0	0.073	0.066	0.009	0.018	0.0	0.003	0.0	0.0	0.007	0.0	0.041	0.014	0.839	0.0	0.0	0.0	0.006	0.044	0.0
chr1	234393659	234393763	2217979	2217986	Breast-Basal-Ep	chr1:234393659-234393763	U	0.0	0.0	0.0	0.0	0.0	0.0	0.0	0.0	0.895	0.025	0.0	0.0	0.0	0.0	0.0	0.046	0.0	0.0	0.002	0.005	0.0	0.006	0.0	0.0	0.0	0.0	0.017	0.04	0.0	0.015	0.0	0.0	0.0	0.0	0.0	0.03	0.0	0.0	0.0	0.0
chr1	243185995	243186716	2307728	2307740	Oligodend	chr1:243185995-243186716	U	0.0	0.0	0.0	0.0	0.0	0.0	0.001	0.0	0.0	0.009	0.0	0.09	0.0	0.003	0.0	0.066	0.0	0.0	0.0	0.0	0.007	0.0	0.0	0.0	0.006	0.0	0.051	0.968	0.0	0.0	0.0	0.0	0.0	0.0	0.0	0.0	0.0	0.0	0.0	0.0
chr1	244369327	244369592	2320015	2320024	Bone-Osteob	chr1:244369327-244369592	U	0.037	0.0	0.0	0.006	0.0	0.0	0.0	0.952	0.045	0.019	0.003	0.0	0.088	0.025	0.04	0.104	0.0	0.0	0.0	0.056	0.005	0.129	0.0	0.003	0.015	0.026	0.0	0.0	0.0	0.01	0.009	0.0	0.0	0.0	0.0	0.02	0.075	0.007	0.05	0.0
chr1	244660421	244660516	2322893	2322900	Lung-Ep-Alveo	chr1:244660421-244660516	U	0.0	0.0	0.0	0.0	0.004	0.0	0.0	0.0	0.0	0.0	0.0	0.0	0.0	0.005	0.0	0.014	0.0	0.0	0.0	0.0	0.0	0.0	0.0	0.0	0.879	0.0	0.029	0.006	0.0	0.0	0.0	0.0	0.0	0.0	0.0	0.0	0.013	0.0	0.0	0.0
chr1	248844497	248844656	2373648	2373655	Head-Neck-Ep	chr1:248844497-248844656	U	0.036	0.0	0.0	0.0	0.0	0.0	0.0	0.0	0.008	0.0	0.0	0.0	0.0	0.009	0.0	0.02	0.0	0.0	0.0	0.807	0.0	0.0	0.0	0.0	0.0	0.015	0.0	0.0	0.0	0.006	0.0	0.0	0.0	0.0	0.0	0.0	0.0	0.0	0.0	0.0
chr2	426239	426313	2380780	2380787	Blood-NK	chr2:426239-426313	U	0.0	0.0	0.007	0.0	0.005	0.863	0.063	0.0	0.0	0.0	0.0	0.0	0.0	0.0	0.0	0.058	0.0	0.0	0.0	0.0	0.0	0.054	0.0	0.0	0.0	0.007	0.0	0.0	0.017	0.0	0.022	0.0	0.01	0.0	0.0	0.0	0.0	0.0	0.027	0.011
chr2	5499985	5500156	2448643	2448648	Fallopian-Ep	chr2:5499985-5500156	U	0.053	0.024	0.0	0.0	0.0	0.0	0.05	0.111	0.0	0.0	0.031	0.056	0.0	0.009	0.091	0.259	1.0	0.0	0.0	0.033	0.0	0.167	0.0	0.081	0.0	0.0	0.0	0.0	0.108	0.058	0.071	0.037	0.0	0.0	0.0	0.0	0.036	0.0	0.172	0.0
chr2	6915340	6915897	2461683	2461689	Oligodend	chr2:6915340-6915897	U	0.0	0.0	0.0	0.0	0.016	0.0	0.0	0.0	0.0	0.0	0.0	0.118	0.0	0.008	0.0	0.0	0.0	0.0	0.0	0.0	0.0	0.0	0.0	0.0	0.0	0.036	0.119	1.0	0.0	0.0	0.0	0.0	0.0	0.0	0.0	0.0	0.0	0.0	0.1	0.0
chr2	8425851	8426047	2475653	2475659	Blood-NK	chr2:8425851-8426047	U	0.0	0.0	0.057	0.0	0.0	0.958	0.186	0.0	0.0	0.0	0.0	0.062	0.0	0.01	0.0	0.093	0.0	0.0	0.0	0.007	0.018	0.0	0.01	0.023	0.0	0.0	0.0	0.0	0.0	0.0	0.026	0.0	0.0	0.0	0.0	0.0	0.0	0.0	0.111	0.0
chr2	9279433	9279619	2487260	2487266	Pancreas-Delta	chr2:9279433-9279619	U	0.0	0.015	0.085	0.026	0.05	0.045	0.043	0.0	0.0	0.0	0.021	0.078	0.0	0.099	0.0	0.301	0.0	0.0	0.007	0.017	0.0	0.0	0.022	0.006	0.008	0.057	0.052	0.0	0.0	0.03	0.259	0.017	0.947	0.014	0.0	0.0	0.0	0.009	0.0	0.0
chr2	9635948	9636421	2492460	2492466	Breast-Luminal-Ep	chr2:9635948-9636421	U	0.01	0.136	0.0	0.0	0.003	0.0	0.0	0.056	0.125	0.99	0.0	0.015	0.0	0.003	0.071	0.215	0.011	0.0	0.009	0.0	0.008	0.0	0.0	0.0	0.0	0.009	0.107	0.041	0.0	0.007	0.028	0.036	0.0	0.0	0.0	0.292	0.0	0.0	0.0	0.0
chr2	10815211	10815355	2513389	2513394	Adipocytes	chr2:10815211-10815355	U	0.543	0.066	0.02	0.0	0.0	0.0	0.0	0.067	0.0	0.0	0.021	0.044	0.214	0.221	0.0	0.143	0.0	0.0	0.0	0.036	0.0	0.022	0.016	0.025	0.0	0.0	0.068	0.0	0.0	0.0	0.0	0.0	0.0	0.0	0.0	0.0	0.0	0.0	0.033	0.0
chr2	11777144	11777304	2527365	2527372	Skeletal-Musc	chr2:11777144-11777304	U	0.064	0.012	0.0	0.0	0.0	0.0	0.0	0.057	0.0	0.0	0.0	0.081	0.043	0.055	0.0	0.07	0.0	0.0	0.0	0.047	0.007	0.025	0.003	0.0	0.01	0.006	0.041	0.025	0.088	0.007	0.0	0.009	0.0	0.0	0.0	0.006	0.657	0.0	0.067	0.0
chr2	15546684	15547680	2554433	2554442	Epid-Kerat	chr2:15546684-15547680	U	0.0	0.0	0.0	0.0	0.0	0.0	0.0	0.0	0.0	0.0	0.0	0.0	0.0	0.0	1.0	0.0	0.0	0.0	0.0	0.0	0.0	0.0	0.019	0.0	0.0	0.0	0.0	0.0	0.0	0.0	0.0	0.0	0.0	0.0	0.0	0.043	0.0	0.0	0.0	0.0
chr2	17680961	17681715	2572982	2572989	Gastric-Ep	chr2:17680961-17681715	U	0.0	0.0	0.0	0.0	0.004	0.0	0.0	0.0	0.0	0.0	0.0	0.0	0.0	0.0	0.0	0.04	0.0	0.0	0.949	0.0	0.0	0.0	0.0	0.0	0.051	0.0	0.0	0.015	0.0	0.0	0.0	0.0	0.0	0.0	0.0	0.0	0.0	0.0	0.0	0.0
chr2	25245886	25246245	2642523	2642539	Gallbladder	chr2:25245886-25246245	U	0.0	0.0	0.003	0.0	0.0	0.0	0.001	0.0	0.062	0.0	0.001	0.0	0.0	0.001	0.013	0.063	0.0	0.987	0.0	0.004	0.005	0.007	0.0	0.0	0.0	0.0	0.037	0.0	0.0	0.003	0.0	0.0	0.0	0.004	0.0	0.0	0.0	0.0	0.002	0.0
chr2	27210323	27210588	2671508	2671518	Breast-Luminal-Ep	chr2:27210323-27210588	U	0.007	0.015	0.005	0.007	0.002	0.0	0.006	0.0	0.105	0.877	0.009	0.009	0.0	0.003	0.0	0.007	0.009	0.0	0.002	0.013	0.006	0.0	0.006	0.003	0.0	0.005	0.02	0.0	0.0	0.0	0.014	0.008	0.0	0.0	0.0	0.011	0.01	0.0	0.0	0.0
chr2	32831167	32831800	2729955	2729961	Heart-Fibro	chr2:32831167-32831800	U	0.0	0.0	0.0	0.0	0.0	0.0	0.0	0.0	0.0	0.0	0.0	0.0	0.0	0.0	0.0	0.0	0.0	0.0	0.0	0.0	0.0	0.889	0.059	0.0	0.0	0.0	0.0	0.0	0.0	0.0	0.0	0.0	0.0	0.0	0.0	0.0	0.0	0.0	0.083	0.0
chr2	36891382	36892017	2761339	2761345	Gastric-Ep	chr2:36891382-36892017	U	0.0	0.0	0.0	0.0	0.003	0.0	0.0	0.0	0.0	0.0	0.061	0.0	0.0	0.0	0.0	0.111	0.0	0.0	0.984	0.006	0.0	0.0	0.0	0.0	0.0	0.0	0.004	0.051	0.0	0.0	0.0	0.0	0.0	0.0	0.0	0.0	0.0	0.0	0.017	0.0
chr2	38788846	38789097	2781207	2781215	Kidney-Ep	chr2:38788846-38789097	U	0.0	0.0	0.0	0.0	0.0	0.0	0.0	0.068	0.0	0.0	0.0	0.0	0.0	0.007	0.0	0.092	0.0	0.0	0.0	0.0	0.0	0.0	0.847	0.0	0.0	0.0	0.0	0.0	0.065	0.011	0.0	0.0	0.0	0.0	0.0	0.0	0.0	0.0	0.0	0.0
chr2	39149425	39149620	2784976	2784981	Small-Int-Ep	chr2:39149425-39149620	U	0.0	0.0	0.0	0.0	0.0	0.0	0.004	0.0	0.0	0.0	0.04	0.017	0.0	0.0	0.0	0.022	0.0	0.0	0.0	0.0	0.0	0.011	0.0	0.0	0.0	0.0	0.0	0.0	0.011	0.0	0.0	0.0	0.015	0.0	0.0	0.0	0.021	0.874	0.0	0.0
chr2	43186150	43186577	2820405	2820412	Thyroid-Ep	chr2:43186150-43186577	U	0.032	0.03	0.007	0.0	0.0	0.0	0.0	0.0	0.009	0.0	0.0	0.0	0.0	0.006	0.025	0.007	0.0	0.0	0.0	0.0	0.0	0.0	0.004	0.0	0.04	0.016	0.0	0.0	0.018	0.0	0.0	0.0	0.0	0.0	0.0	0.0	0.0	0.006	0.012	0.96
chr2	46803550	46803628	2857313	2857320	Neuron	chr2:46803550-46803628	U	0.0	0.0	0.0	0.0	0.0	0.0	0.002	0.02	0.0	0.0	0.0	0.0	0.026	0.001	0.0	0.041	0.0	0.0	0.0	0.006	0.065	0.0	0.0	0.0	0.0	0.0	0.788	0.011	0.007	0.0	0.0	0.0	0.0	0.0	0.0	0.0	0.021	0.0	0.0	0.007
chr2	48509219	48509630	2876440	2876446	Bladder-Ep	chr2:48509219-48509630	U	0.0	0.963	0.0	0.0	0.018	0.0	0.0	0.0	0.0	0.0	0.059	0.0	0.0	0.06	0.0	0.067	0.0	0.0	0.0	0.115	0.0	0.087	0.0	0.0	0.0	0.071	0.0	0.0	0.0	0.0	0.0	0.0	0.0	0.0	0.0	0.25	0.0	0.059	0.0	0.0
chr2	49229752	49229816	2881677	2881683	Megakaryocytes	chr2:49229752-49229816	U	0.063	0.016	0.011	0.0	0.01	0.0	0.003	0.0	0.0	0.019	0.018	0.0	0.0	0.011	0.0	0.086	0.015	0.0	0.008	0.015	0.006	0.029	0.009	0.028	0.017	0.016	0.01	0.0	0.007	0.011	0.0	0.01	0.0	0.0	0.903	0.0	0.0	0.013	0.041	0.007
chr2	53897823	53899128	2910616	2910625	Gallbladder	chr2:53897823-53899128	U	0.0	0.0	0.0	0.0	0.0	0.0	0.0	0.0	0.0	0.0	0.0	0.0	0.0	0.0	0.0	0.016	0.0	1.0	0.003	0.003	0.0	0.0	0.0	0.011	0.0	0.009	0.0	0.0	0.0	0.0	0.0	0.0	0.054	0.02	0.0	0.0	0.0	0.0	0.0	0.0
chr2	64754165	64754279	3000534	3000539	Blood-Mono+Macro	chr2:64754165-64754279	U	0.069	0.008	0.028	0.122	0.795	0.0	0.005	0.023	0.011	0.034	0.007	0.05	0.0	0.009	0.043	0.095	0.0	0.0	0.015	0.0	0.008	0.025	0.008	0.026	0.0	0.0	0.01	0.026	0.0	0.038	0.0	0.014	0.0	0.0	0.0	0.0	0.068	0.006	0.0	0.012
chr2	65023994	65024093	3003681	3003687	Head-Neck-Ep	chr2:65023994-65024093	U	0.0	0.0	0.0	0.0	0.003	0.0	0.0	0.0	0.0	0.0	0.0	0.0	0.0	0.001	0.107	0.0	0.0	0.0	0.003	0.831	0.0	0.0	0.0	0.0	0.006	0.033	0.015	0.0	0.0	0.0	0.0	0.0	0.0	0.0	0.0	0.068	0.0	0.0	0.0	0.0
chr2	69712883	69713765	3042436	3042445	Epid-Kerat	chr2:69712883-69713765	U	0.0	0.0	0.0	0.0	0.0	0.0	0.001	0.0	0.0	0.0	0.003	0.037	0.0	0.001	0.963	0.162	0.0	0.0	0.0	0.01	0.0	0.007	0.105	0.0	0.085	0.0	0.0	0.0	0.0	0.005	0.0	0.0	0.0	0.013	0.0	0.006	0.0	0.0	0.009	0.0
chr2	69977507	69977600	3045426	3045431	Blood-Granul	chr2:69977507-69977600	U	0.026	0.0	0.0	0.942	0.041	0.0	0.0	0.0	0.0	0.0	0.0	0.045	0.0	0.002	0.0	0.078	0.0	0.0	0.003	0.003	0.0	0.008	0.0	0.01	0.007	0.0	0.0	0.0	0.0	0.007	0.0	0.0	0.0	0.0	0.0	0.0	0.062	0.0	0.013	0.0
chr2	71817042	71817315	3068057	3068063	Dermal-Fibro	chr2:71817042-71817315	U	0.216	0.0	0.0	0.019	0.016	0.0	0.0	0.0	0.019	0.0	0.011	0.023	1.0	0.023	0.0	0.245	0.0	0.0	0.005	0.014	0.0	0.417	0.0	0.0	0.0	0.0	0.0	0.0	0.0	0.0	0.0	0.0	0.0	0.0	0.0	0.0	0.087	0.0	0.181	0.0
chr2	73894625	73895137	3088680	3088687	Breast-Basal-Ep	chr2:73894625-73895137	U	0.019	0.011	0.0	0.0	0.0	0.0	0.0	0.0	0.929	0.019	0.0	0.065	0.0	0.018	0.0	0.107	0.0	0.0	0.0	0.0	0.0	0.0	0.0	0.0	0.051	0.0	0.0	0.0	0.0	0.015	0.0	0.0	0.0	0.0	0.0	0.0	0.0	0.0	0.028	0.0
chr2	73976499	73976681	3089567	3089572	Eryth-prog	chr2:73976499-73976681	U	0.0	0.0	0.0	0.0	0.005	0.0	0.006	0.0	0.0	0.0	0.0	0.0	0.0	0.0	0.0	0.982	0.0	0.0	0.0	0.012	0.0	0.0	0.0	0.0	0.0	0.0	0.0	0.0	0.0	0.0	0.024	0.0	0.0	0.0	0.0	0.0	0.034	0.0	0.0	0.0
chr2	74096401	74096596	3091376	3091381	Colon-Ep	chr2:74096401-74096596	U	0.0	0.0	0.0	0.0	0.012	0.0	0.0	0.0	0.0	0.0	0.967	0.026	0.0	0.0	0.0	0.0	0.0	0.0	0.014	0.0	0.0	0.008	0.0	0.004	0.025	0.008	0.0	0.0	0.009	0.007	0.0	0.0	0.0	0.0	0.0	0.014	0.0	0.08	0.0	0.0
chr2	85663408	85663936	3176629	3176653	Lung-Ep-Alveo	chr2:85663408-85663936	U	0.0	0.0	0.0	0.0	0.003	0.0	0.001	0.0	0.0	0.0	0.0	0.0	0.0	0.001	0.0	0.056	0.012	0.016	0.0	0.001	0.0	0.004	0.001	0.0	0.888	0.003	0.009	0.0	0.01	0.003	0.0	0.0	0.0	0.004	0.0	0.0	0.0	0.0	0.0	0.0
chr2	87539075	87539367	3198355	3198361	Prostate-Ep	chr2:87539075-87539367	U	0.0	0.149	0.008	0.08	0.007	0.011	0.045	0.0	0.053	0.0	0.011	0.017	0.0	0.0	0.067	0.023	0.0	0.0	0.013	0.091	0.0	0.0	0.01	0.0	0.023	0.0	0.0	0.0	0.0	0.0	0.017	0.0	0.0	0.0	0.0	0.76	0.0	0.0	0.0	0.0
chr2	96414723	96414858	3281351	3281359	Lung-Ep-Bron	chr2:96414723-96414858	U	0.0	0.0	0.0	0.0	0.002	0.0	0.0	0.0	0.006	0.114	0.0	0.009	0.0	0.004	0.018	0.113	0.007	0.0	0.004	0.025	0.005	0.101	0.003	0.0	0.023	0.915	0.15	0.0	0.017	0.0	0.0	0.0	0.0	0.006	0.0	0.0	0.108	0.0	0.036	0.016
chr2	96483493	96483808	3282028	3282034	Megakaryocytes	chr2:96483493-96483808	U	0.0	0.0	0.0	0.0	0.0	0.0	0.001	0.0	0.0	0.0	0.0	0.0	0.0	0.001	0.0	0.013	0.0	0.0	0.0	0.0	0.0	0.0	0.0	0.0	0.0	0.0	0.0	0.0	0.0	0.0	0.0	0.0	0.0	0.0	0.778	0.0	0.0	0.0	0.0	0.01
chr2	96504355	96504873	3282317	3282334	Pancreas-Duct	chr2:96504355-96504873	U	0.0	0.0	0.0	0.0	0.007	0.0	0.001	0.0	0.0	0.008	0.0	0.0	0.023	0.007	0.0	0.018	0.0	0.0	0.0	0.01	0.0	0.005	0.052	0.0	0.003	0.013	0.004	0.005	0.005	0.022	0.0	0.0	0.007	0.778	0.0	0.0	0.0	0.0	0.012	0.0
chr2	96639549	96639805	3284338	3284347	Lung-Ep-Alveo	chr2:96639549-96639805	U	0.02	0.0	0.0	0.0	0.002	0.0	0.0	0.026	0.0	0.0	0.006	0.0	0.0	0.0	0.0	0.024	0.0	0.0	0.0	0.002	0.0	0.0	0.0	0.0	0.931	0.107	0.0	0.006	0.0	0.009	0.0	0.0	0.0	0.0	0.0	0.0	0.0	0.0	0.0	0.0
chr2	98685874	98686174	3308351	3308357	Kidney-Ep	chr2:98685874-98686174	U	0.0	0.0	0.0	0.0	0.0	0.0	0.0	0.188	0.0	0.0	0.0	0.0	0.0	0.013	0.0	0.15	0.0	0.0	0.0	0.0	0.0	0.139	0.884	0.014	0.0	0.0	0.048	0.0	0.05	0.0	0.0	0.0	0.0	0.0	0.0	0.0	0.0	0.017	0.1	0.0
chr2	98770756	98770863	3309397	3309404	Blood-T	chr2:98770756-98770863	U	0.021	0.019	0.014	0.009	0.093	0.102	0.884	0.091	0.0	0.0	0.009	0.08	0.0	0.009	0.0	0.058	0.0	0.0	0.003	0.012	0.0	0.0	0.019	0.005	0.019	0.007	0.019	0.016	0.009	0.0	0.01	0.013	0.014	0.0	0.0	0.0	0.03	0.007	0.021	0.0
chr2	98793056	98793134	3309641	3309646	Pancreas-Duct	chr2:98793056-98793134	U	0.0	0.033	0.0	0.0	0.009	0.0	0.0	0.179	0.0	0.045	0.0	0.0	0.0	0.003	0.062	0.237	0.0	0.179	0.006	0.061	0.0	0.049	0.0	0.0	0.074	0.0	0.0	0.0	0.0	0.026	0.0	0.016	0.015	0.956	0.0	0.015	0.049	0.007	0.088	0.0
chr2	99597248	99597759	3318420	3318427	Bone-Osteob	chr2:99597248-99597759	U	0.0	0.026	0.0	0.05	0.0	0.0	0.0	1.0	0.118	0.0	0.0	0.0	0.0	0.074	0.0	0.105	0.0	0.0	0.0	0.0	0.0	0.04	0.05	0.0	0.0	0.0	0.044	0.0	0.0	0.065	0.0	0.0	0.0	0.0	0.0	0.032	0.067	0.0	0.037	0.0
chr2	99597874	99598135	3318429	3318435	Bone-Osteob	chr2:99597874-99598135	U	0.013	0.034	0.0	0.0	0.0	0.0	0.017	0.97	0.0	0.0	0.011	0.016	0.0	0.043	0.033	0.175	0.0	0.0	0.0	0.012	0.0	0.021	0.024	0.0	0.029	0.01	0.084	0.01	0.037	0.101	0.012	0.014	0.015	0.0	0.0	0.01	0.095	0.008	0.105	0.015
chr2	99785778	99785969	3320362	3320369	Blood-Mono+Macro	chr2:99785778-99785969	U	0.219	0.01	0.005	0.056	0.867	0.033	0.008	0.196	0.0	0.0	0.003	0.01	0.0	0.018	0.0	0.171	0.0	0.0	0.005	0.036	0.056	0.019	0.046	0.196	0.106	0.013	0.02	0.013	0.0	0.038	0.0	0.009	0.0	0.008	0.0	0.0	0.09	0.0	0.042	0.069
chr2	100931719	100931879	3332969	3332977	Fallopian-Ep	chr2:100931719-100931879	U	0.0	0.0	0.005	0.0	0.0	0.009	0.003	0.0	0.0	0.0	0.0	0.0	0.0	0.0	0.0	0.072	0.938	0.0	0.002	0.049	0.0	0.0	0.0	0.0	0.0	0.0	0.0	0.0	0.029	0.006	0.0	0.0	0.0	0.0	0.0	0.0	0.017	0.0	0.0	0.0
chr2	102111333	102111434	3347339	3347344	Pancreas-Duct	chr2:102111333-102111434	U	0.0	0.0	0.063	0.0	0.009	0.025	0.047	0.0	0.0	0.0	0.0	0.04	0.0	0.027	0.0	0.124	0.018	0.0	0.104	0.003	0.009	0.019	0.0	0.083	0.057	0.0	0.047	0.0	0.073	0.146	0.02	0.0	0.0	0.917	0.0	0.01	0.2	0.014	0.007	0.0
chr2	102478950	102479443	3350470	3350496	Gastric-Ep	chr2:102478950-102479443	U	0.006	0.0	0.063	0.0	0.015	0.004	0.011	0.0	0.0	0.0	0.001	0.065	0.011	0.009	0.01	0.067	0.0	0.0	0.977	0.001	0.0	0.01	0.027	0.0	0.0	0.0	0.0	0.0	0.0	0.009	0.004	0.008	0.0	0.0	0.0	0.0	0.0	0.0	0.015	0.0
chr2	106145298	106145719	3383177	3383188	Megakaryocytes	chr2:106145298-106145719	U	0.006	0.0	0.048	0.0	0.005	0.016	0.036	0.019	0.0	0.0	0.0	0.071	0.0	0.017	0.0	0.005	0.0	0.0	0.0	0.0	0.0	0.0	0.0	0.003	0.0	0.0	0.0	0.0	0.0	0.0	0.0	0.0	0.0	0.0	1.0	0.0	0.009	0.0	0.0	0.0
chr2	110650292	110650791	3430203	3430210	Oligodend	chr2:110650292-110650791	U	0.0	0.0	0.0	0.0	0.0	0.0	0.0	0.0	0.0	0.0	0.0	0.0	0.0	0.0	0.0	0.059	0.0	0.0	0.0	0.0	0.0	0.0	0.0	0.0	0.0	0.0	0.033	0.935	0.0	0.0	0.0	0.0	0.0	0.0	0.0	0.0	0.0	0.0	0.018	0.0
chr2	114732754	114733832	3472383	3472390	Smooth-Musc	chr2:114732754-114733832	U	0.0	0.0	0.056	0.0	0.0	0.0	0.05	0.333	0.0	0.071	0.0	0.053	0.1	0.095	0.0	0.2	0.0	0.0	0.086	0.089	0.0	0.36	0.0	0.029	0.0	0.0	0.102	0.0	0.0	0.0	0.053	0.05	0.0	0.053	0.0	0.048	0.0	0.023	0.69	0.0
chr2	119222962	119223346	3505291	3505306	Liver-Hep	chr2:119222962-119223346	U	0.0	0.0	0.0	0.0	0.005	0.006	0.001	0.0	0.006	0.006	0.005	0.007	0.017	0.004	0.0	0.032	0.0	0.023	0.0	0.001	0.0	0.005	0.011	0.933	0.0	0.014	0.003	0.005	0.005	0.022	0.0	0.0	0.0	0.0	0.0	0.0	0.01	0.003	0.011	0.0
chr2	119257262	119257500	3505880	3505886	Heart-Cardio	chr2:119257262-119257500	U	0.0	0.013	0.0	0.018	0.004	0.0	0.003	0.0	0.0	0.0	0.0	0.0	0.0	0.0	0.0	0.013	0.0	0.0	0.0	0.0	0.982	0.0	0.0	0.0	0.0	0.0	0.073	0.0	0.0	0.0	0.022	0.0	0.0	0.0	0.0	0.0	0.0	0.0	0.0	0.0
chr2	119928547	119929053	3513003	3513011	Blood-NK	chr2:119928547-119929053	U	0.01	0.0	0.005	0.0	0.0	0.879	0.031	0.0	0.008	0.0	0.0	0.015	0.0	0.0	0.0	0.034	0.0	0.0	0.002	0.002	0.0	0.0	0.0	0.004	0.0	0.0	0.0	0.0	0.0	0.0	0.0	0.0	0.0	0.0	0.0	0.0	0.0	0.005	0.012	0.0
chr2	127659385	127659474	3584609	3584614	Endothel	chr2:127659385-127659474	U	0.248	0.008	0.0	0.0	0.03	0.0	0.002	0.037	0.011	0.0	0.0	0.121	0.0	0.685	0.0	0.057	0.0	0.0	0.004	0.012	0.148	0.0	0.009	0.027	0.0	0.0	0.008	0.0	0.011	0.008	0.013	0.0	0.0	0.01	0.0	0.0	0.071	0.0	0.0	0.0
chr2	130274639	130275244	3616476	3616485	Megakaryocytes	chr2:130274639-130275244	U	0.0	0.008	0.018	0.0	0.0	0.0	0.009	0.184	0.0	0.0	0.01	0.018	0.0	0.015	0.0	0.161	0.022	0.095	0.015	0.003	0.0	0.118	0.017	0.015	0.0	0.0	0.004	0.008	0.0	0.063	0.0	0.037	0.051	0.0	0.953	0.008	0.0	0.0	0.079	0.0
chr2	131058964	131059491	3628403	3628411	Oligodend	chr2:131058964-131059491	U	0.0	0.0	0.0	0.0	0.0	0.0	0.0	0.0	0.0	0.023	0.0	0.034	0.0	0.0	0.0	0.0	0.0	0.0	0.0	0.01	0.0	0.0	0.0	0.009	0.0	0.0	0.031	1.0	0.0	0.0	0.0	0.0	0.0	0.0	0.0	0.0	0.0	0.0	0.0	0.0
chr2	134518496	134518579	3661125	3661130	Bladder-Ep	chr2:134518496-134518579	U	0.0	0.907	0.0	0.0	0.0	0.0	0.0	0.0	0.0	0.011	0.013	0.0	0.0	0.003	0.077	0.133	0.0	0.0	0.0	0.0	0.0	0.034	0.0	0.0	0.0	0.0	0.006	0.0	0.0	0.0	0.0	0.0	0.0	0.0	0.0	0.128	0.016	0.0	0.058	0.0
chr2	162141929	162142077	3847468	3847473	Pancreas-Alpha	chr2:162141929-162142077	U	0.0	0.019	0.0	0.0	0.01	0.0	0.027	0.029	0.0	0.0	0.0	0.028	0.0	0.005	0.0	0.18	0.009	0.0	0.006	0.012	0.0	0.047	0.004	0.0	0.0	0.0	0.0	0.0	0.0	0.107	0.939	0.024	0.0	0.027	0.0	0.0	0.0	0.0	0.072	0.0
chr2	162206413	162206847	3847916	3847922	Pancreas-Alpha	chr2:162206413-162206847	U	0.0	0.031	0.0	0.0	0.004	0.061	0.0	0.0	0.0	0.0	0.051	0.0	0.0	0.007	0.0	0.181	0.0	0.0	0.019	0.008	0.0	0.0	0.0	0.013	0.01	0.0	0.0	0.013	0.0	0.022	0.973	0.018	0.015	0.012	0.0	0.0	0.0	0.019	0.0	0.0
chr2	178767781	178767893	3980543	3980548	Skeletal-Musc	chr2:178767781-178767893	U	0.0	0.0	0.0	0.0	0.007	0.0	0.014	0.033	0.0	0.0	0.017	0.0	0.042	0.01	0.0	0.282	0.0	0.0	0.007	0.031	0.072	0.065	0.005	0.11	0.009	0.01	0.026	0.0	0.0	0.261	0.0	0.0	0.0	0.0	0.0	0.0	0.8	0.009	0.033	0.0
chr2	181365363	181365493	3995805	3995812	Ovary-Ep	chr2:181365363-181365493	U	0.0	0.007	0.0	0.0	0.015	0.0	0.003	0.026	0.008	0.0	0.014	0.0	0.0	0.0	0.0	0.014	0.114	0.0	0.011	0.01	0.0	0.0	0.007	0.032	0.0	0.0	0.006	0.008	0.769	0.024	0.01	0.0	0.0	0.0	0.0	0.0	0.0	0.012	0.043	0.012
chr2	181899009	181899874	3999432	3999441	Pancreas-Acinar	chr2:181899009-181899874	U	0.0	0.0	0.0	0.0	0.0	0.0	0.0	0.0	0.0	0.0	0.0	0.0	0.0	0.0	0.0	0.043	0.0	0.0	0.014	0.011	0.0	0.0	0.0	0.0	0.0	0.0	0.0	0.0	0.0	0.958	0.0	0.0	0.0	0.0	0.0	0.0	0.0	0.0	0.0	0.0
chr2	189669640	189670173	4044486	4044493	Liver-Hep	chr2:189669640-189670173	U	0.0	0.0	0.0	0.0	0.0	0.0	0.0	0.0	0.0	0.0	0.0	0.0	0.0	0.0	0.0	0.024	0.0	0.0	0.0	0.0	0.0	0.0	0.0	0.966	0.0	0.0	0.0	0.0	0.0	0.0	0.0	0.0	0.0	0.0	0.0	0.0	0.0	0.01	0.0	0.0
chr2	190787246	190787818	4053130	4053135	Epid-Kerat	chr2:190787246-190787818	U	0.0	0.0	0.0	0.0	0.0	0.0	0.0	0.0	0.029	0.059	0.022	0.0	0.0	0.0	0.938	0.118	0.031	0.0	0.0	0.037	0.0	0.0	0.062	0.0	0.079	0.017	0.018	0.0	0.023	0.0	0.0	0.0	0.0	0.0	0.0	0.043	0.0	0.0	0.0	0.0
chr2	202289406	202290024	4138999	4139007	Lung-Ep-Alveo	chr2:202289406-202290024	U	0.0	0.006	0.0	0.0	0.005	0.0	0.0	0.029	0.016	0.0	0.0	0.0	0.0	0.008	0.0	0.05	0.0	0.0	0.002	0.005	0.0	0.022	0.0	0.0	0.945	0.035	0.012	0.0	0.0	0.0	0.0	0.0	0.01	0.0	0.0	0.0	0.0	0.0	0.02	0.009
chr2	202664446	202664805	4144336	4144342	Kidney-Ep	chr2:202664446-202664805	U	0.0	0.0	0.215	0.0	0.01	0.0	0.0	0.0	0.0	0.0	0.0	0.055	0.0	0.02	0.0	0.174	0.0	0.0	0.0	0.028	0.0	0.0	0.919	0.0	0.0	0.0	0.0	0.0	0.0	0.0	0.0	0.0	0.0	0.0	0.0	0.0	0.0	0.0	0.0	0.029
chr2	208353736	208354580	4197051	4197058	Pancreas-Acinar	chr2:208353736-208354580	U	0.0	0.0	0.0	0.0	0.0	0.0	0.0	0.0	0.0	0.0	0.0	0.0	0.0	0.002	0.0	0.056	0.0	0.036	0.0	0.0	0.0	0.012	0.004	0.0	0.0	0.0	0.0	0.0	0.0	0.976	0.0	0.016	0.0	0.011	0.0	0.0	0.0	0.0	0.009	0.0
chr2	216148736	216149633	4248120	4248127	Fallopian-Ep	chr2:216148736-216149633	U	0.0	0.0	0.0	0.0	0.005	0.0	0.0	0.0	0.0	0.0	0.0	0.0	0.0	0.008	0.0	0.114	0.914	0.143	0.0	0.005	0.0	0.013	0.0	0.014	0.0	0.0	0.0	0.0	0.054	0.0	0.0	0.056	0.132	0.158	0.0	0.0	0.0	0.0	0.011	0.0
chr2	230520419	230520663	4378715	4378722	Liver-Hep	chr2:230520419-230520663	U	0.0	0.006	0.0	0.0	0.014	0.0	0.001	0.0	0.0	0.0	0.0	0.0	0.0	0.003	0.0	0.05	0.0	0.0	0.002	0.004	0.0	0.0	0.0	0.957	0.0	0.0	0.0	0.0	0.0	0.0	0.007	0.023	0.035	0.0	0.0	0.0	0.0	0.0	0.011	0.0
chr2	231398733	231399211	4390721	4390740	Gallbladder	chr2:231398733-231399211	U	0.0	0.0	0.0	0.0	0.001	0.0	0.008	0.012	0.0	0.0	0.017	0.007	0.0	0.0	0.0	0.013	0.0	1.0	0.003	0.005	0.003	0.0	0.002	0.0	0.0	0.0	0.004	0.006	0.0	0.069	0.0	0.0	0.0	0.004	0.0	0.0	0.0	0.002	0.0	0.0
chr2	231420007	231420070	4391173	4391180	Gastric-Ep	chr2:231420007-231420070	U	0.0	0.0	0.0	0.02	0.006	0.0	0.002	0.0	0.0	0.0	0.0	0.0	0.0	0.0	0.0	0.0	0.0	0.0	0.886	0.0	0.0	0.021	0.0	0.0	0.007	0.0	0.0	0.0	0.0	0.0	0.0	0.0	0.0	0.0	0.0	0.0	0.0	0.0	0.0	0.009
chr2	231528482	231528612	4393038	4393048	Blood-NK	chr2:231528482-231528612	U	0.0	0.005	0.0	0.042	0.007	0.93	0.022	0.0	0.006	0.0	0.003	0.021	0.0	0.014	0.024	0.09	0.0	0.0	0.0	0.0	0.0	0.006	0.005	0.006	0.0	0.0	0.015	0.042	0.0	0.018	0.007	0.0	0.0	0.0	0.0	0.0	0.11	0.0	0.005	0.0
chr2	231528706	231529106	4393049	4393059	Blood-NK	chr2:231528706-231529106	U	0.015	0.0	0.016	0.051	0.008	0.925	0.022	0.0	0.0	0.006	0.002	0.009	0.0	0.002	0.016	0.08	0.0	0.0	0.0	0.001	0.0	0.0	0.0	0.003	0.0	0.004	0.0	0.0	0.0	0.004	0.0	0.0	0.0	0.0	0.0	0.0	0.009	0.0	0.0	0.007
chr2	231688803	231688851	4396410	4396416	Skeletal-Musc	chr2:231688803-231688851	U	0.081	0.0	0.0	0.0	0.0	0.0	0.002	0.027	0.0	0.0	0.0	0.015	0.0	0.002	0.0	0.018	0.0	0.033	0.0	0.0	0.0	0.0	0.008	0.0	0.0	0.0	0.021	0.01	0.0	0.0	0.0	0.0	0.0	0.049	0.0	0.0	0.646	0.0	0.0	0.0
chr2	231748867	231749462	4397840	4397854	Prostate-Ep	chr2:231748867-231749462	U	0.019	0.018	0.003	0.0	0.001	0.036	0.103	0.0	0.0	0.0	0.019	0.023	0.0	0.0	0.0	0.111	0.0	0.0	0.003	0.0	0.0	0.0	0.002	0.0	0.007	0.015	0.0	0.0	0.0	0.0	0.005	0.0	0.0	0.0	0.0	0.707	0.0	0.0	0.003	0.0
chr2	232885203	232885330	4413907	4413913	Bladder-Ep	chr2:232885203-232885330	U	0.018	0.86	0.026	0.0	0.003	0.0	0.012	0.139	0.01	0.141	0.013	0.031	0.0	0.005	0.13	0.125	0.0	0.0	0.0	0.005	0.0	0.043	0.024	0.005	0.014	0.009	0.043	0.0	0.078	0.034	0.051	0.059	0.0	0.0	0.0	0.124	0.062	0.006	0.035	0.0
chr2	233122112	233122279	4417798	4417805	Breast-Luminal-Ep	chr2:233122112-233122279	U	0.01	0.052	0.008	0.0	0.006	0.0	0.0	0.024	0.072	0.888	0.013	0.016	0.0	0.006	0.16	0.022	0.0	0.0	0.039	0.097	0.0	0.073	0.012	0.004	0.041	0.036	0.004	0.0	0.025	0.114	0.047	0.013	0.099	0.038	0.0	0.053	0.033	0.063	0.103	0.045
chr2	233242913	233243096	4419647	4419654	Blood-Mono+Macro	chr2:233242913-233243096	U	0.082	0.006	0.007	0.065	0.827	0.012	0.007	0.0	0.0	0.028	0.0	0.009	0.026	0.007	0.0	0.014	0.043	0.0	0.008	0.005	0.007	0.023	0.014	0.038	0.012	0.0	0.011	0.0	0.0	0.006	0.021	0.0	0.0	0.0	0.0	0.0	0.042	0.0	0.006	0.0
chr2	234435617	234435688	4433435	4433441	Endothel	chr2:234435617-234435688	U	0.333	0.015	0.014	0.0	0.022	0.0	0.0	0.0	0.117	0.043	0.02	0.074	0.0	0.675	0.036	0.235	0.019	0.0	0.011	0.014	0.041	0.068	0.041	0.015	0.021	0.0	0.24	0.007	0.033	0.023	0.025	0.011	0.0	0.01	0.0	0.007	0.141	0.02	0.091	0.068
chr2	234985690	234986026	4439989	4440003	Small-Int-Ep	chr2:234985690-234986026	U	0.0	0.0	0.009	0.0	0.008	0.005	0.012	0.0	0.0	0.0	0.082	0.015	0.0	0.001	0.0	0.116	0.0	0.0	0.009	0.002	0.003	0.0	0.0	0.002	0.0	0.003	0.0	0.0	0.0	0.008	0.005	0.0	0.0	0.0	0.0	0.014	0.006	0.944	0.0	0.0
chr2	235515473	235515719	4447262	4447269	Breast-Luminal-Ep	chr2:235515473-235515719	U	0.0	0.147	0.005	0.0	0.013	0.0	0.019	0.0	0.058	0.984	0.106	0.025	0.018	0.005	0.0	0.159	0.0	0.0	0.013	0.089	0.005	0.028	0.0	0.003	0.0	0.053	0.015	0.048	0.0	0.0	0.13	0.0	0.031	0.0	0.059	0.155	0.008	0.0	0.004	0.0
chr2	238044041	238044241	4484714	4484720	Pancreas-Acinar	chr2:238044041-238044241	U	0.0	0.0	0.0	0.0	0.0	0.0	0.005	0.0	0.0	0.0	0.0	0.0	0.0	0.002	0.0	0.024	0.0	0.0	0.0	0.0	0.0	0.0	0.0	0.0	0.0	0.0	0.005	0.0	0.0	0.942	0.0	0.0	0.019	0.027	0.0	0.0	0.0	0.0	0.0	0.0
chr2	238165545	238166068	4487652	4487665	Thyroid-Ep	chr2:238165545-238166068	U	0.004	0.018	0.0	0.0	0.0	0.0	0.001	0.0	0.0	0.0	0.0	0.0	0.0	0.0	0.0	0.031	0.0	0.0	0.001	0.001	0.0	0.0	0.02	0.0	0.0	0.003	0.005	0.0	0.0	0.0	0.005	0.019	0.0	0.0	0.0	0.0	0.0	0.0	0.0	0.943
chr2	238385217	238385308	4491796	4491805	Pancreas-Beta	chr2:238385217-238385308	U	0.0	0.0	0.0	0.0	0.0	0.0	0.0	0.0	0.0	0.0	0.0	0.0	0.0	0.0	0.0	0.01	0.0	0.0	0.0	0.0	0.0	0.0	0.0	0.0	0.0	0.0	0.0	0.0	0.0	0.0	0.011	0.974	0.01	0.0	0.0	0.0	0.0	0.0	0.007	0.0
chr2	239769786	239769919	4517221	4517227	Breast-Luminal-Ep	chr2:239769786-239769919	U	0.008	0.0	0.012	0.0	0.009	0.0	0.001	0.021	0.141	0.942	0.0	0.012	0.0	0.105	0.0	0.249	0.008	0.0	0.007	0.002	0.006	0.05	0.286	0.0	0.0	0.0	0.003	0.0	0.034	0.0	0.0	0.0	0.0	0.0	0.0	0.146	0.131	0.0	0.018	0.0
chr2	240818244	240818327	4537754	4537759	Neuron	chr2:240818244-240818327	U	0.034	0.01	0.0	0.0	0.0	0.0	0.002	0.0	0.0	0.0	0.117	0.017	0.059	0.018	0.0	0.21	0.0	0.043	0.012	0.035	0.0	0.041	0.01	0.006	0.0	0.01	0.92	0.228	0.026	0.154	0.09	0.258	0.09	0.0	0.0	0.0	0.026	0.183	0.02	0.0
chr2	241392710	241393272	4549704	4549712	Blood-B	chr2:241392710-241393272	U	0.0	0.0	1.0	0.0	0.037	0.0	0.004	0.0	0.02	0.0	0.0	0.182	0.0	0.021	0.0	0.051	0.0	0.0	0.012	0.005	0.0	0.0	0.0	0.0	0.0	0.0	0.0	0.0	0.0	0.0	0.0	0.0	0.0	0.0	0.0	0.0	0.0	0.0	0.0	0.0
chr2	241445809	241446490	4550359	4550369	Gallbladder	chr2:241445809-241446490	U	0.0	0.0	0.0	0.0	0.0	0.0	0.006	0.017	0.0	0.0	0.0	0.0	0.0	0.0	0.0	0.06	0.0	1.0	0.0	0.0	0.0	0.0	0.032	0.0	0.0	0.0	0.005	0.0	0.0	0.006	0.0	0.0	0.009	0.0	0.0	0.0	0.0	0.0	0.006	0.0
chr2	241795796	241795994	4559304	4559311	Colon-Ep	chr2:241795796-241795994	U	0.0	0.0	0.0	0.0	0.013	0.0	0.002	0.036	0.0	0.0	0.973	0.03	0.038	0.0	0.0	0.09	0.0	0.0	0.007	0.0	0.0	0.035	0.005	0.0	0.0	0.0	0.0	0.0	0.011	0.0	0.0	0.016	0.0	0.0	0.0	0.0	0.0	0.0	0.011	0.0
chr3	8646159	8646544	4632577	4632584	Pancreas-Alpha	chr3:8646159-8646544	U	0.02	0.036	0.006	0.008	0.01	0.0	0.005	0.0	0.0	0.0	0.008	0.052	0.0	0.012	0.0	0.163	0.0	0.0	0.0	0.037	0.0	0.013	0.017	0.008	0.02	0.007	0.012	0.007	0.0	0.034	0.947	0.077	0.047	0.0	0.077	0.0	0.0	0.006	0.054	0.0
chr3	11271122	11271290	4667104	4667110	Blood-Granul	chr3:11271122-11271290	U	0.027	0.0	0.017	0.94	0.0	0.0	0.004	0.0	0.03	0.0	0.015	0.047	0.0	0.01	0.0	0.087	0.0	0.0	0.0	0.009	0.0	0.051	0.0	0.0	0.0	0.0	0.01	0.0	0.033	0.044	0.037	0.0	0.0	0.0	0.0	0.0	0.0	0.0	0.062	0.033
chr3	15451180	15451332	4722890	4722896	Blood-NK	chr3:15451180-15451332	U	0.0	0.0	0.0	0.0	0.002	0.95	0.016	0.0	0.009	0.0	0.0	0.014	0.0	0.0	0.0	0.093	0.0	0.0	0.002	0.0	0.0	0.0	0.0	0.004	0.0	0.0	0.0	0.0	0.007	0.0	0.0	0.0	0.012	0.0	0.0	0.0	0.0	0.006	0.0	0.0
chr3	17155052	17155274	4736877	4736885	Blood-NK	chr3:17155052-17155274	U	0.006	0.005	0.006	0.007	0.002	0.891	0.097	0.0	0.0	0.0	0.013	0.02	0.0	0.001	0.0	0.024	0.0	0.0	0.0	0.0	0.07	0.0	0.003	0.006	0.0	0.0	0.0	0.0	0.008	0.0	0.0	0.0	0.0	0.0	0.125	0.0	0.009	0.0	0.005	0.008
chr3	20126544	20126846	4756770	4756778	Blood-B	chr3:20126544-20126846	U	0.0	0.013	0.946	0.0	0.067	0.0	0.001	0.047	0.0	0.0	0.004	0.148	0.0	0.017	0.0	0.006	0.0	0.0	0.005	0.004	0.012	0.008	0.0	0.0	0.0	0.0	0.003	0.0	0.007	0.005	0.0	0.0	0.0	0.0	0.0	0.0	0.0	0.0	0.011	0.0
chr3	32339855	32339942	4840608	4840613	Pancreas-Alpha	chr3:32339855-32339942	U	0.0	0.0	0.0	0.0	0.0	0.0	0.002	0.0	0.0	0.0	0.009	0.015	0.0	0.0	0.0	0.085	0.0	0.16	0.055	0.003	0.0	0.011	0.098	0.0	0.0	0.0	0.007	0.01	0.01	0.0	0.963	0.218	0.042	0.011	0.0	0.0	0.0	0.043	0.014	0.029
chr3	38291205	38291582	4888706	4888714	Blood-Granul	chr3:38291205-38291582	U	0.029	0.0	0.008	0.973	0.057	0.022	0.02	0.0	0.019	0.0	0.009	0.0	0.0	0.017	0.0	0.132	0.0	0.065	0.003	0.011	0.009	0.043	0.004	0.013	0.074	0.01	0.004	0.0	0.0	0.017	0.013	0.014	0.021	0.017	0.143	0.0	0.122	0.0	0.021	0.0
chr3	47143900	47144006	4971899	4971908	Lung-Ep-Alveo	chr3:47143900-47144006	U	0.0	0.0	0.0	0.0	0.004	0.0	0.002	0.0	0.0	0.0	0.004	0.0	0.0	0.001	0.0	0.0	0.0	0.0	0.002	0.0	0.0	0.0	0.0	0.0	0.841	0.012	0.0	0.0	0.0	0.0	0.0	0.0	0.0	0.0	0.0	0.0	0.0	0.0	0.0	0.0
chr3	53210567	53210766	5063453	5063458	Bone-Osteob	chr3:53210567-53210766	U	0.0	0.0	0.0	0.0	0.0	0.0	0.014	1.0	0.0	0.0	0.0	0.0	0.0	0.007	0.0	0.105	0.0	0.0	0.0	0.022	0.0	0.038	0.0	0.0	0.0	0.0	0.0	0.0	0.0	0.0	0.0	0.0	0.0	0.0	0.0	0.04	0.0	0.0	0.0	0.0
chr3	53223941	53224385	5063628	5063636	Adipocytes	chr3:53223941-53224385	U	0.581	0.006	0.009	0.0	0.006	0.0	0.0	0.071	0.0	0.0	0.0	0.0	0.029	0.102	0.0	0.136	0.0	0.0	0.0	0.015	0.007	0.01	0.007	0.029	0.0	0.0	0.004	0.0	0.0	0.0	0.0	0.04	0.012	0.0	0.2	0.0	0.019	0.0	0.05	0.0
chr3	53750673	53751030	5069398	5069406	Heart-Fibro	chr3:53750673-53751030	U	0.0	0.005	0.034	0.0	0.002	0.009	0.003	0.039	0.0	0.0	0.004	0.026	0.0	0.067	0.0	0.162	0.0	0.0	0.002	0.0	0.046	0.897	0.003	0.0	0.0	0.0	0.003	0.0	0.0	0.008	0.0	0.0	0.0	0.0	0.0	0.0	0.051	0.0	0.139	0.0
chr3	55973874	55974313	5089447	5089455	Smooth-Musc	chr3:55973874-55974313	U	0.141	0.021	0.0	0.007	0.021	0.0	0.005	0.048	0.022	0.0	0.012	0.107	0.161	0.158	0.042	0.253	0.007	0.0	0.005	0.004	0.0	0.353	0.034	0.046	0.0	0.0	0.048	0.014	0.04	0.006	0.0	0.02	0.022	0.007	0.0	0.011	0.041	0.0	0.667	0.009
chr3	64022249	64022375	5158255	5158261	Pancreas-Acinar	chr3:64022249-64022375	U	0.0	0.0	0.0	0.0	0.002	0.0	0.005	0.0	0.051	0.018	0.0	0.0	0.0	0.004	0.0	0.028	0.008	0.027	0.006	0.002	0.0	0.008	0.0	0.0	0.0	0.007	0.002	0.0	0.0	0.964	0.0	0.009	0.008	0.041	0.0	0.0	0.0	0.0	0.0	0.018
chr3	71108626	71108720	5213408	5213413	Gallbladder	chr3:71108626-71108720	U	0.0	0.0	0.0	0.0	0.0	0.0	0.0	0.0	0.0	0.0	0.0	0.0	0.0	0.0	0.0	0.053	0.0	1.0	0.0	0.0	0.0	0.0	0.0	0.0	0.0	0.0	0.006	0.0	0.0	0.0	0.0	0.0	0.0	0.0	0.0	0.0	0.0	0.0	0.0	0.0
chr3	73033783	73033949	5234207	5234212	Fallopian-Ep	chr3:73033783-73033949	U	0.0	0.0	0.0	0.0	0.0	0.0	0.0	0.0	0.0	0.0	0.0	0.0	0.0	0.0	0.0	0.012	0.803	0.0	0.0	0.004	0.0	0.0	0.0	0.0	0.0	0.0	0.004	0.0	0.081	0.0	0.0	0.0	0.0	0.0	0.0	0.0	0.02	0.0	0.0	0.0
chr3	87248254	87248557	5328232	5328238	Thyroid-Ep	chr3:87248254-87248557	U	0.0	0.028	0.047	0.0	0.0	0.0	0.004	0.0	0.0	0.0	0.0	0.017	0.0	0.006	0.0	0.064	0.0	0.0	0.0	0.0	0.047	0.0	0.024	0.0	0.0	0.0	0.0	0.0	0.0	0.007	0.0	0.0	0.0	0.023	0.0	0.0	0.0	0.0	0.0	0.978
chr3	101484289	101484604	5442749	5442756	Heart-Fibro	chr3:101484289-101484604	U	0.0	0.0	0.0	0.0	0.0	0.0	0.0	0.053	0.0	0.0	0.0	0.13	0.0	0.032	0.0	0.042	0.0	0.0	0.019	0.005	0.0	0.846	0.0	0.0	0.0	0.0	0.024	0.0	0.0	0.0	0.0	0.0	0.0	0.0	0.0	0.0	0.0	0.013	0.127	0.0
chr3	113104582	113104732	5518231	5518236	Fallopian-Ep	chr3:113104582-113104732	U	0.0	0.012	0.0	0.0	0.005	0.0	0.003	0.143	0.032	0.0	0.0	0.0	0.0	0.003	0.043	0.2	0.984	0.056	0.011	0.011	0.0	0.018	0.014	0.0	0.0	0.0	0.02	0.015	0.14	0.0	0.0	0.0	0.0	0.048	0.0	0.0	0.029	0.0	0.033	0.0
chr3	123948366	123948720	5599447	5599458	Colon-Ep	chr3:123948366-123948720	U	0.0	0.0	0.0	0.007	0.01	0.0	0.0	0.0	0.0	0.0	0.965	0.056	0.0	0.0	0.0	0.006	0.0	0.0	0.0	0.0	0.006	0.0	0.0	0.0	0.0	0.0	0.0	0.0	0.0	0.0	0.0	0.0	0.0	0.0	0.0	0.043	0.0	0.0	0.009	0.0
chr3	125343687	125344069	5612189	5612199	Kidney-Ep	chr3:125343687-125344069	U	0.0	0.0	0.004	0.0	0.0	0.045	0.0	0.0	0.0	0.0	0.0	0.0	0.0	0.001	0.0	0.042	0.0	0.043	0.0	0.0	0.0	0.005	0.915	0.0	0.0	0.0	0.05	0.057	0.0	0.0	0.007	0.0	0.014	0.026	0.174	0.0	0.0	0.0	0.0	0.0
chr3	126608158	126609588	5628615	5628628	Pancreas-Beta	chr3:126608158-126609588	U	0.0	0.0	0.029	0.0	0.0	0.0	0.008	0.0	0.0	0.033	0.0	0.0	0.0	0.0	0.0	0.075	0.0	0.0	0.014	0.005	0.0	0.0	0.0	0.0	0.0	0.0	0.0	0.021	0.0	0.0	0.0	0.971	0.034	0.0	0.0	0.0	0.0	0.0	0.016	0.0
chr3	126931863	126931978	5631913	5631918	Head-Neck-Ep	chr3:126931863-126931978	U	0.0	0.017	0.0	0.0	0.003	0.0	0.0	0.0	0.0	0.0	0.0	0.0	0.071	0.033	0.034	0.157	0.0	0.0	0.004	0.905	0.0	0.0	0.0	0.024	0.008	0.056	0.0	0.0	0.0	0.0	0.0	0.0	0.0	0.0	0.0	0.017	0.0	0.0	0.033	0.0
chr3	129607913	129608119	5672324	5672331	Endothel	chr3:129607913-129608119	U	0.345	0.0	0.007	0.0	0.04	0.0	0.002	0.056	0.029	0.0	0.087	0.148	0.171	0.681	0.0	0.144	0.0	0.0	0.005	0.031	0.03	0.019	0.0	0.005	0.006	0.0	0.022	0.007	0.0	0.007	0.0	0.0	0.0	0.01	0.0	0.021	0.08	0.08	0.066	0.0
chr3	139371528	139371734	5754596	5754601	Oligodend	chr3:139371528-139371734	U	0.0	0.0	0.0	0.0	0.0	0.0	0.0	0.034	0.0	0.0	0.0	0.0	0.0	0.006	0.0	0.014	0.014	0.0	0.004	0.003	0.0	0.01	0.0	0.0	0.0	0.0	0.026	0.953	0.0	0.01	0.0	0.0	0.0	0.0	0.0	0.0	0.0	0.0	0.018	0.0
chr3	148838044	148838475	5820245	5820261	Pancreas-Acinar	chr3:148838044-148838475	U	0.0	0.012	0.009	0.0	0.002	0.005	0.002	0.011	0.008	0.0	0.0	0.03	0.0	0.007	0.014	0.018	0.0	0.0	0.001	0.004	0.0	0.025	0.002	0.0	0.0	0.0	0.0	0.0	0.008	0.964	0.014	0.0	0.0	0.035	0.0	0.0	0.0	0.0	0.019	0.0
chr3	150568292	150568650	5834396	5834401	Blood-Granul	chr3:150568292-150568650	U	0.0	0.0	0.0	0.952	0.0	0.0	0.0	0.0	0.0	0.0	0.0	0.111	0.0	0.011	0.0	0.0	0.031	0.0	0.0	0.0	0.0	0.0	0.0	0.0	0.0	0.0	0.027	0.0	0.107	0.0	0.0	0.0	0.0	0.0	0.0	0.0	0.04	0.0	0.0	0.0
chr3	151881290	151881385	5844914	5844920	Heart-Cardio	chr3:151881290-151881385	U	0.037	0.0	0.0	0.0	0.006	0.0	0.003	0.0	0.0	0.0	0.0	0.012	0.049	0.003	0.0	0.031	0.0	0.0	0.0	0.0	0.962	0.014	0.0	0.0	0.0	0.0	0.0	0.006	0.007	0.0	0.0	0.0	0.0	0.0	0.0	0.0	0.043	0.0	0.006	0.0
chr3	172341113	172341443	5983659	5983667	Pancreas-Delta	chr3:172341113-172341443	U	0.0	0.0	0.0	0.0	0.0	0.0	0.002	0.098	0.031	0.0	0.0	0.0	0.0	0.002	0.0	0.098	0.0	0.0	0.003	0.002	0.005	0.005	0.0	0.003	0.0	0.005	0.011	0.0	0.0	0.009	0.027	0.264	0.919	0.036	0.0	0.0	0.0	0.004	0.013	0.007
chr3	179670423	179670577	6036497	6036502	Adipocytes	chr3:179670423-179670577	U	0.741	0.089	0.0	0.0	0.019	0.0	0.0	0.077	0.029	0.0	0.0	0.45	0.0	0.247	0.0	0.111	0.0	0.0	0.192	0.022	0.034	0.107	0.0	0.192	0.049	0.0	0.033	0.0	0.135	0.0	0.0	0.0	0.0	0.0	0.0	0.023	0.0	0.02	0.091	0.024
chr3	182939089	182939244	6060947	6060953	Prostate-Ep	chr3:182939089-182939244	U	0.0	0.018	0.0	0.0	0.0	0.0	0.0	0.029	0.0	0.0	0.015	0.0	0.0	0.002	0.0	0.025	0.0	0.0	0.0	0.145	0.0	0.0	0.0	0.0	0.034	0.121	0.0	0.009	0.0	0.0	0.0	0.0	0.0	0.0	0.0	0.697	0.114	0.0	0.006	0.011
chr3	183192610	183193174	6064299	6064307	Pancreas-Delta	chr3:183192610-183193174	U	0.0	0.0	0.0	0.0	0.0	0.0	0.004	0.018	0.0	0.0	0.0	0.0	0.0	0.0	0.0	0.074	0.0	0.0	0.002	0.005	0.0	0.008	0.0	0.0	0.0	0.0	0.0	0.0	0.0	0.019	0.0	0.189	0.83	0.0	0.0	0.0	0.0	0.048	0.01	0.0
chr3	185013188	185013754	6091398	6091404	Lung-Ep-Alveo	chr3:185013188-185013754	U	0.0	0.0	0.0	0.0	0.0	0.0	0.0	0.0	0.0	0.0	0.0	0.0	0.0	0.0	0.0	0.0	0.0	0.0	0.0	0.0	0.0	0.0	0.0	0.0	0.882	0.0	0.0	0.077	0.0	0.0	0.0	0.0	0.0	0.0	0.0	0.0	0.0	0.034	0.0	0.0
chr3	187874285	187874555	6123176	6123182	Pancreas-Delta	chr3:187874285-187874555	U	0.0	0.0	0.0	0.0	0.0	0.0	0.0	0.0	0.0	0.0	0.0	0.0	0.0	0.014	0.0	0.143	0.0	0.0	0.0	0.0	0.0	0.0	0.0	0.0	0.0	0.0	0.091	0.0	0.0	0.0	0.333	0.0	1.0	0.0	0.0	0.0	0.0	0.0	0.0	0.0
chr3	187912686	187912766	6123492	6123497	Lung-Ep-Bron	chr3:187912686-187912766	U	0.018	0.035	0.0	0.0	0.003	0.0	0.0	0.071	0.0	0.012	0.022	0.032	0.033	0.006	0.0	0.134	0.078	0.0	0.0	0.045	0.0	0.0	0.005	0.005	0.128	0.953	0.0	0.098	0.142	0.009	0.0	0.0	0.0	0.0	0.0	0.052	0.177	0.0	0.008	0.0
chr3	193957845	193958028	6170572	6170577	Prostate-Ep	chr3:193957845-193958028	U	0.016	0.27	0.0	0.0	0.0	0.014	0.01	0.037	0.0	0.0	0.0	0.182	0.1	0.008	0.0	0.277	0.015	0.0	0.003	0.09	0.021	0.012	0.0	0.0	0.0	0.133	0.025	0.0	0.129	0.0	0.0	0.0	0.0	0.0	0.0	0.881	0.0	0.0	0.053	0.0
chr3	196373309	196373477	6212037	6212043	Pancreas-Beta	chr3:196373309-196373477	U	0.0	0.0	0.0	0.0	0.0	0.0	0.0	0.0	0.0	0.0	0.0	0.0	0.0	0.0	0.0	0.034	0.0	0.0	0.0	0.0	0.0	0.0	0.0	0.0	0.0	0.0	0.006	0.0	0.0	0.0	0.024	0.952	0.12	0.0	0.0	0.0	0.0	0.0	0.006	0.0
chr4	2959465	2959745	6309924	6309933	Bladder-Ep	chr4:2959465-2959745	U	0.005	0.844	0.0	0.0	0.003	0.0	0.01	0.0	0.0	0.0	0.0	0.0	0.0	0.036	0.016	0.041	0.0	0.0	0.0	0.002	0.0	0.0	0.002	0.0	0.0	0.0	0.028	0.0	0.0	0.0	0.0	0.0	0.0	0.0	0.083	0.115	0.007	0.0	0.0	0.0
chr4	3104183	3104294	6312529	6312537	Liver-Hep	chr4:3104183-3104294	U	0.0	0.0	0.0	0.0	0.0	0.0	0.001	0.0	0.0	0.0	0.0	0.0	0.029	0.001	0.0	0.019	0.008	0.0	0.0	0.0	0.0	0.0	0.006	0.92	0.0	0.0	0.003	0.0	0.0	0.015	0.0	0.0	0.0	0.008	0.0	0.0	0.014	0.0	0.0	0.0
chr4	3401409	3401806	6318065	6318082	Prostate-Ep	chr4:3401409-3401806	U	0.0	0.106	0.003	0.0	0.011	0.0	0.001	0.073	0.0	0.0	0.0	0.016	0.0	0.001	0.011	0.046	0.0	0.0	0.0	0.008	0.0	0.0	0.001	0.0	0.0	0.005	0.065	0.0	0.009	0.0	0.0	0.0	0.0	0.004	0.0	0.789	0.0	0.0	0.02	0.0
chr4	3946851	3947114	6331277	6331288	Ovary-Ep	chr4:3946851-3947114	U	0.0	0.005	0.0	0.0	0.0	0.0	0.001	0.0	0.0	0.0	0.0	0.0	0.0	0.001	0.0	0.056	0.125	0.0	0.0	0.0	0.0	0.0	0.0	0.003	0.0	0.0	0.0	0.0	0.847	0.0	0.013	0.0	0.016	0.0	0.0	0.0	0.017	0.0	0.004	0.0
chr4	4561976	4562134	6340715	6340720	Breast-Basal-Ep	chr4:4561976-4562134	U	0.0	0.0	0.0	0.0	0.008	0.0	0.0	0.0	0.906	0.0	0.0	0.0	0.0	0.0	0.0	0.069	0.0	0.0	0.0	0.0	0.0	0.0	0.0	0.0	0.0	0.0	0.08	0.0	0.0	0.0	0.0	0.0	0.0	0.0	0.0	0.0	0.0	0.0	0.0	0.0
chr4	4759145	4759326	6342912	6342921	Ovary-Ep	chr4:4759145-4759326	U	0.0	0.0	0.0	0.0	0.0	0.0	0.001	0.0	0.0	0.0	0.0	0.014	0.15	0.003	0.024	0.102	0.101	0.0	0.005	0.008	0.0	0.013	0.0	0.0	0.0	0.0	0.02	0.0	0.809	0.0	0.0	0.0	0.0	0.0	0.0	0.0	0.14	0.005	0.017	0.0
chr4	22601643	22602107	6522555	6522564	Fallopian-Ep	chr4:22601643-22602107	U	0.0	0.0	0.0	0.0	0.0	0.0	0.002	0.0	0.0	0.0	0.0	0.018	0.0	0.004	0.0	0.165	0.916	0.1	0.003	0.0	0.0	0.0	0.057	0.0	0.0	0.0	0.0	0.0	0.096	0.0	0.0	0.0	0.0	0.0	0.0	0.0	0.0	0.0	0.024	0.012
chr4	22602741	22602903	6522567	6522575	Fallopian-Ep	chr4:22602741-22602903	U	0.006	0.004	0.0	0.0	0.005	0.0	0.003	0.0	0.0	0.008	0.0	0.018	0.0	0.007	0.018	0.111	0.955	0.0	0.003	0.002	0.005	0.023	0.017	0.0	0.0	0.0	0.002	0.0	0.041	0.009	0.007	0.008	0.0	0.0	0.0	0.0	0.0	0.0	0.02	0.0
chr4	24177973	24178232	6532960	6532965	Small-Int-Ep	chr4:24177973-24178232	U	0.0	0.0	0.0	0.0	0.003	0.0	0.0	0.0	0.0	0.0	0.14	0.0	0.0	0.019	0.0	0.152	0.0	0.0	0.018	0.003	0.01	0.127	0.0	0.0	0.0	0.0	0.0	0.0	0.0	0.067	0.0	0.0	0.0	0.0	0.0	0.0	0.0	0.981	0.132	0.0
chr4	25302477	25302775	6544226	6544232	Gastric-Ep	chr4:25302477-25302775	U	0.0	0.008	0.0	0.0	0.0	0.0	0.005	0.0	0.0	0.0	0.0	0.028	0.045	0.002	0.0	0.082	0.0	0.0	0.985	0.0	0.0	0.0	0.0	0.0	0.0	0.0	0.0	0.0	0.0	0.0	0.0	0.0	0.0	0.0	0.0	0.0	0.032	0.0	0.011	0.0
chr4	25303001	25303132	6544235	6544244	Gastric-Ep	chr4:25303001-25303132	U	0.0	0.0	0.05	0.0	0.002	0.0	0.0	0.057	0.0	0.0	0.0	0.014	0.0	0.003	0.0	0.032	0.0	0.0	0.979	0.0	0.0	0.008	0.006	0.0	0.0	0.0	0.0	0.0	0.0	0.0	0.0	0.0	0.0	0.0	0.0	0.0	0.0	0.005	0.012	0.0
chr4	42440050	42440584	6678157	6678163	Epid-Kerat	chr4:42440050-42440584	U	0.0	0.0	0.0	0.0	0.0	0.0	0.0	0.0	0.0	0.2	0.0	0.0	0.143	0.0	1.0	0.118	0.0	0.0	0.0	0.021	0.0	0.0	0.0	0.0	0.0	0.0	0.0	0.0	0.0	0.0	0.0	0.0	0.0	0.0	0.0	0.0	0.0	0.0	0.033	0.0
chr4	48299015	48299725	6713096	6713101	Breast-Luminal-Ep	chr4:48299015-48299725	U	0.043	0.039	0.0	0.0	0.0	0.0	0.0	0.037	0.122	0.98	0.006	0.03	0.0	0.069	0.0	0.111	0.021	0.062	0.013	0.044	0.0	0.062	0.0	0.007	0.034	0.042	0.006	0.0	0.014	0.032	0.044	0.0	0.0	0.016	0.0	0.051	0.026	0.022	0.162	0.027
chr4	48677319	48677556	6716457	6716465	Colon-Ep	chr4:48677319-48677556	U	0.0	0.0	0.0	0.0	0.014	0.0	0.002	0.0	0.0	0.0	0.966	0.014	0.0	0.0	0.0	0.0	0.0	0.0	0.0	0.0	0.007	0.008	0.0	0.005	0.0	0.008	0.0	0.008	0.0	0.0	0.0	0.0	0.0	0.008	0.0	0.0	0.0	0.0	0.014	0.0
chr4	48677599	48678487	6716466	6716484	Colon-Ep	chr4:48677599-48678487	U	0.0	0.0	0.0	0.0	0.005	0.0	0.0	0.0	0.0	0.008	0.975	0.02	0.0	0.001	0.0	0.022	0.0	0.0	0.001	0.003	0.0	0.003	0.001	0.003	0.0	0.003	0.002	0.007	0.0	0.0	0.0	0.0	0.0	0.003	0.0	0.005	0.0	0.002	0.002	0.0
chr4	53481698	53481842	6767188	6767196	Head-Neck-Ep	chr4:53481698-53481842	U	0.0	0.005	0.005	0.008	0.0	0.0	0.001	0.0	0.0	0.0	0.0	0.0	0.0	0.001	0.106	0.087	0.0	0.0	0.0	0.792	0.0	0.0	0.0	0.0	0.015	0.04	0.007	0.006	0.0	0.0	0.0	0.0	0.0	0.0	0.0	0.005	0.017	0.0	0.004	0.0
chr4	56150818	56151066	6789616	6789621	Megakaryocytes	chr4:56150818-56151066	U	0.0	0.0	0.0	0.0	0.0	0.0	0.008	0.0	0.0	0.0	0.0	0.0	0.0	0.008	0.111	0.156	0.0	0.0	0.0	0.0	0.0	0.023	0.0	0.0	0.0	0.0	0.0	0.0	0.0	0.018	0.0	0.0	0.0	0.0	1.0	0.0	0.0	0.0	0.021	0.0
chr4	56267213	56267414	6790588	6790598	Small-Int-Ep	chr4:56267213-56267414	U	0.0	0.004	0.0	0.007	0.002	0.0	0.003	0.0	0.0	0.0	0.049	0.0	0.025	0.004	0.0	0.012	0.0	0.135	0.002	0.002	0.0	0.005	0.0	0.003	0.0	0.0	0.0	0.0	0.0	0.02	0.0	0.0	0.0	0.0	0.0	0.005	0.0	0.948	0.021	0.0
chr4	68152912	68153007	6862376	6862381	Head-Neck-Ep	chr4:68152912-68153007	U	0.0	0.016	0.0	0.008	0.003	0.02	0.005	0.024	0.035	0.025	0.009	0.0	0.0	0.007	0.042	0.17	0.0	0.0	0.009	0.963	0.0	0.026	0.0	0.037	0.0	0.167	0.004	0.0	0.073	0.053	0.011	0.014	0.027	0.0	0.0	0.008	0.017	0.007	0.083	0.01
chr4	71196989	71197880	6882622	6882629	Pancreas-Duct	chr4:71196989-71197880	U	0.0	0.007	0.0	0.008	0.005	0.0	0.0	0.0	0.0	0.0	0.004	0.0	0.0	0.008	0.093	0.167	0.011	0.196	0.0	0.0	0.0	0.03	0.0	0.0	0.008	0.0	0.0	0.0	0.0	0.027	0.017	0.013	0.02	0.94	0.0	0.0	0.0	0.0	0.019	0.0
chr4	71199672	71199931	6882633	6882639	Pancreas-Duct	chr4:71199672-71199931	U	0.0	0.0	0.0	0.0	0.0	0.0	0.003	0.0	0.0	0.0	0.008	0.023	0.0	0.006	0.091	0.136	0.0	0.0	0.005	0.0	0.0	0.016	0.0	0.0	0.0	0.0	0.0	0.0	0.0	0.013	0.0	0.0	0.0	0.892	0.0	0.0	0.0	0.012	0.011	0.0
chr4	71208287	71208426	6882685	6882692	Pancreas-Duct	chr4:71208287-71208426	U	0.0	0.0	0.0	0.0	0.005	0.0	0.002	0.0	0.0	0.0	0.0	0.0	0.0	0.0	0.0	0.036	0.0	0.0	0.0	0.005	0.0	0.0	0.0	0.0	0.0	0.0	0.0	0.0	0.0	0.013	0.0	0.0	0.0	0.855	0.0	0.0	0.0	0.0	0.019	0.0
chr4	71234448	71235332	6882895	6882910	Pancreas-Duct	chr4:71234448-71235332	U	0.013	0.005	0.002	0.003	0.002	0.0	0.001	0.0	0.0	0.0	0.0	0.011	0.0	0.009	0.0	0.135	0.0	0.035	0.0	0.061	0.0	0.006	0.0	0.0	0.009	0.032	0.009	0.003	0.0	0.01	0.0	0.005	0.0	0.905	0.08	0.0	0.012	0.002	0.016	0.0
chr4	71285376	71286227	6883203	6883217	Pancreas-Duct	chr4:71285376-71286227	U	0.0	0.0	0.0	0.008	0.0	0.0	0.002	0.0	0.0	0.0	0.0	0.0	0.0	0.008	0.0	0.077	0.0	0.0	0.0	0.0	0.0	0.009	0.004	0.004	0.0	0.0	0.007	0.0	0.0	0.02	0.0	0.007	0.0	0.801	0.0	0.0	0.008	0.0	0.006	0.0
chr4	77849419	77849604	6929538	6929546	Blood-NK	chr4:77849419-77849604	U	0.0	0.006	0.0	0.0	0.002	0.813	0.013	0.0	0.0	0.0	0.0	0.0	0.036	0.0	0.0	0.024	0.0	0.0	0.0	0.015	0.014	0.018	0.004	0.005	0.005	0.0	0.0	0.0	0.0	0.007	0.0	0.0	0.0	0.008	0.0	0.0	0.0	0.011	0.023	0.007
chr4	78809951	78810411	6936742	6936747	Eryth-prog	chr4:78809951-78810411	U	0.0	0.0	0.0	0.0	0.0	0.067	0.0	0.0	0.0	0.0	0.0	0.0	0.0	0.009	0.0	1.0	0.0	0.0	0.021	0.0	0.0	0.0	0.0	0.0	0.0	0.0	0.0	0.0	0.059	0.0	0.0	0.0	0.0	0.0	0.0	0.0	0.0	0.0	0.032	0.0
chr4	86990394	86990968	6995758	6995768	Pancreas-Acinar	chr4:86990394-86990968	U	0.0	0.0	0.0	0.0	0.0	0.0	0.0	0.0	0.0	0.0	0.006	0.0	0.0	0.001	0.019	0.012	0.0	0.0	0.004	0.0	0.0	0.0	0.0	0.0	0.0	0.0	0.0	0.0	0.0	0.962	0.0	0.0	0.024	0.029	0.0	0.0	0.0	0.0	0.0	0.0
chr4	94540161	94540279	7045844	7045852	Ovary-Ep	chr4:94540161-94540279	U	0.0	0.0	0.0	0.0	0.0	0.0	0.0	0.0	0.0	0.0	0.0	0.0	0.0	0.003	0.0	0.038	0.129	0.0	0.0	0.004	0.006	0.0	0.063	0.0	0.0	0.0	0.0	0.0	0.794	0.0	0.0	0.0	0.0	0.0	0.0	0.0	0.011	0.0	0.006	0.045
chr4	99421697	99422036	7076938	7076944	Prostate-Ep	chr4:99421697-99422036	U	0.0	0.03	0.0	0.007	0.011	0.0	0.005	0.0	0.0	0.0	0.003	0.011	0.0	0.001	0.0	0.154	0.0	0.0	0.002	0.0	0.0	0.007	0.0	0.003	0.0	0.0	0.003	0.0	0.0	0.0	0.008	0.0	0.0	0.0	0.0	0.794	0.0	0.005	0.005	0.0
chr4	102716223	102716466	7097553	7097559	Lung-Ep-Alveo	chr4:102716223-102716466	U	0.0	0.0	0.008	0.012	0.006	0.0	0.005	0.0	0.011	0.0	0.0	0.0	0.0	0.004	0.0	0.06	0.0	0.0	0.003	0.0	0.0	0.01	0.0	0.0	0.926	0.009	0.007	0.0	0.0	0.0	0.0	0.012	0.0	0.011	0.0	0.0	0.0	0.0	0.025	0.011
chr4	109513322	109513572	7140984	7140995	Liver-Hep	chr4:109513322-109513572	U	0.0	0.0	0.0	0.0	0.006	0.0	0.003	0.0	0.0	0.0	0.007	0.0	0.0	0.001	0.0	0.007	0.0	0.0	0.0	0.0	0.0	0.0	0.0	0.936	0.0	0.0	0.0	0.0	0.0	0.0	0.0	0.0	0.0	0.0	0.0	0.0	0.0	0.0	0.0	0.008
chr4	112417511	112417899	7162684	7162690	Head-Neck-Ep	chr4:112417511-112417899	U	0.0	0.27	0.0	0.0	0.011	0.0	0.016	0.087	0.102	0.0	0.006	0.026	0.0	0.008	0.125	0.173	0.0	0.0	0.0	0.964	0.0	0.0	0.0	0.007	0.011	0.278	0.0	0.012	0.0	0.0	0.0	0.0	0.035	0.0	0.0	0.119	0.0	0.0	0.0	0.0
chr4	127990966	127991413	7262174	7262188	Pancreas-Alpha	chr4:127990966-127991413	U	0.0	0.0	0.003	0.0	0.001	0.0	0.001	0.0	0.0	0.0	0.003	0.0	0.0	0.003	0.014	0.041	0.0	0.0	0.0	0.0	0.0	0.01	0.089	0.0	0.0	0.0	0.009	0.0	0.004	0.006	0.838	0.091	0.015	0.004	0.0	0.0	0.0	0.0	0.002	0.004
chr4	139168832	139169086	7332804	7332809	Head-Neck-Ep	chr4:139168832-139169086	U	0.0	0.0	0.0	0.0	0.0	0.0	0.0	0.0	0.0	0.014	0.01	0.0	0.0	0.002	0.0	0.024	0.015	0.0	0.006	0.824	0.009	0.0	0.052	0.011	0.0	0.009	0.0	0.0	0.035	0.0	0.0	0.038	0.0	0.0	0.0	0.0	0.143	0.0	0.008	0.0
chr4	146563690	146564267	7387348	7387354	Pancreas-Alpha	chr4:146563690-146564267	U	0.0	0.0	0.0	0.0	0.0	0.0	0.0	0.0	0.0	0.0	0.0	0.0	0.0	0.0	0.0	0.214	0.0	0.0	0.0	0.0	0.0	0.143	0.0	0.0	0.0	0.0	0.0	0.0	0.091	0.0	1.0	0.0	0.0	0.0	0.0	0.0	0.0	0.0	0.0	0.0
chr4	153140363	153141051	7436931	7436939	Bone-Osteob	chr4:153140363-153141051	U	0.095	0.029	0.018	0.0	0.0	0.0	0.018	0.96	0.0	0.147	0.0	0.074	0.143	0.038	0.0	0.085	0.0	0.0	0.0	0.029	0.0	0.085	0.0	0.0	0.0	0.0	0.0	0.0	0.0	0.0	0.0	0.0	0.0	0.0	0.0	0.0	0.0	0.0	0.119	0.0
chr4	175127649	175128419	7590506	7590513	Lung-Ep-Bron	chr4:175127649-175128419	U	0.056	0.01	0.0	0.0	0.0	0.0	0.03	0.043	0.024	0.174	0.047	0.065	0.04	0.04	0.077	0.159	0.015	0.0	0.01	0.024	0.0	0.097	0.0	0.093	0.047	0.969	0.0	0.057	0.043	0.108	0.041	0.0	0.039	0.0	0.0	0.051	0.0	0.0	0.133	0.019
chr4	182391375	182391530	7645623	7645628	Dermal-Fibro	chr4:182391375-182391530	U	0.214	0.0	0.0	0.0	0.004	0.0	0.013	0.0	0.032	0.0	0.04	0.083	0.9	0.036	0.045	0.295	0.0	0.0	0.028	0.0	0.0	0.137	0.01	0.029	0.0	0.0	0.009	0.205	0.11	0.119	0.0	0.0	0.0	0.0	0.0	0.076	0.08	0.0	0.168	0.0
chr4	184351668	184352126	7671411	7671422	Liver-Hep	chr4:184351668-184352126	U	0.008	0.0	0.0	0.0	0.016	0.0	0.003	0.0	0.0	0.0	0.0	0.016	0.0	0.005	0.0	0.02	0.0	0.0	0.0	0.002	0.004	0.0	0.0	0.928	0.0	0.0	0.004	0.006	0.0	0.005	0.008	0.0	0.0	0.0	0.0	0.005	0.0	0.012	0.004	0.0
chr4	185028151	185028403	7681026	7681031	Bone-Osteob	chr4:185028151-185028403	U	0.0	0.061	0.0	0.0	0.0	0.0	0.0	1.0	0.0	0.0	0.022	0.083	0.0	0.015	0.2	0.143	0.0	0.0	0.0	0.0	0.0	0.043	0.0	0.0	0.0	0.0	0.0	0.0	0.024	0.054	0.042	0.0	0.0	0.0	0.0	0.0	0.0	0.0	0.065	0.0
chr4	185114374	185114894	7681990	7681997	Heart-Fibro	chr4:185114374-185114894	U	0.0	0.0	0.019	0.0	0.014	0.037	0.059	0.0	0.0	0.0	0.0	0.121	0.0	0.008	0.0	0.194	0.111	0.0	0.022	0.13	0.071	0.927	0.0	0.0	0.0	0.0	0.011	0.0	0.086	0.0	0.023	0.0	0.0	0.019	0.0	0.0	0.0	0.0	0.069	0.0
chr4	186423415	186423742	7698976	7698981	Smooth-Musc	chr4:186423415-186423742	U	0.077	0.0	0.021	0.0	0.01	0.027	0.019	0.12	0.0	0.0	0.0	0.163	0.29	0.115	0.0	0.366	0.0	0.0	0.009	0.008	0.022	0.253	0.0	0.029	0.0	0.0	0.0	0.0	0.014	0.032	0.018	0.0	0.0	0.0	0.0	0.011	0.0	0.0	0.538	0.0
chr5	1368568	1368764	7781064	7781069	Small-Int-Ep	chr5:1368568-1368764	U	0.031	0.0	0.0	0.0	0.0	0.0	0.002	0.0	0.0	0.0	0.026	0.0	0.0	0.003	0.0	0.114	0.0	0.125	0.012	0.005	0.009	0.04	0.0	0.005	0.0	0.008	0.008	0.0	0.0	0.0	0.013	0.0	0.0	0.0	0.1	0.0	0.019	0.944	0.049	0.011
chr5	1828640	1828848	7792098	7792105	Pancreas-Beta	chr5:1828640-1828848	U	0.0	0.0	0.0	0.0	0.0	0.0	0.0	0.0	0.0	0.0	0.004	0.0	0.024	0.003	0.026	0.054	0.0	0.0	0.0	0.002	0.0	0.007	0.026	0.008	0.0	0.0	0.0	0.0	0.0	0.006	0.101	0.944	0.102	0.0	0.0	0.0	0.0	0.022	0.005	0.008
chr5	5557587	5557720	7839579	7839584	Heart-Fibro	chr5:5557587-5557720	U	0.0	0.0	0.0	0.0	0.004	0.0	0.003	0.0	0.0	0.016	0.0	0.0	0.0	0.0	0.0	0.159	0.0	0.0	0.0	0.008	0.032	0.851	0.0	0.008	0.0	0.0	0.0	0.0	0.0	0.058	0.0	0.0	0.0	0.0	0.0	0.026	0.0	0.0	0.11	0.0
chr5	6639516	6640099	7850796	7850803	Pancreas-Beta	chr5:6639516-6640099	U	0.0	0.0	0.0	0.0	0.0	0.0	0.0	0.0	0.0	0.0	0.026	0.0	0.0	0.0	0.0	0.133	0.0	0.0	0.0	0.0	0.0	0.0	0.0	0.0	0.0	0.0	0.0	0.056	0.0	0.0	0.1	1.0	0.167	0.0	0.0	0.0	0.0	0.0	0.0	0.0
chr5	10279072	10279243	7881775	7881780	Pancreas-Acinar	chr5:10279072-10279243	U	0.0	0.0	0.009	0.0	0.006	0.0	0.003	0.0	0.0	0.0	0.0	0.0	0.0	0.005	0.0	0.032	0.0	0.0	0.0	0.0	0.0	0.0	0.0	0.004	0.0	0.0	0.0	0.0	0.0	0.962	0.011	0.0	0.0	0.01	0.0	0.0	0.0	0.0	0.0	0.0
chr5	16681847	16681990	7937508	7937516	Kidney-Ep	chr5:16681847-16681990	U	0.02	0.012	0.0	0.0	0.002	0.008	0.006	0.109	0.013	0.0	0.0	0.037	0.0	0.03	0.0	0.123	0.0	0.0	0.0	0.002	0.015	0.0	0.834	0.007	0.0	0.0	0.006	0.03	0.0	0.0	0.0	0.0	0.011	0.0	0.0	0.019	0.011	0.0	0.015	0.013
chr5	17170651	17171087	7945010	7945016	Endothel	chr5:17170651-17171087	U	0.389	0.38	0.0	0.0	0.026	0.0	0.0	0.0	0.0	0.0	0.0	0.2	0.0	0.78	0.0	0.308	0.0	0.0	0.0	0.011	0.087	0.133	0.0	0.033	0.024	0.079	0.039	0.0	0.0	0.0	0.0	0.0	0.0	0.0	0.333	0.037	0.062	0.0	0.019	0.0
chr5	32098172	32098390	8043820	8043827	Endothel	chr5:32098172-32098390	U	0.276	0.006	0.0	0.0	0.049	0.0	0.0	0.0	0.008	0.0	0.0	0.064	0.0	0.697	0.0	0.026	0.0	0.0	0.0	0.026	0.037	0.018	0.0	0.042	0.0	0.0	0.041	0.009	0.0	0.0	0.0	0.0	0.0	0.0	0.0	0.008	0.036	0.017	0.007	0.0
chr5	54122453	54123203	8238234	8238243	Gallbladder	chr5:54122453-54123203	U	0.0	0.0	0.0	0.0	0.002	0.0	0.0	0.0	0.0	0.01	0.003	0.0	0.0	0.003	0.057	0.069	0.0	1.0	0.0	0.0	0.0	0.007	0.004	0.0	0.013	0.0	0.0	0.007	0.0	0.0	0.0	0.0	0.0	0.0	0.0	0.0	0.0	0.0	0.006	0.0
chr5	56258608	56258818	8257553	8257569	Epid-Kerat	chr5:56258608-56258818	U	0.0	0.0	0.0	0.008	0.0	0.0	0.0	0.0	0.0	0.0	0.0	0.0	0.027	0.007	0.833	0.032	0.0	0.0	0.0	0.009	0.0	0.0	0.004	0.0	0.0	0.0	0.0	0.0	0.0	0.0	0.0	0.0	0.0	0.0	0.0	0.0	0.0	0.0	0.024	0.049
chr5	59100156	59100575	8278872	8278880	Prostate-Ep	chr5:59100156-59100575	U	0.0	0.273	0.0	0.0	0.002	0.017	0.014	0.0	0.0	0.0	0.037	0.0	0.0	0.001	0.027	0.222	0.0	0.0	0.0	0.0	0.0	0.028	0.0	0.004	0.0	0.0	0.0	0.0	0.0	0.0	0.0	0.0	0.0	0.007	0.0	0.905	0.0	0.0	0.121	0.0
chr5	69342765	69342837	8351220	8351226	Head-Neck-Ep	chr5:69342765-69342837	U	0.0	0.0	0.0	0.0	0.0	0.0	0.0	0.028	0.0	0.0	0.0	0.0	0.0	0.0	0.0	0.077	0.0	0.0	0.006	0.811	0.0	0.0	0.0	0.0	0.0	0.043	0.0	0.0	0.1	0.0	0.0	0.0	0.0	0.0	0.0	0.0	0.0	0.0	0.0	0.0
chr5	72558107	72558247	8382710	8382720	Endothel	chr5:72558107-72558247	U	0.302	0.0	0.004	0.021	0.043	0.013	0.01	0.0	0.019	0.0	0.0	0.101	0.014	0.656	0.014	0.156	0.0	0.0	0.0	0.089	0.0	0.0	0.002	0.018	0.0	0.014	0.002	0.0	0.0	0.004	0.0	0.0	0.0	0.0	0.067	0.0	0.271	0.0	0.037	0.0
chr5	73020390	73020970	8386618	8386628	Pancreas-Alpha	chr5:73020390-73020970	U	0.0	0.0	0.0	0.0	0.0	0.006	0.002	0.0	0.0	0.0	0.0	0.024	0.0	0.001	0.0	0.012	0.0	0.0	0.005	0.0	0.0	0.0	0.0	0.003	0.008	0.0	0.0	0.0	0.0	0.005	0.939	0.066	0.056	0.006	0.0	0.0	0.0	0.022	0.009	0.0
chr5	75530312	75530878	8408724	8408731	Kidney-Ep	chr5:75530312-75530878	U	0.0	0.0	0.0	0.0	0.0	0.0	0.002	0.0	0.0	0.0	0.0	0.013	0.0	0.005	0.0	0.027	0.0	0.042	0.0	0.003	0.0	0.0	0.844	0.0	0.0	0.0	0.013	0.015	0.0	0.0	0.0	0.0	0.0	0.02	0.0	0.0	0.0	0.0	0.013	0.011
chr5	79202676	79202766	8442643	8442648	Blood-Granul	chr5:79202676-79202766	U	0.0	0.005	0.0	0.961	0.103	0.0	0.003	0.0	0.0	0.0	0.007	0.011	0.0	0.003	0.0	0.132	0.0	0.0	0.0	0.0	0.0	0.007	0.0	0.012	0.0	0.0	0.0	0.0	0.0	0.0	0.0	0.011	0.0	0.0	0.0	0.0	0.119	0.0	0.0	0.0
chr5	80331845	80332013	8454331	8454337	Dermal-Fibro	chr5:80331845-80332013	U	0.235	0.0	0.0	0.0	0.008	0.0	0.0	0.0	0.014	0.0	0.006	0.13	0.8	0.122	0.0	0.215	0.0	0.0	0.004	0.008	0.0	0.237	0.0	0.025	0.0	0.0	0.007	0.0	0.0	0.0	0.034	0.06	0.02	0.027	0.0	0.011	0.032	0.0	0.196	0.0
chr5	81180188	81180493	8462093	8462101	Colon-Ep	chr5:81180188-81180493	U	0.023	0.0	0.0	0.0	0.017	0.018	0.0	0.037	0.0	0.0	0.968	0.0	0.021	0.003	0.0	0.082	0.008	0.0	0.008	0.004	0.011	0.025	0.0	0.0	0.0	0.0	0.007	0.0	0.0	0.022	0.0	0.015	0.0	0.0	0.0	0.0	0.025	0.013	0.009	0.0
chr5	81541853	81542338	8465224	8465230	Thyroid-Ep	chr5:81541853-81542338	U	0.0	0.0	0.0	0.0	0.0	0.0	0.0	0.0	0.0	0.0	0.0	0.0	0.0	0.0	0.0	0.1	0.0	0.0	0.0	0.0	0.0	0.0	0.0	0.0	0.0	0.0	0.0	0.0	0.0	0.0	0.0	0.0	0.0	0.0	0.0	0.0	0.0	0.0	0.0	1.0
chr5	91948262	91948632	8529720	8529725	Dermal-Fibro	chr5:91948262-91948632	U	0.25	0.0	0.0	0.0	0.0	0.0	0.046	0.25	0.0	0.0	0.0	0.0	1.0	0.0	0.0	0.385	0.0	0.0	0.032	0.0	0.0	0.0	0.032	0.0	0.0	0.0	0.05	0.1	0.0	0.0	0.091	0.0	0.0	0.091	0.0	0.0	0.429	0.0	0.25	0.0
chr5	94568462	94569060	8545969	8545981	Megakaryocytes	chr5:94568462-94569060	U	0.157	0.088	0.017	0.008	0.015	0.005	0.013	0.023	0.023	0.021	0.048	0.008	0.03	0.023	0.051	0.156	0.033	0.018	0.02	0.023	0.0	0.05	0.043	0.049	0.021	0.015	0.041	0.0	0.026	0.161	0.015	0.029	0.039	0.049	0.973	0.031	0.007	0.018	0.049	0.016
chr5	102732293	102732948	8598310	8598317	Pancreas-Beta	chr5:102732293-102732948	U	0.0	0.0	0.012	0.0	0.011	0.0	0.007	0.0	0.0	0.0	0.0	0.0	0.0	0.004	0.0	0.149	0.0	0.0	0.0	0.0	0.0	0.018	0.0	0.0	0.0	0.0	0.0	0.0	0.0	0.0	0.146	0.975	0.0	0.0	0.0	0.0	0.0	0.0	0.0	0.0
chr5	119299814	119300063	8705383	8705397	Blood-T	chr5:119299814-119300063	U	0.021	0.021	0.059	0.005	0.061	0.107	0.988	0.0	0.0	0.0	0.0	0.19	0.0	0.009	0.036	0.131	0.0	0.0	0.007	0.016	0.004	0.011	0.013	0.009	0.0	0.005	0.046	0.0	0.0	0.005	0.0	0.0	0.0	0.006	0.0	0.0	0.009	0.0	0.0	0.0
chr5	131371602	131371981	8786613	8786618	Kidney-Ep	chr5:131371602-131371981	U	0.0	0.0	0.0	0.0	0.0	0.0	0.0	0.0	0.0	0.0	0.0	0.0	0.0	0.0	0.0	0.0	0.0	0.0	0.0	0.0	0.0	0.0	0.812	0.0	0.0	0.0	0.0	0.0	0.0	0.0	0.0	0.0	0.0	0.0	0.0	0.0	0.0	0.0	0.0	0.0
chr5	133745876	133746074	8811731	8811736	Pancreas-Duct	chr5:133745876-133746074	U	0.0	0.0	0.0	0.018	0.006	0.0	0.003	0.105	0.0	0.043	0.0	0.0	0.0	0.003	0.0	0.145	0.033	0.1	0.0	0.0	0.0	0.088	0.052	0.0	0.0	0.0	0.0	0.0	0.059	0.019	0.0	0.0	0.0	0.984	0.0	0.025	0.0	0.014	0.059	0.0
chr5	137855601	137855976	8853137	8853144	Lung-Ep-Bron	chr5:137855601-137855976	U	0.0	0.158	0.0	0.0	0.005	0.013	0.0	0.0	0.0	0.0	0.0	0.0	0.0	0.0	0.0	0.128	0.0	0.0	0.003	0.077	0.0	0.0	0.0	0.0	0.113	0.991	0.0	0.0	0.0	0.0	0.0	0.0	0.025	0.0	0.0	0.071	0.0	0.0	0.029	0.0
chr5	138377072	138377237	8859603	8859608	Pancreas-Beta	chr5:138377072-138377237	U	0.0	0.009	0.0	0.0	0.0	0.0	0.0	0.043	0.0	0.0	0.004	0.0	0.0	0.002	0.0	0.109	0.078	0.0	0.0	0.003	0.02	0.0	0.005	0.0	0.0	0.018	0.023	0.011	0.081	0.019	0.033	0.986	0.029	0.009	0.0	0.0	0.0	0.007	0.0	0.0
chr5	138384194	138384366	8859684	8859689	Gastric-Ep	chr5:138384194-138384366	U	0.0	0.0	0.0	0.0	0.0	0.0	0.0	0.0	0.0	0.0	0.0	0.0	0.0	0.0	0.0	0.0	0.0	0.0	0.911	0.0	0.028	0.0	0.012	0.0	0.0	0.021	0.0	0.0	0.0	0.0	0.0	0.0	0.0	0.0	0.0	0.021	0.0	0.0	0.0	0.0
chr5	140247861	140248181	8885147	8885157	Gastric-Ep	chr5:140247861-140248181	U	0.0	0.0	0.0	0.0	0.002	0.0	0.001	0.0	0.0	0.0	0.0	0.01	0.0	0.001	0.0	0.007	0.0	0.0	0.968	0.002	0.006	0.006	0.003	0.0	0.0	0.0	0.004	0.0	0.0	0.006	0.0	0.0	0.0	0.0	0.0	0.0	0.01	0.0	0.0	0.0
chr5	140678758	140679821	8890345	8890361	Eryth-prog	chr5:140678758-140679821	U	0.0	0.0	0.0	0.0	0.003	0.0	0.0	0.0	0.0	0.0	0.002	0.014	0.0	0.0	0.015	0.972	0.0	0.0	0.0	0.002	0.0	0.0	0.0	0.0	0.0	0.0	0.002	0.0	0.0	0.0	0.0	0.0	0.0	0.0	0.0	0.0	0.0	0.0	0.007	0.0
chr5	150674734	150674959	8984415	8984422	Smooth-Musc	chr5:150674734-150674959	U	0.346	0.038	0.009	0.0	0.014	0.0	0.01	0.5	0.107	0.0	0.0	0.355	0.441	0.128	0.111	0.088	0.0	0.0	0.003	0.003	0.051	0.457	0.007	0.0	0.012	0.017	0.014	0.008	0.017	0.007	0.01	0.0	0.0	0.0	0.0	0.007	0.377	0.0	0.814	0.0
chr5	154939032	154939221	9020018	9020025	Thyroid-Ep	chr5:154939032-154939221	U	0.045	0.023	0.0	0.019	0.0	0.0	0.0	0.0	0.0	0.0	0.004	0.021	0.0	0.027	0.0	0.034	0.0	0.0	0.002	0.002	0.0	0.0	0.011	0.003	0.012	0.0	0.0	0.0	0.009	0.016	0.032	0.0	0.032	0.0	0.0	0.0	0.0	0.005	0.006	0.942
chr5	160940900	160941125	9069832	9069837	Heart-Fibro	chr5:160940900-160941125	U	0.0	0.0	0.0	0.012	0.005	0.0	0.002	0.0	0.0	0.0	0.0	0.018	0.0	0.025	0.0	0.133	0.0	0.161	0.024	0.009	0.087	0.902	0.0	0.005	0.008	0.0	0.0	0.0	0.0	0.175	0.0	0.0	0.0	0.0	0.0	0.0	0.034	0.19	0.131	0.0
chr5	170612126	170612383	9143635	9143640	Pancreas-Delta	chr5:170612126-170612383	U	0.0	0.028	0.033	0.0	0.016	0.019	0.037	0.115	0.0	0.028	0.0	0.05	0.0	0.013	0.057	0.157	0.025	0.0	0.023	0.01	0.07	0.117	0.005	0.0	0.026	0.012	0.008	0.0	0.011	0.0	0.167	0.102	0.903	0.0	0.0	0.0	0.0	0.0	0.116	0.013
chr5	171796344	171796504	9156611	9156617	Prostate-Ep	chr5:171796344-171796504	U	0.0	0.0	0.0	0.008	0.007	0.0	0.006	0.0	0.0	0.01	0.007	0.011	0.0	0.064	0.156	0.143	0.0	0.0	0.0	0.005	0.0	0.015	0.0	0.008	0.0	0.0	0.0	0.0	0.0	0.016	0.0	0.0	0.0	0.0	0.0	0.8	0.0	0.0	0.107	0.0
chr5	171893071	171893507	9157653	9157661	Megakaryocytes	chr5:171893071-171893507	U	0.0	0.0	0.0	0.0	0.0	0.0	0.0	0.0	0.0	0.0	0.0	0.0	0.0	0.0	0.0	0.018	0.0	0.0	0.0	0.0	0.0	0.0	0.0	0.0	0.0	0.0	0.0	0.0	0.0	0.0	0.0	0.0	0.0	0.0	0.8	0.0	0.0	0.0	0.006	0.0
chr5	172000289	172000620	9158611	9158616	Ovary-Ep	chr5:172000289-172000620	U	0.0	0.0	0.0	0.0	0.0	0.0	0.0	0.0	0.0	0.0	0.0	0.0	0.0	0.0	0.0	0.0	0.111	0.0	0.0	0.021	0.0	0.0	0.178	0.0	0.0	0.0	0.0	0.0	0.857	0.0	0.0	0.0	0.0	0.0	0.0	0.0	0.0	0.0	0.0	0.0
chr5	173034531	173034939	9175370	9175380	Thyroid-Ep	chr5:173034531-173034939	U	0.007	0.028	0.029	0.0	0.0	0.0	0.004	0.0	0.0	0.0	0.0	0.008	0.0	0.006	0.0	0.031	0.0	0.0	0.002	0.002	0.006	0.0	0.07	0.0	0.018	0.0	0.009	0.007	0.0	0.005	0.058	0.008	0.007	0.0	0.0	0.0	0.0	0.0	0.009	0.98
chr5	175493569	175494013	9203309	9203320	Prostate-Ep	chr5:175493569-175494013	U	0.0	0.249	0.0	0.0	0.002	0.0	0.0	0.217	0.005	0.059	0.354	0.069	0.103	0.01	0.019	0.0	0.0	0.0	0.0	0.114	0.0	0.0	0.009	0.0	0.016	0.004	0.047	0.0	0.022	0.0	0.0	0.0	0.008	0.0	0.0	0.88	0.0	0.0	0.009	0.0
chr5	177269394	177269756	9231737	9231744	Pancreas-Acinar	chr5:177269394-177269756	U	0.0	0.0	0.0	0.0	0.0	0.0	0.0	0.0	0.0	0.0	0.0	0.0	0.0	0.002	0.0	0.035	0.0	0.0	0.0	0.011	0.0	0.0	0.0	0.0	0.0	0.0	0.007	0.0	0.0	0.993	0.0	0.0	0.038	0.051	0.0	0.0	0.0	0.0	0.0	0.0
chr5	177959540	177959906	9244080	9244088	Dermal-Fibro	chr5:177959540-177959906	U	0.147	0.0	0.0	0.0	0.0	0.0	0.0	0.079	0.022	0.0	0.005	0.038	0.738	0.049	0.057	0.008	0.0	0.0	0.0	0.003	0.0	0.095	0.003	0.0	0.0	0.0	0.003	0.0	0.008	0.0	0.0	0.0	0.0	0.0	0.0	0.007	0.033	0.005	0.135	0.0
chr5	178366998	178367280	9252424	9252433	Heart-Fibro	chr5:178366998-178367280	U	0.045	0.018	0.0	0.0	0.0	0.0	0.001	0.016	0.0	0.0	0.002	0.0	0.086	0.112	0.016	0.151	0.0	0.0	0.0	0.0	0.011	0.99	0.004	0.0	0.0	0.0	0.054	0.0	0.0	0.054	0.12	0.085	0.041	0.005	0.059	0.005	0.008	0.0	0.241	0.0
chr5	178546539	178546604	9255855	9255861	Heart-Cardio	chr5:178546539-178546604	U	0.0	0.0	0.0	0.0	0.006	0.0	0.0	0.034	0.0	0.0	0.0	0.0	0.0	0.002	0.0	0.027	0.0	0.0	0.0	0.0	0.948	0.021	0.005	0.0	0.0	0.0	0.004	0.0	0.0	0.028	0.0	0.0	0.0	0.0	0.0	0.0	0.0	0.0	0.0	0.0
chr6	504172	504466	9317576	9317593	Heart-Cardio	chr6:504172-504466	U	0.0	0.0	0.0	0.0	0.0	0.0	0.0	0.0	0.0	0.0	0.002	0.0	0.0	0.001	0.014	0.039	0.0	0.0	0.001	0.001	0.946	0.009	0.0	0.0	0.0	0.0	0.001	0.0	0.004	0.0	0.0	0.0	0.0	0.0	0.0	0.0	0.0	0.0	0.006	0.0
chr6	720637	720836	9320780	9320785	Prostate-Ep	chr6:720637-720836	U	0.0	0.233	0.0	0.011	0.0	0.0	0.0	0.188	0.014	0.0	0.021	0.014	0.0	0.0	0.0	0.059	0.066	0.0	0.0	0.035	0.0	0.051	0.027	0.006	0.0	0.106	0.0	0.0	0.108	0.0	0.014	0.0	0.0	0.0	0.0	0.814	0.0	0.0	0.016	0.03
chr6	2184575	2185398	9340156	9340165	Heart-Fibro	chr6:2184575-2185398	U	0.0	0.01	0.0	0.03	0.004	0.0	0.0	0.143	0.0	0.0	0.0	0.116	0.105	0.102	0.067	0.178	0.0	0.0	0.009	0.005	0.052	0.924	0.012	0.0	0.0	0.127	0.0	0.043	0.0	0.0	0.0	0.0	0.0	0.0	0.0	0.033	0.0	0.0	0.093	0.0
chr6	5727061	5727286	9385480	9385486	Blood-B	chr6:5727061-5727286	U	0.0	0.0	0.875	0.0	0.006	0.0	0.004	0.0	0.0	0.0	0.0	0.036	0.0	0.015	0.045	0.104	0.0	0.0	0.004	0.003	0.0	0.022	0.0	0.005	0.0	0.019	0.009	0.0	0.009	0.0	0.0	0.0	0.0	0.0	0.0	0.0	0.0	0.0	0.0	0.0
chr6	8085685	8086635	9413496	9413504	Bone-Osteob	chr6:8085685-8086635	U	0.0	0.0	0.0	0.0	0.0	0.0	0.066	1.0	0.0	0.0	0.0	0.0	0.0	0.0	0.0	0.0	0.0	0.0	0.0	0.0	0.0	0.0	0.0	0.0	0.0	0.0	0.0	0.0	0.0	0.0	0.0	0.0	0.0	0.0	0.0	0.0	0.0	0.0	0.0	0.0
chr6	10624926	10625032	9435880	9435885	Blood-Mono+Macro	chr6:10624926-10625032	U	0.057	0.021	0.009	0.0	0.812	0.014	0.0	0.0	0.0	0.0	0.0	0.0	0.0	0.013	0.0	0.01	0.0	0.0	0.004	0.0	0.022	0.132	0.0	0.007	0.0	0.0	0.021	0.043	0.011	0.024	0.0	0.0	0.0	0.0	0.0	0.0	0.0	0.0	0.062	0.0
chr6	14216611	14216868	9473382	9473390	Ovary-Ep	chr6:14216611-14216868	U	0.0	0.0	0.0	0.0	0.0	0.0	0.001	0.0	0.0	0.0	0.0	0.0	0.0	0.0	0.0	0.082	0.063	0.0	0.0	0.0	0.0	0.0	0.0	0.0	0.018	0.005	0.0	0.0	0.858	0.0	0.0	0.0	0.0	0.0	0.0	0.0	0.0	0.0	0.01	0.0
chr6	16215997	16216042	9495853	9495858	Megakaryocytes	chr6:16215997-16216042	U	0.014	0.0	0.0	0.0	0.005	0.0	0.003	0.0	0.009	0.0	0.007	0.025	0.0	0.03	0.0	0.034	0.0	0.0	0.0	0.002	0.0	0.008	0.004	0.0	0.005	0.008	0.014	0.0	0.0	0.0	0.011	0.0	0.012	0.0	0.8	0.012	0.0	0.0	0.0	0.025
chr6	17575308	17575495	9511144	9511149	Head-Neck-Ep	chr6:17575308-17575495	U	0.278	0.0	0.0	0.0	0.0	0.0	0.0	0.25	0.053	0.045	0.0	0.0	0.0	0.009	0.091	0.056	0.0	0.0	0.018	0.949	0.0	0.04	0.0	0.0	0.0	0.059	0.065	0.0	0.222	0.038	0.0	0.0	0.0	0.037	0.0	0.065	0.0	0.0	0.0	0.0
chr6	26545760	26545942	9593488	9593494	Blood-Mono+Macro	chr6:26545760-26545942	U	0.082	0.012	0.069	0.136	0.809	0.0	0.0	0.0	0.017	0.0	0.0	0.086	0.0	0.005	0.1	0.068	0.0	0.0	0.0	0.007	0.017	0.02	0.0	0.02	0.0	0.0	0.015	0.065	0.0	0.0	0.0	0.0	0.0	0.009	0.0	0.0	0.087	0.0	0.0	0.0
chr6	34810402	34810867	9709634	9709641	Bladder-Ep	chr6:34810402-34810867	U	0.0	0.855	0.0	0.0	0.0	0.0	0.0	0.0	0.0	0.0	0.0	0.0	0.0	0.0	0.0	0.029	0.024	0.0	0.0	0.003	0.0	0.0	0.0	0.0	0.0	0.0	0.0	0.0	0.0	0.0	0.0	0.0	0.0	0.0	0.0	0.028	0.0	0.0	0.0	0.0
chr6	35088635	35088722	9712913	9712918	Breast-Basal-Ep	chr6:35088635-35088722	U	0.0	0.0	0.0	0.0	0.003	0.0	0.0	0.0	0.906	0.0	0.0	0.0	0.0	0.03	0.0	0.045	0.0	0.0	0.0	0.0	0.0	0.0	0.0	0.005	0.077	0.025	0.0	0.0	0.0	0.0	0.0	0.0	0.0	0.0	0.0	0.0	0.0	0.0	0.007	0.0
chr6	35090326	35090440	9712952	9712961	Breast-Basal-Ep	chr6:35090326-35090440	U	0.0	0.006	0.0	0.007	0.004	0.01	0.003	0.0	0.927	0.0	0.0	0.0	0.0	0.0	0.0	0.052	0.0	0.0	0.0	0.006	0.0	0.0	0.0	0.0	0.0	0.0	0.0	0.0	0.008	0.0	0.0	0.0	0.0	0.0	0.0	0.0	0.0	0.0	0.005	0.0
chr6	37725251	37725379	9749492	9749497	Pancreas-Delta	chr6:37725251-37725379	U	0.019	0.022	0.0	0.0	0.007	0.0	0.005	0.0	0.0	0.0	0.016	0.15	0.0	0.057	0.045	0.09	0.0	0.0	0.005	0.012	0.0	0.0	0.005	0.008	0.0	0.0	0.005	0.014	0.2	0.037	0.016	0.094	0.95	0.0	0.0	0.0	0.0	0.0	0.019	0.0
chr6	42128474	42128604	9793780	9793785	Endothel	chr6:42128474-42128604	U	0.244	0.0	0.022	0.014	0.035	0.038	0.04	0.0	0.013	0.0	0.0	0.109	0.0	0.687	0.0	0.25	0.0	0.0	0.003	0.006	0.038	0.283	0.005	0.043	0.0	0.0	0.014	0.0	0.0	0.0	0.0	0.016	0.033	0.0	0.0	0.0	0.239	0.0	0.0	0.0
chr6	43743530	43744001	9818284	9818290	Smooth-Musc	chr6:43743530-43744001	U	0.357	0.0	0.0	0.0	0.012	0.083	0.039	0.429	0.0	0.05	0.0	0.111	0.167	0.129	0.0	0.296	0.0	0.0	0.0	0.014	0.188	0.5	0.0	0.0	0.0	0.0	0.0	0.0	0.0	0.053	0.0	0.0	0.0	0.0	0.0	0.0	0.0	0.0	0.679	0.0
chr6	43784597	43784786	9819006	9819019	Gallbladder	chr6:43784597-43784786	U	0.005	0.0	0.0	0.0	0.0	0.0	0.0	0.0	0.0	0.0	0.0	0.0	0.0	0.001	0.0	0.016	0.0	0.983	0.017	0.003	0.009	0.0	0.002	0.0	0.0	0.005	0.01	0.0	0.0	0.004	0.0	0.046	0.032	0.036	0.0	0.0	0.0	0.0	0.0	0.0
chr6	44271527	44271772	9825713	9825720	Neuron	chr6:44271527-44271772	U	0.033	0.013	0.007	0.0	0.0	0.0	0.0	0.049	0.0	0.0	0.029	0.021	0.0	0.021	0.0	0.175	0.0	0.0	0.011	0.028	0.0	0.033	0.0	0.008	0.0	0.021	0.861	0.025	0.0	0.017	0.0	0.0	0.0	0.0	0.0	0.007	0.016	0.063	0.063	0.0
chr6	63665467	63665709	9967913	9967918	Blood-B	chr6:63665467-63665709	U	0.0	0.0	0.902	0.0	0.008	0.027	0.02	0.0	0.0	0.0	0.0	0.115	0.0	0.01	0.0	0.12	0.042	0.0	0.0	0.007	0.0	0.0	0.014	0.0	0.0	0.028	0.0	0.0	0.0	0.0	0.0	0.0	0.0	0.0	0.0	0.0	0.0	0.0	0.0	0.0
chr6	70279635	70279964	10004286	10004292	Bone-Osteob	chr6:70279635-70279964	U	0.0	0.03	0.0	0.0	0.012	0.0	0.016	0.947	0.0	0.0	0.0	0.0	0.062	0.007	0.0	0.143	0.0	0.0	0.0	0.028	0.0	0.065	0.0	0.0	0.0	0.0	0.016	0.0	0.018	0.032	0.0	0.0	0.0	0.0	0.0	0.0	0.0	0.02	0.082	0.0
chr6	70301508	70302279	10004514	10004524	Bone-Osteob	chr6:70301508-70302279	U	0.088	0.032	0.015	0.057	0.045	0.057	0.026	0.931	0.011	0.041	0.035	0.017	0.031	0.043	0.0	0.131	0.0	0.0	0.056	0.044	0.057	0.011	0.035	0.038	0.05	0.1	0.045	0.071	0.034	0.057	0.0	0.0	0.0	0.048	0.0	0.031	0.091	0.06	0.052	0.012
chr6	70302443	70302600	10004526	10004533	Bone-Osteob	chr6:70302443-70302600	U	0.008	0.011	0.017	0.009	0.004	0.023	0.008	1.0	0.0	0.038	0.0	0.051	0.0	0.003	0.0	0.132	0.0	0.0	0.0	0.004	0.0	0.045	0.0	0.012	0.005	0.0	0.0	0.0	0.0	0.038	0.009	0.02	0.01	0.0	0.0	0.007	0.0	0.016	0.026	0.0
chr6	74862765	74863024	10038098	10038104	Prostate-Ep	chr6:74862765-74863024	U	0.0	0.0	0.0	0.024	0.01	0.0	0.002	0.0	0.0	0.0	0.007	0.043	0.0	0.002	0.0	0.194	0.0	0.0	0.007	0.01	0.0	0.0	0.005	0.026	0.0	0.0	0.0	0.0	0.0	0.0	0.0	0.0	0.0	0.0	0.0	0.755	0.0	0.0	0.025	0.0
chr6	83211659	83212045	10088540	10088546	Breast-Luminal-Ep	chr6:83211659-83212045	U	0.0	0.012	0.0	0.0	0.007	0.0	0.004	0.0	0.2	1.0	0.01	0.0	0.0	0.008	0.0	0.316	0.0	0.0	0.0	0.0	0.0	0.0	0.0	0.0	0.0	0.0	0.0	0.0	0.032	0.016	0.0	0.069	0.0	0.0	0.0	0.061	0.0	0.0	0.0	0.0
chr6	87121407	87122122	10113454	10113465	Bone-Osteob	chr6:87121407-87122122	U	0.015	0.0	0.067	0.0	0.006	0.012	0.013	0.969	0.006	0.0	0.0	0.009	0.036	0.011	0.0	0.128	0.0	0.0	0.0	0.001	0.0	0.015	0.0	0.0	0.0	0.004	0.042	0.0	0.0	0.0	0.0	0.0	0.0	0.0	0.0	0.0	0.008	0.0	0.019	0.0
chr6	89794694	89795339	10137155	10137164	Megakaryocytes	chr6:89794694-89795339	U	0.071	0.0	0.026	0.036	0.035	0.0	0.0	0.0	0.0	0.0	0.0	0.0	0.0	0.015	0.0	0.154	0.0	0.0	0.0	0.008	0.0	0.111	0.0	0.0	0.0	0.032	0.0	0.0	0.0	0.0	0.0	0.0	0.0	0.0	1.0	0.0	0.062	0.0	0.029	0.0
chr6	110951664	110951996	10287368	10287379	Gallbladder	chr6:110951664-110951996	U	0.015	0.004	0.0	0.005	0.011	0.0	0.004	0.0	0.0	0.0	0.0	0.0	0.0	0.002	0.0	0.04	0.038	0.981	0.0	0.001	0.0	0.0	0.024	0.013	0.003	0.0	0.002	0.0	0.02	0.0	0.0	0.0	0.0	0.0	0.0	0.009	0.0	0.003	0.004	0.0
chr6	118833518	118833864	10342165	10342173	Gastric-Ep	chr6:118833518-118833864	U	0.0	0.038	0.0	0.0	0.0	0.0	0.0	0.0	0.0	0.0	0.111	0.0	0.03	0.001	0.0	0.111	0.044	0.091	0.987	0.006	0.007	0.0	0.003	0.0	0.022	0.059	0.0	0.0	0.047	0.038	0.047	0.017	0.04	0.0	0.0	0.006	0.0	0.033	0.019	0.0
chr6	125267913	125268212	10382264	10382270	Ovary-Ep	chr6:125267913-125268212	U	0.125	0.026	0.0	0.0	0.015	0.0	0.0	0.0	0.0	0.0	0.0	0.067	0.0	0.022	0.0	0.069	0.107	0.0	0.0	0.013	0.0	0.0	0.0	0.0	0.0	0.0	0.0	0.0	0.783	0.026	0.0	0.0	0.0	0.0	0.0	0.0	0.0	0.0	0.0	0.0
chr6	126015205	126015510	10388295	10388302	Gastric-Ep	chr6:126015205-126015510	U	0.0	0.0	0.0	0.0	0.006	0.0	0.005	0.0	0.009	0.0	0.004	0.0	0.0	0.0	0.0	0.028	0.0	0.0	0.971	0.005	0.0	0.011	0.0	0.0	0.0	0.0	0.0	0.0	0.0	0.0	0.0	0.0	0.0	0.0	0.0	0.0	0.014	0.0	0.0	0.0
chr6	133976627	133976771	10442600	10442606	Liver-Hep	chr6:133976627-133976771	U	0.0	0.0	0.0	0.0	0.002	0.0	0.0	0.0	0.0	0.0	0.016	0.0	0.0	0.003	0.0	0.0	0.0	0.0	0.0	0.007	0.0	0.0	0.0	0.953	0.012	0.0	0.0	0.0	0.0	0.0	0.0	0.0	0.024	0.0	0.0	0.0	0.0	0.0	0.0	0.01
chr6	137920197	137920662	10476338	10476344	Blood-B	chr6:137920197-137920662	U	0.0	0.007	0.986	0.0	0.019	0.028	0.0	0.0	0.036	0.0	0.0	0.127	0.0	0.013	0.0	0.202	0.0	0.0	0.003	0.0	0.008	0.0	0.004	0.0	0.0	0.0	0.0	0.0	0.0	0.009	0.025	0.0	0.0	0.0	0.0	0.0	0.0	0.0	0.006	0.202
chr6	138562569	138562865	10482452	10482462	Lung-Ep-Alveo	chr6:138562569-138562865	U	0.0	0.0	0.005	0.0	0.009	0.0	0.006	0.0	0.0	0.0	0.0	0.011	0.0	0.001	0.0	0.139	0.0	0.0	0.002	0.0	0.0	0.0	0.0	0.0	0.951	0.0	0.0	0.0	0.013	0.0	0.0	0.0	0.0	0.0	0.0	0.0	0.0	0.0	0.005	0.047
chr6	143125912	143126266	10515333	10515339	Bone-Osteob	chr6:143125912-143126266	U	0.025	0.0	0.0	0.0	0.003	0.011	0.0	0.964	0.0	0.0	0.0	0.0	0.083	0.021	0.0	0.094	0.0	0.0	0.0	0.003	0.0	0.0	0.0	0.0	0.0	0.0	0.0	0.0	0.0	0.0	0.0	0.076	0.0	0.0	0.0	0.0	0.0	0.0	0.01	0.0
chr6	148381155	148381687	10554250	10554256	Adipocytes	chr6:148381155-148381687	U	1.0	0.0	0.105	0.0	0.051	0.0	0.026	0.0	0.0	0.0	0.0	0.111	0.667	0.264	0.0	0.381	0.0	0.0	0.0	0.0	0.0	0.6	0.0	0.0	0.0	0.0	0.15	0.125	0.0	0.0	0.0	0.0	0.0	0.0	0.0	0.0	0.0	0.0	0.176	0.0
chr6	150799734	150799940	10582030	10582037	Adipocytes	chr6:150799734-150799940	U	0.575	0.012	0.0	0.0	0.011	0.0	0.0	0.0	0.009	0.0	0.0	0.024	0.182	0.035	0.027	0.07	0.0	0.0	0.0	0.0	0.0	0.007	0.0	0.004	0.0	0.0	0.003	0.006	0.0	0.011	0.009	0.021	0.0	0.0	0.0	0.006	0.093	0.0	0.034	0.0
chr6	151096652	151097232	10586169	10586178	Lung-Ep-Bron	chr6:151096652-151097232	U	0.074	0.0	0.0	0.012	0.007	0.0	0.0	0.0	0.009	0.0	0.009	0.0	0.0	0.0	0.0	0.102	0.012	0.0	0.0	0.003	0.0	0.0	0.0	0.0	0.068	0.975	0.004	0.0	0.007	0.0	0.046	0.0	0.0	0.0	0.0	0.0	0.0	0.0	0.0	0.022
chr6	154956984	154957464	10621493	10621502	Thyroid-Ep	chr6:154956984-154957464	U	0.0	0.03	0.0	0.0	0.002	0.0	0.003	0.0	0.0	0.0	0.004	0.011	0.0	0.0	0.0	0.06	0.0	0.0	0.0	0.0	0.0	0.0	0.003	0.0	0.0	0.0	0.0	0.0	0.0	0.007	0.0	0.0	0.0	0.0	0.0	0.0	0.0	0.0	0.006	0.982
chr6	155036860	155037246	10622879	10622887	Adipocytes	chr6:155036860-155037246	U	0.687	0.0	0.0	0.0	0.0	0.0	0.011	0.067	0.19	0.0	0.0	0.019	0.037	0.201	0.037	0.146	0.0	0.0	0.003	0.008	0.0	0.0	0.0	0.0	0.0	0.0	0.0	0.009	0.01	0.0	0.0	0.0	0.0	0.0	0.0	0.0	0.053	0.0	0.068	0.0
chr6	156588646	156588894	10636080	10636092	Colon-Ep	chr6:156588646-156588894	U	0.0	0.0	0.0	0.0	0.008	0.0	0.002	0.029	0.0	0.0	0.99	0.015	0.0	0.0	0.0	0.056	0.0	0.0	0.0	0.0	0.0	0.017	0.0	0.004	0.0	0.0	0.0	0.0	0.0	0.0	0.0	0.0	0.0	0.0	0.0	0.085	0.0	0.102	0.013	0.0
chr6	157486225	157486370	10647930	10647937	Pancreas-Alpha	chr6:157486225-157486370	U	0.0	0.0	0.0	0.0	0.002	0.0	0.001	0.0	0.0	0.0	0.0	0.0	0.0	0.0	0.027	0.011	0.016	0.0	0.0	0.002	0.006	0.0	0.0	0.0	0.0	0.0	0.09	0.0	0.0	0.0	0.86	0.094	0.0	0.0	0.0	0.0	0.0	0.009	0.0	0.0
chr6	157671301	157672016	10650585	10650599	Megakaryocytes	chr6:157671301-157672016	U	0.0	0.0	0.007	0.01	0.0	0.0	0.004	0.0	0.0	0.0	0.0	0.0	0.0	0.0	0.0	0.071	0.0	0.0	0.0	0.002	0.0	0.0	0.0	0.0	0.0	0.0	0.0	0.0	0.0	0.0	0.0	0.0	0.0	0.0	0.933	0.0	0.0	0.0	0.003	0.0
chr6	158762144	158762374	10666888	10666895	Pancreas-Alpha	chr6:158762144-158762374	U	0.0	0.052	0.036	0.0	0.002	0.0	0.002	0.0	0.0	0.0	0.0	0.0	0.0	0.003	0.0	0.056	0.0	0.0	0.042	0.002	0.018	0.0	0.006	0.006	0.005	0.036	0.0	0.0	0.0	0.041	0.803	0.022	0.038	0.0	0.0	0.006	0.011	0.0	0.005	0.0
chr6	159386201	159386348	10674672	10674678	Heart-Fibro	chr6:159386201-159386348	U	0.0	0.0	0.0	0.0	0.003	0.0	0.006	0.0	0.0	0.0	0.005	0.019	0.0	0.031	0.071	0.16	0.045	0.0	0.0	0.021	0.0	0.872	0.0	0.0	0.0	0.0	0.0	0.0	0.011	0.028	0.0	0.029	0.0	0.011	0.0	0.0	0.0	0.0	0.178	0.0
chr6	160079556	160080020	10682905	10682926	Liver-Hep	chr6:160079556-160080020	U	0.0	0.0	0.0	0.0	0.013	0.0	0.0	0.009	0.0	0.002	0.012	0.0	0.0	0.0	0.0	0.019	0.0	0.0	0.001	0.0	0.0	0.0	0.001	0.96	0.0	0.002	0.024	0.0	0.0	0.0	0.0	0.0	0.007	0.0	0.0	0.014	0.0	0.0	0.0	0.0
chr6	161259398	161259791	10695133	10695142	Blood-NK	chr6:161259398-161259791	U	0.012	0.0	0.0	0.0	0.004	0.852	0.071	0.0	0.0	0.0	0.0	0.0	0.0	0.0	0.0	0.0	0.0	0.0	0.002	0.002	0.0	0.0	0.0	0.003	0.0	0.0	0.0	0.0	0.0	0.0	0.0	0.0	0.0	0.0	0.0	0.0	0.0	0.0	0.0	0.0
chr6	167043671	167043997	10760126	10760134	Fallopian-Ep	chr6:167043671-167043997	U	0.012	0.0	0.0	0.012	0.0	0.0	0.002	0.028	0.0	0.0	0.005	0.0	0.0	0.015	0.057	0.061	0.961	0.071	0.003	0.046	0.0	0.02	0.004	0.0	0.0	0.076	0.004	0.0	0.156	0.0	0.0	0.0	0.022	0.0	0.125	0.0	0.0	0.012	0.0	0.0
chr6	167798872	167799089	10772052	10772058	Pancreas-Duct	chr6:167798872-167799089	U	0.0	0.0	0.0	0.0	0.006	0.0	0.0	0.0	0.0	0.022	0.0	0.022	0.0	0.003	0.0	0.138	0.0	0.0	0.0	0.004	0.0	0.007	0.0	0.004	0.025	0.0	0.159	0.0	0.0	0.011	0.027	0.04	0.008	0.956	0.0	0.0	0.011	0.0	0.027	0.0
chr6	168072554	168072641	10776482	10776492	Bone-Osteob	chr6:168072554-168072641	U	0.0	0.0	0.0	0.0	0.0	0.0	0.002	0.974	0.0	0.0	0.0	0.0	0.0	0.031	0.125	0.082	0.0	0.0	0.0	0.166	0.0	0.0	0.0	0.004	0.0	0.0	0.0	0.0	0.0	0.0	0.0	0.0	0.0	0.0	0.0	0.0	0.0	0.0	0.05	0.0
chr6	169167682	169167797	10795711	10795721	Heart-Fibro	chr6:169167682-169167797	U	0.006	0.0	0.006	0.0	0.0	0.0	0.005	0.0	0.0	0.0	0.003	0.0	0.023	0.087	0.0	0.158	0.009	0.0	0.002	0.0	0.0	0.918	0.005	0.007	0.004	0.006	0.0	0.0	0.0	0.023	0.022	0.0	0.0	0.0	0.0	0.012	0.0	0.0	0.041	0.007
chr6	169167818	169167970	10795721	10795729	Heart-Fibro	chr6:169167818-169167970	U	0.054	0.0	0.015	0.0	0.0	0.0	0.002	0.0	0.01	0.02	0.004	0.0	0.108	0.194	0.0	0.167	0.0	0.0	0.006	0.005	0.008	0.991	0.025	0.029	0.026	0.0	0.0	0.009	0.053	0.101	0.054	0.021	0.021	0.0	0.0	0.007	0.258	0.0	0.27	0.019
chr6	169168336	169168470	10795745	10795758	Heart-Fibro	chr6:169168336-169168470	U	0.016	0.005	0.0	0.012	0.004	0.0	0.001	0.0	0.0	0.0	0.0	0.01	0.0	0.124	0.0	0.068	0.0	0.0	0.009	0.002	0.038	0.978	0.0	0.007	0.0	0.0	0.0	0.0	0.0	0.005	0.0	0.009	0.0	0.008	0.0	0.0	0.2	0.0	0.271	0.0
chr6	169168496	169168676	10795758	10795763	Heart-Fibro	chr6:169168496-169168676	U	0.0	0.0	0.026	0.0	0.006	0.0	0.055	0.0	0.0	0.0	0.0	0.034	0.0	0.14	0.0	0.255	0.0	0.0	0.016	0.0	0.0	1.0	0.009	0.048	0.036	0.0	0.0	0.0	0.028	0.182	0.022	0.0	0.051	0.021	0.0	0.0	0.0	0.0	0.231	0.0
chr6	169168764	169169045	10795764	10795778	Heart-Fibro	chr6:169168764-169169045	U	0.0	0.0	0.0	0.007	0.0	0.005	0.005	0.0	0.0	0.0	0.0	0.017	0.016	0.061	0.0	0.12	0.034	0.0	0.006	0.004	0.03	0.926	0.016	0.029	0.012	0.003	0.0	0.003	0.0	0.073	0.112	0.038	0.051	0.007	0.0	0.0	0.006	0.003	0.103	0.0
chr6	170093879	170094104	10810648	10810653	Smooth-Musc	chr6:170093879-170094104	U	0.415	0.016	0.049	0.0	0.014	0.0	0.036	0.429	0.059	0.08	0.122	0.1	0.214	0.077	0.0	0.311	0.167	0.0	0.116	0.012	0.048	0.471	0.068	0.091	0.184	0.0	0.018	0.024	0.205	0.13	0.211	0.119	0.083	0.078	0.0	0.019	0.176	0.104	0.683	0.023
chr6	170111044	170111143	10811057	10811062	Blood-NK	chr6:170111044-170111143	U	0.043	0.0	0.01	0.0	0.017	0.931	0.081	0.103	0.0	0.0	0.033	0.051	0.037	0.007	0.0	0.091	0.0	0.0	0.008	0.0	0.0	0.1	0.009	0.0	0.023	0.0	0.0	0.0	0.0	0.0	0.0	0.0	0.017	0.0	0.0	0.0	0.0	0.015	0.061	0.0
chr6	170461998	170462413	10819151	10819159	Blood-NK	chr6:170461998-170462413	U	0.007	0.0	0.013	0.0	0.014	0.962	0.128	0.0	0.0	0.0	0.0	0.054	0.0	0.004	0.0	0.195	0.0	0.0	0.008	0.0	0.0	0.029	0.0	0.013	0.0	0.0	0.0	0.0	0.0	0.036	0.0	0.0	0.0	0.0	0.0	0.0	0.013	0.0	0.061	0.0
chr7	254175	254388	10828670	10828680	Prostate-Ep	chr7:254175-254388	U	0.0	0.208	0.0	0.0	0.0	0.0	0.0	0.0	0.009	0.364	0.0	0.0	0.0	0.0	0.125	0.055	0.0	0.0	0.0	0.102	0.0	0.0	0.195	0.0	0.0	0.0	0.028	0.0	0.009	0.0	0.0	0.0	0.0	0.0	0.0	0.914	0.0	0.0	0.0	0.0
chr7	583821	584090	10839250	10839264	Blood-T	chr7:583821-584090	U	0.004	0.016	0.013	0.102	0.057	0.0	0.938	0.0	0.005	0.0	0.002	0.108	0.026	0.002	0.017	0.065	0.0	0.0	0.002	0.003	0.008	0.0	0.003	0.012	0.0	0.0	0.195	0.017	0.0	0.0	0.0	0.0	0.0	0.0	0.083	0.0	0.03	0.0	0.0	0.0
chr7	1816875	1817085	10878692	10878697	Bone-Osteob	chr7:1816875-1817085	U	0.041	0.089	0.0	0.0	0.006	0.0	0.0	0.917	0.028	0.023	0.0	0.0	0.0	0.0	0.0	0.094	0.0	0.0	0.025	0.023	0.0	0.048	0.008	0.0	0.0	0.06	0.0	0.0	0.043	0.019	0.0	0.059	0.0	0.0	0.0	0.016	0.0	0.0	0.053	0.0
chr7	2007249	2007410	10884975	10884988	Heart-Cardio	chr7:2007249-2007410	U	0.0	0.004	0.0	0.0	0.0	0.0	0.0	0.0	0.0	0.0	0.0	0.0	0.0	0.0	0.0	0.029	0.0	0.0	0.0	0.001	0.945	0.0	0.0	0.0	0.0	0.005	0.0	0.0	0.0	0.0	0.0	0.0	0.0	0.0	0.0	0.0	0.021	0.0	0.005	0.0
chr7	2338354	2338930	10894614	10894628	Ovary-Ep	chr7:2338354-2338930	U	0.005	0.0	0.0	0.0	0.0	0.0	0.002	0.0	0.004	0.02	0.004	0.007	0.0	0.003	0.015	0.045	0.082	0.0	0.001	0.001	0.0	0.013	0.0	0.002	0.0	0.0	0.002	0.0	0.8	0.0	0.0	0.013	0.0	0.0	0.0	0.004	0.034	0.003	0.007	0.0
chr7	2845363	2845407	10908161	10908166	Small-Int-Ep	chr7:2845363-2845407	U	0.0	0.0	0.0	0.0	0.006	0.0	0.001	0.0	0.0	0.06	0.055	0.0	0.0	0.002	0.0	0.129	0.0	0.057	0.075	0.0	0.005	0.013	0.015	0.0	0.0	0.0	0.0	0.006	0.0	0.005	0.008	0.0	0.0	0.0	0.0	0.0	0.0	0.947	0.004	0.013
chr7	4832003	4832237	10939436	10939446	Breast-Luminal-Ep	chr7:4832003-4832237	U	0.0	0.044	0.005	0.0	0.002	0.0	0.012	0.0	0.026	0.797	0.0	0.054	0.0	0.075	0.087	0.093	0.014	0.0	0.011	0.063	0.0	0.023	0.002	0.009	0.0	0.006	0.011	0.0	0.0	0.017	0.0	0.0	0.0	0.0	0.0	0.01	0.02	0.004	0.015	0.0
chr7	5351661	5351789	10950720	10950732	Neuron	chr7:5351661-5351789	U	0.009	0.0	0.0	0.0	0.002	0.0	0.001	0.0	0.019	0.0	0.003	0.01	0.0	0.008	0.0	0.068	0.0	0.0	0.0	0.0	0.0	0.0	0.0	0.0	0.0	0.0	0.775	0.01	0.0	0.006	0.008	0.008	0.0	0.0	0.0	0.0	0.0	0.004	0.0	0.0
chr7	5584214	5584461	10957899	10957904	Adipocytes	chr7:5584214-5584461	U	0.882	0.022	0.029	0.0	0.0	0.0	0.006	0.5	0.0	0.0	0.014	0.143	0.364	0.106	0.0	0.455	0.0	0.0	0.032	0.0	0.0	0.483	0.013	0.0	0.0	0.0	0.031	0.19	0.13	0.206	0.0	0.042	0.0	0.0	0.0	0.0	0.167	0.095	0.319	0.0
chr7	6148824	6149093	10968806	10968814	Breast-Luminal-Ep	chr7:6148824-6149093	U	0.008	0.0	0.0	0.0	0.0	0.0	0.0	0.0	0.103	0.924	0.0	0.01	0.0	0.001	0.0	0.012	0.007	0.0	0.0	0.002	0.0	0.0	0.21	0.0	0.0	0.0	0.214	0.0	0.0	0.0	0.0	0.0	0.0	0.0	0.0	0.0	0.0	0.0	0.0	0.028
chr7	6149150	6149205	10968815	10968821	Breast-Luminal-Ep	chr7:6149150-6149205	U	0.0	0.0	0.0	0.0	0.0	0.0	0.0	0.0	0.095	0.966	0.0	0.0	0.0	0.004	0.0	0.025	0.023	0.0	0.0	0.002	0.0	0.0	0.24	0.0	0.0	0.0	0.17	0.0	0.0	0.0	0.0	0.0	0.0	0.0	0.0	0.014	0.0	0.0	0.0	0.0
chr7	6180504	6180921	10969765	10969773	Pancreas-Delta	chr7:6180504-6180921	U	0.007	0.0	0.0	0.0	0.002	0.0	0.001	0.0	0.0	0.0	0.003	0.0	0.0	0.001	0.0	0.031	0.0	0.0	0.004	0.0	0.0	0.0	0.003	0.0	0.015	0.0	0.022	0.0	0.0	0.005	0.0	0.0	0.702	0.0	0.0	0.005	0.0	0.0	0.005	0.0
chr7	6243217	6243836	10970625	10970633	Thyroid-Ep	chr7:6243217-6243836	U	0.0	0.048	0.0	0.0	0.0	0.0	0.0	0.0	0.0	0.0	0.0	0.0	0.0	0.0	0.0	0.077	0.0	0.0	0.0	0.005	0.0	0.0	0.053	0.0	0.0	0.019	0.0	0.0	0.0	0.0	0.0	0.0	0.0	0.0	0.0	0.0	0.0	0.0	0.0	0.978
chr7	12544337	12544437	11022298	11022303	Kidney-Ep	chr7:12544337-12544437	U	0.0	0.0	0.021	0.0	0.008	0.0	0.042	0.077	0.0	0.0	0.015	0.023	0.0	0.014	0.0	0.175	0.0	0.0	0.0	0.031	0.0	0.018	0.905	0.047	0.0	0.066	0.0	0.0	0.212	0.022	0.0	0.0	0.0	0.0	0.0	0.0	0.0	0.0	0.0	0.02
chr7	29452301	29452879	11162437	11162445	Lung-Ep-Bron	chr7:29452301-29452879	U	0.0	0.0	0.011	0.0	0.004	0.0	0.005	0.0	0.0	0.0	0.0	0.0	0.0	0.0	0.0	0.157	0.0	0.0	0.0	0.035	0.0	0.016	0.0	0.0	0.034	0.971	0.0	0.0	0.136	0.0	0.0	0.0	0.0	0.0	0.0	0.0	0.0	0.011	0.032	0.0
chr7	30120499	30121202	11169005	11169012	Megakaryocytes	chr7:30120499-30121202	U	0.0	0.0	0.0	0.0	0.0	0.0	0.0	0.143	0.0	0.0	0.01	0.0	0.0	0.0	0.0	0.17	0.0	0.0	0.0	0.0	0.0	0.021	0.0	0.011	0.0	0.0	0.015	0.0	0.0	0.0	0.0	0.0	0.0	0.0	1.0	0.0	0.0	0.0	0.047	0.0
chr7	30374864	30375075	11171453	11171458	Thyroid-Ep	chr7:30374864-30375075	U	0.0	0.035	0.0	0.0	0.0	0.0	0.0	0.0	0.0	0.0	0.0	0.0	0.083	0.005	0.0	0.014	0.0	0.0	0.004	0.0	0.0	0.026	0.011	0.008	0.0	0.0	0.0	0.0	0.0	0.0	0.0	0.0	0.0	0.0	0.0	0.0	0.0	0.0	0.038	0.988
chr7	31030952	31031258	11178995	11179020	Dermal-Fibro	chr7:31030952-31031258	U	0.103	0.01	0.0	0.0	0.0	0.0	0.001	0.0	0.0	0.0	0.0	0.029	1.0	0.002	0.019	0.076	0.0	0.0	0.0	0.002	0.0	0.0	0.0	0.007	0.0	0.0	0.0	0.0	0.0	0.0	0.0	0.0	0.0	0.0	0.0	0.006	0.0	0.0	0.0	0.0
chr7	36610815	36611114	11225386	11225393	Dermal-Fibro	chr7:36610815-36611114	U	0.376	0.005	0.005	0.0	0.004	0.0	0.0	0.086	0.033	0.0	0.0	0.023	0.975	0.046	0.0	0.12	0.0	0.0	0.011	0.02	0.0	0.113	0.003	0.01	0.0	0.006	0.048	0.012	0.0	0.0	0.016	0.01	0.0	0.0	0.0	0.037	0.277	0.005	0.194	0.0
chr7	37333793	37334420	11231526	11231535	Blood-Granul	chr7:37333793-37334420	U	0.0	0.0	0.026	0.987	0.061	0.0	0.005	0.021	0.0	0.0	0.0	0.026	0.0	0.001	0.0	0.078	0.0	0.0	0.014	0.0	0.0	0.048	0.0	0.0	0.0	0.0	0.003	0.0	0.0	0.033	0.0	0.012	0.012	0.0	0.091	0.0	0.143	0.0	0.048	0.0
chr7	42776919	42777767	11274843	11274851	Heart-Fibro	chr7:42776919-42777767	U	0.062	0.0	0.0	0.0	0.012	0.0	0.0	0.0	0.0	0.0	0.024	0.0	0.0	0.039	0.0	0.042	0.0	0.0	0.014	0.0	0.0	0.857	0.0	0.019	0.0	0.0	0.0	0.0	0.0	0.059	0.0	0.0	0.125	0.0	0.0	0.065	0.0	0.037	0.146	0.0
chr7	44388313	44388640	11293312	11293318	Neuron	chr7:44388313-44388640	U	0.0	0.0	0.014	0.0	0.0	0.0	0.0	0.0	0.0	0.0	0.0	0.0	0.0	0.005	0.0	0.095	0.0	0.0	0.0	0.0	0.0	0.0	0.005	0.0	0.0	0.01	0.848	0.0	0.0	0.0	0.0	0.0	0.019	0.0	0.0	0.0	0.024	0.0	0.018	0.0
chr7	45158193	45158382	11304844	11304850	Endothel	chr7:45158193-45158382	U	0.241	0.018	0.045	0.0	0.031	0.017	0.026	0.214	0.069	0.015	0.037	0.209	0.0	0.694	0.048	0.303	0.012	0.0	0.132	0.077	0.11	0.19	0.104	0.182	0.16	0.057	0.099	0.011	0.033	0.258	0.063	0.033	0.09	0.093	0.0	0.087	0.098	0.064	0.178	0.043
chr7	47565555	47565663	11326440	11326445	Kidney-Ep	chr7:47565555-47565663	U	0.0	0.037	0.0	0.0	0.0	0.043	0.035	0.0	0.0	0.011	0.02	0.081	0.0	0.003	0.0	0.161	0.0	0.0	0.0	0.085	0.0	0.0	0.859	0.0	0.0	0.0	0.03	0.0	0.095	0.0	0.0	0.0	0.0	0.0	0.0	0.0	0.0	0.033	0.022	0.0
chr7	54833409	54833522	11384575	11384584	Ovary-Ep	chr7:54833409-54833522	U	0.022	0.014	0.0	0.013	0.026	0.025	0.023	0.059	0.09	0.126	0.0	0.0	0.0	0.004	0.0	0.176	0.131	0.0	0.06	0.027	0.029	0.033	0.175	0.088	0.0	0.015	0.039	0.045	0.882	0.059	0.031	0.045	0.0	0.052	0.0	0.0	0.0	0.0	0.005	0.095
chr7	65251208	65251412	11512761	11512770	Lung-Ep-Bron	chr7:65251208-65251412	U	0.026	0.009	0.022	0.086	0.026	0.041	0.025	0.0	0.021	0.023	0.019	0.018	0.0	0.017	0.019	0.169	0.028	0.018	0.019	0.023	0.011	0.011	0.013	0.01	0.119	0.916	0.056	0.019	0.044	0.015	0.029	0.0	0.008	0.012	0.0	0.005	0.012	0.031	0.028	0.015
chr7	65749775	65749857	11517828	11517835	Blood-Granul	chr7:65749775-65749857	U	0.007	0.005	0.0	0.98	0.14	0.0	0.001	0.0	0.0	0.0	0.0	0.013	0.0	0.001	0.0	0.0	0.0	0.0	0.0	0.002	0.0	0.0	0.0	0.004	0.0	0.0	0.0	0.007	0.0	0.005	0.0	0.02	0.0	0.0	0.0	0.0	0.09	0.0	0.005	0.0
chr7	66473604	66473834	11527659	11527667	Colon-Ep	chr7:66473604-66473834	U	0.0	0.01	0.005	0.0	0.004	0.0	0.001	0.0	0.0	0.0	0.956	0.0	0.0	0.004	0.0	0.038	0.0	0.0	0.0	0.004	0.0	0.0	0.01	0.0	0.0	0.0	0.002	0.0	0.018	0.0	0.0	0.009	0.0	0.0	0.091	0.005	0.0	0.03	0.005	0.009
chr7	66609963	66610098	11530147	11530155	Lung-Ep-Alveo	chr7:66609963-66610098	U	0.0	0.034	0.0	0.0	0.002	0.0	0.0	0.024	0.0	0.0	0.003	0.0	0.0	0.001	0.0	0.042	0.0	0.0	0.0	0.0	0.0	0.0	0.0	0.0	0.845	0.006	0.003	0.0	0.007	0.006	0.0	0.012	0.0	0.0	0.0	0.006	0.0	0.005	0.006	0.018
chr7	70211071	70211372	11569195	11569202	Skeletal-Musc	chr7:70211071-70211372	U	0.0	0.006	0.0	0.0	0.004	0.0	0.0	0.0	0.0	0.0	0.0	0.014	0.0	0.004	0.0	0.082	0.0	0.0	0.0	0.002	0.0	0.013	0.102	0.0	0.0	0.0	0.012	0.0	0.0	0.01	0.0	0.0	0.0	0.0	0.0	0.006	0.656	0.0	0.021	0.0
chr7	70472682	70473145	11571409	11571417	Smooth-Musc	chr7:70472682-70473145	U	0.222	0.038	0.017	0.02	0.034	0.086	0.096	0.0	0.0	0.0	0.0	0.125	0.167	0.02	0.0	0.299	0.0	0.0	0.028	0.016	0.024	0.241	0.021	0.021	0.0	0.0	0.032	0.0	0.0	0.103	0.0	0.0	0.0	0.0	0.0	0.159	0.053	0.0	0.602	0.0
chr7	73919977	73920683	11620390	11620403	Dermal-Fibro	chr7:73919977-73920683	U	0.168	0.015	0.027	0.0	0.006	0.031	0.048	0.017	0.017	0.0	0.0	0.106	0.857	0.045	0.0	0.038	0.0	0.0	0.004	0.006	0.0	0.0	0.004	0.0	0.004	0.0	0.004	0.0	0.007	0.009	0.014	0.0	0.016	0.0	0.0	0.0	0.0	0.0	0.161	0.0
chr7	74204883	74205022	11625573	11625580	Megakaryocytes	chr7:74204883-74205022	U	0.029	0.018	0.061	0.0	0.22	0.0	0.0	0.0	0.007	0.0	0.02	0.0	0.0	0.006	0.025	0.146	0.0	0.0	0.002	0.008	0.007	0.0	0.003	0.0	0.0	0.028	0.016	0.007	0.0	0.0	0.0	0.0	0.0	0.0	1.0	0.006	0.012	0.018	0.0	0.0
chr7	74316308	74316453	11627987	11627992	Bladder-Ep	chr7:74316308-74316453	U	0.133	0.848	0.056	0.0	0.0	0.0	0.004	0.0	0.039	0.0	0.005	0.0	0.107	0.016	0.0	0.078	0.012	0.0	0.0	0.01	0.0	0.0	0.092	0.005	0.0	0.062	0.004	0.049	0.082	0.0	0.0	0.0	0.0	0.0	0.0	0.137	0.0	0.0	0.0	0.042
chr7	74692887	74693062	11635649	11635655	Gastric-Ep	chr7:74692887-74693062	U	0.0	0.006	0.0	0.0	0.003	0.031	0.002	0.0	0.0	0.0	0.004	0.0	0.0	0.005	0.0	0.036	0.0	0.0	0.953	0.004	0.077	0.0	0.0	0.0	0.0	0.0	0.0	0.0	0.0	0.0	0.0	0.0	0.0	0.0	0.0	0.0	0.0	0.0	0.006	0.011
chr7	77672263	77673077	11681662	11681668	Lung-Ep-Bron	chr7:77672263-77673077	U	0.0	0.0	0.0	0.0	0.0	0.0	0.0	0.0	0.0	0.0	0.0	0.0	0.0	0.0	0.05	0.16	0.017	0.0	0.0	0.061	0.0	0.0	0.0	0.006	0.077	0.917	0.021	0.0	0.027	0.0	0.0	0.0	0.0	0.0	0.0	0.0	0.0	0.0	0.0	0.0
chr7	85132987	85133503	11729501	11729507	Heart-Fibro	chr7:85132987-85133503	U	0.048	0.093	0.0	0.066	0.025	0.027	0.018	0.0	0.0	0.0	0.012	0.033	0.0	0.072	0.0	0.222	0.0	0.0	0.048	0.0	0.036	0.939	0.0	0.105	0.0	0.0	0.02	0.0	0.0	0.088	0.0	0.065	0.0	0.0	0.0	0.02	0.0	0.0	0.178	0.0
chr7	98212279	98212508	11817349	11817373	Pancreas-Acinar	chr7:98212279-98212508	U	0.0	0.0	0.0	0.0	0.0	0.008	0.0	0.0	0.008	0.0	0.0	0.0	0.0	0.002	0.0	0.018	0.0	0.0	0.005	0.0	0.0	0.0	0.0	0.0	0.0	0.006	0.0	0.0	0.0	0.96	0.0	0.0	0.015	0.024	0.0	0.0	0.0	0.0	0.0	0.008
chr7	98212514	98212911	11817373	11817400	Pancreas-Acinar	chr7:98212514-98212911	U	0.0	0.0	0.003	0.0	0.004	0.0	0.001	0.009	0.0	0.0	0.001	0.006	0.0	0.005	0.0	0.028	0.0	0.0	0.004	0.003	0.0	0.003	0.0	0.0	0.0	0.0	0.029	0.003	0.0	0.965	0.0	0.01	0.0	0.021	0.0	0.0	0.0	0.004	0.02	0.0
chr7	98940249	98940346	11829747	11829752	Skeletal-Musc	chr7:98940249-98940346	U	0.0	0.0	0.0	0.0	0.0	0.0	0.0	0.0	0.0	0.017	0.0	0.023	0.174	0.011	0.0	0.0	0.0	0.0	0.0	0.0	0.159	0.0	0.0	0.0	0.0	0.0	0.104	0.0	0.02	0.0	0.0	0.0	0.0	0.0	0.0	0.0	0.725	0.0	0.015	0.0
chr7	100535288	100535445	11856271	11856277	Eryth-prog	chr7:100535288-100535445	U	0.0	0.0	0.0	0.0	0.0	0.0	0.001	0.019	0.0	0.0	0.0	0.0	0.0	0.001	0.0	0.98	0.0	0.0	0.004	0.0	0.0	0.033	0.0	0.004	0.006	0.0	0.0	0.006	0.0	0.0	0.0	0.0	0.009	0.0	0.0	0.0	0.015	0.0	0.019	0.01
chr7	101932217	101932429	11886124	11886132	Pancreas-Delta	chr7:101932217-101932429	U	0.0	0.0	0.009	0.0	0.0	0.0	0.0	0.0	0.0	0.007	0.0	0.0	0.0	0.095	0.042	0.026	0.019	0.0	0.002	0.002	0.043	0.0	0.002	0.0	0.0	0.0	0.055	0.0	0.012	0.008	0.066	0.374	0.994	0.31	0.0	0.0	0.0	0.0	0.0	0.0
chr7	101932471	101932957	11886133	11886144	Pancreas-Delta	chr7:101932471-101932957	U	0.0	0.0	0.004	0.0	0.0	0.0	0.0	0.0	0.0	0.0	0.0	0.009	0.0	0.002	0.0	0.044	0.0	0.0	0.0	0.003	0.0	0.005	0.007	0.0	0.0	0.0	0.053	0.0	0.0	0.0	0.0	0.168	0.879	0.0	0.0	0.0	0.0	0.0	0.0	0.0
chr7	102740228	102740668	11902360	11902366	Bladder-Ep	chr7:102740228-102740668	U	0.0	0.863	0.0	0.0	0.0	0.0	0.0	0.0	0.0	0.0	0.0	0.0	0.083	0.0	0.0	0.118	0.0	0.0	0.0	0.0	0.0	0.028	0.0	0.048	0.0	0.0	0.0	0.0	0.0	0.019	0.0	0.0	0.0	0.0	0.0	0.058	0.0	0.0	0.011	0.0
chr7	105150243	105150408	11921418	11921424	Bladder-Ep	chr7:105150243-105150408	U	0.0	0.821	0.0	0.0	0.0	0.0	0.0	0.0	0.0	0.0	0.0	0.0	0.0	0.005	0.0	0.041	0.0	0.0	0.0	0.0	0.0	0.0	0.0	0.0	0.0	0.0	0.0	0.0	0.0	0.1	0.0	0.0	0.0	0.009	0.0	0.06	0.0	0.0	0.0	0.0
chr7	105633960	105634246	11928061	11928068	Blood-Granul	chr7:105633960-105634246	U	0.0	0.0	0.0	0.987	0.028	0.0	0.0	0.0	0.0	0.0	0.004	0.0	0.0	0.003	0.0	0.116	0.008	0.0	0.039	0.004	0.0	0.0	0.0	0.013	0.011	0.007	0.013	0.0	0.008	0.058	0.0	0.0	0.0	0.0	0.0	0.0	0.136	0.0	0.014	0.0
chr7	107028249	107028462	11940375	11940382	Blood-Mono+Macro	chr7:107028249-107028462	U	0.093	0.027	0.02	0.05	0.793	0.0	0.003	0.0	0.0	0.0	0.007	0.042	0.0	0.0	0.0	0.008	0.0	0.0	0.005	0.005	0.015	0.019	0.0	0.009	0.0	0.007	0.003	0.008	0.0	0.0	0.02	0.0	0.024	0.024	0.0	0.0	0.026	0.006	0.0	0.0
chr7	107843325	107843491	11947040	11947052	Colon-Ep	chr7:107843325-107843491	U	0.0	0.015	0.0	0.005	0.013	0.0	0.0	0.0	0.0	0.0	0.907	0.008	0.0	0.004	0.0	0.009	0.0	0.0	0.0	0.004	0.0	0.005	0.002	0.0	0.004	0.0	0.003	0.0	0.0	0.0	0.0	0.0	0.0	0.0	0.0	0.021	0.0	0.0	0.013	0.006
chr7	108624359	108624993	11953962	11953968	Prostate-Ep	chr7:108624359-108624993	U	0.077	0.35	0.048	0.0	0.0	0.25	0.071	0.0	0.0	0.0	0.244	0.091	0.0	0.014	0.2	0.235	0.0	0.0	0.0	0.211	0.0	0.0	0.024	0.0	0.0	0.059	0.0	0.0	0.0	0.053	0.1	0.0	0.0	0.0	0.0	1.0	0.0	0.429	0.208	0.0
chr7	127834480	127835427	12070033	12070039	Ovary-Ep	chr7:127834480-127835427	U	0.012	0.0	0.053	0.0	0.0	0.0	0.0	0.0	0.0	0.0	0.0	0.0	0.0	0.002	0.0	0.039	0.222	0.0	0.0	0.003	0.0	0.0	0.0	0.0	0.0	0.0	0.0	0.0	0.893	0.0	0.0	0.0	0.0	0.0	0.0	0.0	0.014	0.0	0.0	0.0
chr7	128030416	128030582	12071544	12071559	Neuron	chr7:128030416-128030582	U	0.0	0.0	0.0	0.0	0.0	0.0	0.001	0.0	0.0	0.0	0.0	0.0	0.0	0.003	0.159	0.004	0.0	0.038	0.001	0.01	0.0	0.0	0.042	0.002	0.149	0.033	0.905	0.012	0.0	0.004	0.178	0.014	0.0	0.0	0.0	0.046	0.0	0.003	0.007	0.0
chr7	129769094	129769404	12095496	12095506	Eryth-prog	chr7:129769094-129769404	U	0.016	0.006	0.0	0.0	0.002	0.0	0.004	0.023	0.0	0.0	0.004	0.025	0.0	0.004	0.0	1.0	0.0	0.0	0.002	0.002	0.0	0.019	0.003	0.004	0.015	0.007	0.0	0.007	0.0	0.0	0.009	0.009	0.018	0.0	0.0	0.0	0.0	0.0	0.02	0.019
chr7	130381884	130382190	12104374	12104385	Pancreas-Acinar	chr7:130381884-130382190	U	0.0	0.0	0.0	0.0	0.0	0.0	0.002	0.0	0.0	0.0	0.0	0.009	0.0	0.009	0.0	0.044	0.0	0.0	0.0	0.0	0.0	0.007	0.0	0.017	0.005	0.0	0.002	0.0	0.0	0.99	0.008	0.0	0.0	0.014	0.0	0.0	0.0	0.0	0.0	0.015
chr7	135901542	135901670	12155646	12155651	Blood-NK	chr7:135901542-135901670	U	0.014	0.0	0.012	0.0	0.0	0.95	0.116	0.0	0.0	0.0	0.0	0.0	0.095	0.0	0.0	0.125	0.0	0.0	0.0	0.007	0.0	0.023	0.0	0.0	0.0	0.0	0.0	0.0	0.0	0.0	0.0	0.0	0.016	0.0	0.0	0.0	0.023	0.0	0.028	0.0
chr7	139093620	139093812	12182834	12182843	Blood-T	chr7:139093620-139093812	U	0.017	0.007	0.006	0.0	0.03	0.03	0.76	0.0	0.0	0.0	0.0	0.051	0.0	0.014	0.0	0.021	0.0	0.0	0.005	0.0	0.0	0.0	0.01	0.004	0.005	0.0	0.0	0.0	0.0	0.006	0.0	0.0	0.0	0.0	0.0	0.008	0.029	0.006	0.0	0.009
chr7	140494871	140494944	12202382	12202387	Blood-Mono+Macro	chr7:140494871-140494944	U	0.025	0.006	0.012	0.038	0.764	0.0	0.003	0.0	0.0	0.0	0.0	0.023	0.0	0.008	0.0	0.016	0.0	0.0	0.002	0.004	0.0	0.008	0.0	0.015	0.0	0.0	0.016	0.047	0.0	0.007	0.0	0.012	0.0	0.0	0.0	0.0	0.0	0.0	0.0	0.0
chr7	141688032	141688411	12215084	12215090	Oligodend	chr7:141688032-141688411	U	0.0	0.0	0.0	0.0	0.004	0.0	0.0	0.0	0.0	0.0	0.0	0.0	0.0	0.003	0.0	0.088	0.0	0.0	0.0	0.004	0.0	0.016	0.0	0.0	0.0	0.0	0.057	0.986	0.0	0.0	0.0	0.0	0.0	0.0	0.0	0.0	0.0	0.0	0.011	0.0
chr7	148483106	148483468	12269247	12269253	Epid-Kerat	chr7:148483106-148483468	U	0.0	0.0	0.0	0.0	0.0	0.0	0.0	0.036	0.0	0.0	0.0	0.0	0.037	0.0	0.897	0.105	0.0	0.0	0.015	0.034	0.0	0.011	0.0	0.0	0.097	0.01	0.0	0.0	0.0	0.016	0.0	0.0	0.0	0.0	0.0	0.0	0.0	0.007	0.018	0.0
chr7	149438367	149438915	12284283	12284291	Oligodend	chr7:149438367-149438915	U	0.0	0.0	0.0	0.0	0.0	0.0	0.0	0.0	0.0	0.0	0.005	0.019	0.0	0.002	0.0	0.05	0.0	0.0	0.004	0.004	0.018	0.0	0.0	0.0	0.0	0.0	0.105	0.989	0.0	0.0	0.0	0.0	0.0	0.0	0.0	0.0	0.0	0.0	0.031	0.0
chr7	150430997	150431235	12299580	12299586	Dermal-Fibro	chr7:150430997-150431235	U	0.278	0.034	0.009	0.011	0.006	0.0	0.0	0.029	0.01	0.012	0.005	0.272	0.947	0.091	0.0	0.186	0.0	0.0	0.009	0.003	0.0	0.095	0.0	0.005	0.0	0.0	0.017	0.0	0.044	0.008	0.0	0.0	0.0	0.009	0.0	0.008	0.015	0.0	0.252	0.0
chr7	155788652	155788718	12376557	12376564	Bladder-Ep	chr7:155788652-155788718	U	0.01	0.873	0.0	0.0	0.0	0.0	0.0	0.025	0.118	0.0	0.005	0.014	0.0	0.0	0.0	0.021	0.0	0.0	0.0	0.036	0.0	0.0	0.026	0.0	0.0	0.0	0.004	0.0	0.014	0.0	0.0	0.0	0.0	0.0	0.0	0.067	0.0	0.0	0.0	0.0
chr7	156079158	156079267	12382249	12382254	Fallopian-Ep	chr7:156079158-156079267	U	0.0	0.0	0.01	0.02	0.008	0.0	0.002	0.056	0.0	0.0	0.012	0.0	0.038	0.003	0.0	0.111	0.852	0.0	0.0	0.003	0.0	0.074	0.009	0.0	0.0	0.0	0.05	0.014	0.028	0.012	0.0	0.0	0.0	0.0	0.0	0.0	0.0	0.0	0.053	0.0
chr7	156989132	156989208	12394902	12394907	Pancreas-Duct	chr7:156989132-156989208	U	0.0	0.0	0.0	0.0	0.0	0.014	0.003	0.087	0.0	0.019	0.0	0.085	0.0	0.019	0.0	0.118	0.0	0.0	0.0	0.0	0.0	0.031	0.0	0.0	0.01	0.0	0.0	0.0	0.016	0.0	0.0	0.0	0.0	0.964	0.0	0.0	0.0	0.0	0.012	0.0
chr7	157137840	157137887	12398289	12398297	Blood-Granul	chr7:157137840-157137887	U	0.007	0.0	0.0	0.94	0.046	0.009	0.0	0.0	0.0	0.0	0.0	0.012	0.038	0.0	0.0	0.0	0.0	0.0	0.0	0.0	0.0	0.0	0.0	0.0	0.0	0.0	0.0	0.006	0.008	0.005	0.009	0.0	0.0	0.0	0.0	0.0	0.091	0.0	0.0	0.0
chr7	157177135	157177567	12399000	12399011	Eryth-prog	chr7:157177135-157177567	U	0.0	0.0	0.0	0.0	0.0	0.0	0.0	0.0	0.0	0.0	0.0	0.012	0.0	0.001	0.0	0.96	0.0	0.0	0.0	0.001	0.004	0.0	0.0	0.003	0.0	0.0	0.004	0.0	0.0	0.0	0.0	0.0	0.0	0.0	0.0	0.0	0.0	0.0	0.0	0.0
chr7	157497826	157497898	12406092	12406097	Pancreas-Duct	chr7:157497826-157497898	U	0.0	0.0	0.0	0.0	0.0	0.0	0.0	0.0	0.0	0.0	0.0	0.0	0.0	0.0	0.107	0.089	0.075	0.0	0.0	0.0	0.0	0.0	0.0	0.0	0.0	0.0	0.006	0.0	0.153	0.076	0.0	0.0	0.016	0.946	0.0	0.0	0.0	0.0	0.026	0.0
chr8	336667	336882	12448756	12448762	Smooth-Musc	chr8:336667-336882	U	0.345	0.007	0.022	0.0	0.009	0.0	0.02	0.027	0.0	0.0	0.004	0.167	0.364	0.034	0.0	0.205	0.033	0.0	0.0	0.005	0.0	0.337	0.0	0.0	0.0	0.0	0.085	0.008	0.048	0.01	0.0	0.01	0.0	0.0	0.0	0.098	0.333	0.0	0.573	0.0
chr8	902993	903136	12459614	12459623	Prostate-Ep	chr8:902993-903136	U	0.027	0.179	0.01	0.031	0.0	0.0	0.008	0.0	0.127	0.0	0.006	0.036	0.0	0.002	0.0	0.0	0.019	0.167	0.02	0.008	0.054	0.014	0.012	0.022	0.0	0.093	0.024	0.0	0.0	0.0	0.02	0.018	0.033	0.03	0.0	0.802	0.0	0.01	0.031	0.0
chr8	1182808	1182948	12465814	12465825	Kidney-Ep	chr8:1182808-1182948	U	0.006	0.0	0.0	0.0	0.002	0.0	0.002	0.022	0.0	0.0	0.0	0.0	0.0	0.012	0.0	0.138	0.024	0.0	0.041	0.0	0.0	0.039	0.865	0.0	0.004	0.006	0.163	0.006	0.078	0.016	0.016	0.015	0.0	0.0	0.0	0.0	0.01	0.005	0.029	0.024
chr8	2186982	2187364	12488988	12489002	Epid-Kerat	chr8:2186982-2187364	U	0.008	0.017	0.003	0.008	0.01	0.005	0.006	0.062	0.036	0.041	0.013	0.0	0.037	0.012	0.984	0.131	0.009	0.0	0.006	0.103	0.0	0.096	0.0	0.038	0.006	0.0	0.003	0.0	0.009	0.015	0.026	0.016	0.01	0.004	0.05	0.045	0.0	0.006	0.136	0.0
chr8	8225991	8226715	12560860	12560872	Gallbladder	chr8:8225991-8226715	U	0.0	0.0	0.004	0.0	0.003	0.0	0.003	0.0	0.0	0.0	0.003	0.0	0.0	0.002	0.0	0.014	0.0	0.945	0.004	0.0	0.0	0.005	0.0	0.0	0.0	0.0	0.0	0.014	0.007	0.013	0.0	0.0	0.01	0.018	0.0	0.0	0.0	0.004	0.014	0.0
chr8	10719338	10719412	12591460	12591465	Adipocytes	chr8:10719338-10719412	U	0.627	0.0	0.0	0.0	0.0	0.014	0.003	0.0	0.0	0.0	0.0	0.068	0.0	0.263	0.0	0.159	0.011	0.0	0.008	0.003	0.03	0.041	0.004	0.018	0.0	0.0	0.0	0.008	0.0	0.022	0.025	0.0	0.0	0.0	0.0	0.0	0.177	0.007	0.055	0.011
chr8	10804405	10804620	12592929	12592937	Oligodend	chr8:10804405-10804620	U	0.0	0.0	0.0	0.0	0.0	0.0	0.0	0.039	0.0	0.007	0.0	0.022	0.0	0.013	0.024	0.081	0.0	0.0	0.002	0.002	0.0	0.062	0.007	0.0	0.0	0.0	0.038	0.962	0.0	0.011	0.007	0.008	0.019	0.0	0.0	0.0	0.0	0.0	0.009	0.0
chr8	16100125	16100734	12647920	12647929	Dermal-Fibro	chr8:16100125-16100734	U	0.381	0.029	0.0	0.049	0.012	0.0	0.008	0.154	0.0	0.0	0.0	0.04	1.0	0.054	0.0	0.27	0.043	0.0	0.024	0.013	0.04	0.229	0.008	0.024	0.0	0.0	0.0	0.0	0.114	0.0	0.029	0.0	0.024	0.0	0.25	0.0	0.154	0.017	0.353	0.0
chr8	19854381	19854977	12682829	12682839	Neuron	chr8:19854381-19854977	U	0.0	0.016	0.0	0.0	0.005	0.007	0.001	0.02	0.0	0.0	0.0	0.0	0.0	0.024	0.02	0.116	0.007	0.028	0.018	0.005	0.011	0.062	0.0	0.019	0.0	0.011	0.776	0.025	0.0	0.043	0.048	0.035	0.025	0.043	0.0	0.009	0.011	0.008	0.043	0.0
chr8	20319041	20319269	12687820	12687825	Epid-Kerat	chr8:20319041-20319269	U	0.015	0.0	0.0	0.0	0.0	0.011	0.0	0.0	0.0	0.0	0.0	0.0	0.048	0.0	0.943	0.123	0.0	0.0	0.008	0.006	0.0	0.042	0.0	0.0	0.0	0.0	0.005	0.0	0.01	0.0	0.0	0.0	0.0	0.0	0.0	0.01	0.0	0.009	0.015	0.0
chr8	22243937	22244173	12709754	12709763	Colon-Ep	chr8:22243937-22244173	U	0.006	0.005	0.0	0.0	0.014	0.014	0.002	0.0	0.0	0.0	0.966	0.109	0.0	0.002	0.0	0.019	0.0	0.0	0.008	0.069	0.0	0.013	0.0	0.082	0.008	0.051	0.002	0.008	0.017	0.004	0.008	0.0	0.0	0.0	0.0	0.005	0.0	0.0	0.0	0.0
chr8	23386764	23386891	12728065	12728071	Adipocytes	chr8:23386764-23386891	U	0.632	0.006	0.0	0.0	0.0	0.0	0.001	0.03	0.091	0.0	0.0	0.269	0.033	0.057	0.0	0.09	0.0	0.0	0.0	0.005	0.0	0.219	0.0	0.0	0.0	0.0	0.25	0.062	0.075	0.0	0.0	0.048	0.0	0.0	0.0	0.0	0.303	0.0	0.267	0.009
chr8	26435956	26436268	12756336	12756343	Lung-Ep-Bron	chr8:26435956-26436268	U	0.01	0.0	0.007	0.0	0.012	0.0	0.007	0.0	0.0	0.014	0.0	0.105	0.0	0.004	0.0	0.118	0.0	0.0	0.0	0.033	0.0	0.009	0.008	0.0	0.149	0.908	0.0	0.0	0.017	0.009	0.0	0.0	0.0	0.0	0.0	0.0	0.032	0.0	0.02	0.0
chr8	29061304	29061525	12784843	12784853	Blood-T	chr8:29061304-29061525	U	0.013	0.005	0.049	0.0	0.043	0.164	0.903	0.0	0.006	0.006	0.0	0.157	0.0	0.004	0.0	0.044	0.017	0.0	0.002	0.002	0.0	0.005	0.004	0.006	0.0	0.005	0.002	0.013	0.016	0.0	0.0	0.0	0.0	0.0	0.0	0.0	0.033	0.0	0.0	0.012
chr8	30174477	30174644	12796762	12796769	Heart-Cardio	chr8:30174477-30174644	U	0.0	0.0	0.0	0.0	0.0	0.0	0.0	0.0	0.0	0.0	0.0	0.0	0.0	0.007	0.0	0.007	0.0	0.0	0.0	0.003	0.953	0.0	0.0	0.0	0.0	0.0	0.0	0.0	0.0	0.0	0.0	0.0	0.0	0.0	0.0	0.008	0.0	0.0	0.0	0.0
chr8	33543701	33543895	12824314	12824321	Skeletal-Musc	chr8:33543701-33543895	U	0.0	0.0	0.0	0.076	0.046	0.0	0.0	0.04	0.0	0.0	0.014	0.0	0.0	0.007	0.0	0.069	0.0	0.0	0.033	0.007	0.0	0.031	0.0	0.032	0.0	0.022	0.0	0.0	0.028	0.014	0.019	0.024	0.0	0.0	0.0	0.0	0.632	0.006	0.047	0.0
chr8	42053388	42053475	12901214	12901220	Eryth-prog	chr8:42053388-42053475	U	0.0	0.0	0.0	0.016	0.012	0.011	0.0	0.0	0.0	0.0	0.007	0.011	0.0	0.002	0.0	0.986	0.0	0.0	0.0	0.0	0.0	0.028	0.003	0.0	0.0	0.0	0.006	0.0	0.0	0.0	0.0	0.0	0.0	0.0	0.0	0.0	0.0	0.0	0.006	0.0
chr8	57217677	57217869	13052167	13052178	Skeletal-Musc	chr8:57217677-57217869	U	0.038	0.025	0.0	0.0	0.003	0.0	0.001	0.0	0.031	0.015	0.005	0.0	0.034	0.008	0.0	0.082	0.0	0.0	0.002	0.005	0.0	0.05	0.002	0.0	0.0	0.0	0.03	0.011	0.0	0.036	0.014	0.017	0.008	0.0	0.0	0.0	0.62	0.0	0.06	0.0
chr8	61419299	61419392	13083757	13083763	Skeletal-Musc	chr8:61419299-61419392	U	0.0	0.006	0.0	0.008	0.003	0.009	0.01	0.0	0.02	0.0	0.004	0.0	0.0	0.006	0.0	0.114	0.0	0.0	0.002	0.008	0.0	0.067	0.0	0.005	0.0	0.0	0.015	0.008	0.0	0.014	0.0	0.0	0.013	0.0	0.0	0.0	0.645	0.0	0.053	0.0
chr8	64766632	64766836	13105755	13105761	Breast-Luminal-Ep	chr8:64766632-64766836	U	0.0	0.0	0.0	0.0	0.0	0.0	0.013	0.036	0.024	0.932	0.0	0.022	0.1	0.008	0.0	0.158	0.0	0.115	0.014	0.004	0.0	0.06	0.017	0.056	0.011	0.0	0.0	0.0	0.012	0.012	0.0	0.0	0.0	0.0	0.0	0.011	0.0	0.029	0.107	0.0
chr8	70273282	70273407	13151475	13151482	Epid-Kerat	chr8:70273282-70273407	U	0.0	0.0	0.0	0.0	0.0	0.0	0.002	0.0	0.0	0.0	0.0	0.0	0.0	0.005	0.889	0.011	0.0	0.0	0.082	0.062	0.0	0.01	0.004	0.0	0.086	0.018	0.0	0.0	0.0	0.0	0.0	0.0	0.0	0.0	0.0	0.0	0.0	0.0	0.007	0.0
chr8	73958544	73958970	13178967	13178972	Blood-Granul	chr8:73958544-73958970	U	0.0	0.0	0.0	0.895	0.0	0.0	0.0	0.0	0.0	0.0	0.0	0.0	0.0	0.0	0.0	0.053	0.0	0.0	0.0	0.015	0.0	0.0	0.0	0.031	0.0	0.0	0.0	0.0	0.0	0.0	0.0	0.0	0.0	0.0	0.0	0.0	0.0	0.0	0.0	0.0
chr8	89855390	89855519	13281229	13281234	Epid-Kerat	chr8:89855390-89855519	U	0.0	0.0	0.0	0.0	0.005	0.0	0.004	0.056	0.0	0.0	0.0	0.0	0.0	0.003	1.0	0.073	0.0	0.0	0.0	0.024	0.0	0.0	0.0	0.0	0.0	0.0	0.0	0.0	0.0	0.0	0.0	0.0	0.0	0.0	0.0	0.0	0.0	0.0	0.027	0.0
chr8	100214371	100215254	13362722	13362733	Colon-Ep	chr8:100214371-100215254	U	0.009	0.0	0.0	0.0	0.003	0.0	0.0	0.0	0.0	0.015	0.975	0.033	0.0	0.0	0.0	0.078	0.0	0.0	0.008	0.002	0.0	0.0	0.0	0.005	0.0	0.0	0.046	0.0	0.0	0.0	0.0	0.0	0.0	0.0	0.0	0.008	0.0	0.0	0.015	0.0
chr8	116045410	116046378	13469689	13469697	Breast-Luminal-Ep	chr8:116045410-116046378	U	0.0	0.0	0.03	0.0	0.0	0.0	0.003	0.0	0.04	0.911	0.0	0.0	0.0	0.01	0.077	0.255	0.0	0.0	0.012	0.0	0.0	0.0	0.0	0.0	0.016	0.0	0.0	0.02	0.0	0.015	0.0	0.0	0.061	0.0	0.0	0.0	0.0	0.024	0.0	0.0
chr8	116155776	116155930	13470347	13470355	Bone-Osteob	chr8:116155776-116155930	U	0.0	0.0	0.0	0.0	0.002	0.0	0.004	0.981	0.007	0.0	0.003	0.014	0.064	0.034	0.0	0.124	0.0	0.0	0.004	0.011	0.013	0.032	0.0	0.004	0.0	0.0	0.005	0.006	0.0	0.005	0.026	0.009	0.008	0.006	0.0	0.005	0.111	0.0	0.02	0.0
chr8	123265081	123265337	13524366	13524371	Liver-Hep	chr8:123265081-123265337	U	0.0	0.008	0.0	0.0	0.003	0.0	0.0	0.0	0.012	0.0	0.0	0.0	0.0	0.0	0.0	0.033	0.0	0.0	0.0	0.0	0.0	0.0	0.0	0.921	0.0	0.0	0.004	0.0	0.0	0.0	0.0	0.0	0.0	0.011	0.0	0.0	0.0	0.0	0.0	0.0
chr8	125036927	125038241	13542471	13542489	Oligodend	chr8:125036927-125038241	U	0.009	0.007	0.0	0.0	0.0	0.0	0.001	0.0	0.004	0.0	0.0	0.022	0.0	0.002	0.0	0.034	0.0	0.0	0.001	0.001	0.01	0.003	0.0	0.0	0.0	0.003	0.046	0.929	0.0	0.0	0.004	0.0	0.0	0.0	0.0	0.0	0.007	0.0	0.002	0.0
chr8	130204000	130204269	13584314	13584324	Pancreas-Beta	chr8:130204000-130204269	U	0.006	0.0	0.0	0.019	0.0	0.0	0.0	0.0	0.0	0.0	0.0	0.0	0.0	0.003	0.0	0.004	0.0	0.0	0.0	0.003	0.0	0.0	0.0	0.003	0.0	0.0	0.0	0.0	0.0	0.0	0.0	0.92	0.007	0.005	0.0	0.0	0.009	0.0	0.0	0.0
chr8	130417014	130417359	13586239	13586244	Endothel	chr8:130417014-130417359	U	0.417	0.0	0.0	0.0	0.027	0.0	0.0	0.0	0.0	0.0	0.0	0.2	0.375	0.827	0.0	0.257	0.0	0.0	0.0	0.028	0.179	0.273	0.013	0.0	0.0	0.0	0.043	0.0	0.0	0.0	0.0	0.0	0.0	0.0	0.0	0.038	0.3	0.043	0.1	0.0
chr8	134927354	134927456	13623271	13623277	Gastric-Ep	chr8:134927354-134927456	U	0.0	0.0	0.0	0.017	0.002	0.0	0.003	0.115	0.0	0.0	0.003	0.0	0.0	0.0	0.048	0.122	0.0	0.042	0.993	0.002	0.0	0.017	0.0	0.0	0.006	0.0	0.0	0.0	0.0	0.0	0.0	0.0	0.0	0.0	0.0	0.012	0.0	0.0	0.083	0.0
chr8	139835297	139835458	13663036	13663046	Heart-Fibro	chr8:139835297-139835458	U	0.014	0.0	0.005	0.0	0.0	0.0	0.0	0.047	0.0	0.0	0.0	0.0	0.0	0.04	0.0	0.071	0.0	0.0	0.0	0.002	0.05	0.857	0.0	0.0	0.0	0.0	0.016	0.013	0.0	0.0	0.0	0.0	0.0	0.0	0.0	0.0	0.0	0.0	0.061	0.0
chr8	139851639	139851840	13663372	13663381	Pancreas-Alpha	chr8:139851639-139851840	U	0.0	0.0	0.0	0.0	0.004	0.0	0.0	0.0	0.0	0.0	0.003	0.0	0.0	0.002	0.0	0.038	0.0	0.0	0.0	0.0	0.0	0.0	0.0	0.0	0.0	0.0	0.0	0.0	0.0	0.0	0.795	0.0	0.016	0.006	0.0	0.0	0.0	0.017	0.005	0.0
chr8	140333579	140334279	13671234	13671242	Colon-Ep	chr8:140333579-140334279	U	0.0	0.0	0.0	0.0	0.0	0.0	0.004	0.0	0.0	0.0	0.977	0.022	0.0	0.0	0.024	0.025	0.0	0.0	0.0	0.0	0.007	0.0	0.0	0.004	0.0	0.0	0.0	0.0	0.0	0.0	0.0	0.0	0.0	0.0	0.0	0.0	0.0	0.036	0.0	0.0
chr8	140584615	140584956	13676144	13676153	Colon-Ep	chr8:140584615-140584956	U	0.0	0.0	0.005	0.02	0.004	0.0	0.003	0.018	0.0	0.0	0.889	0.009	0.0	0.0	0.0	0.028	0.0	0.0	0.002	0.0	0.0	0.0	0.009	0.0	0.0	0.0	0.004	0.0	0.0	0.0	0.0	0.0	0.008	0.0	0.0	0.025	0.012	0.008	0.0	0.0
chr8	141437077	141437315	13691956	13691974	Colon-Fibro	chr8:141437077-141437315	U	0.036	0.016	0.017	0.015	0.037	0.057	0.016	0.0	0.0	0.0	0.128	0.316	0.0	0.121	0.0	0.108	0.0	0.0	0.037	0.038	0.217	0.2	0.011	0.013	0.014	0.043	0.016	0.0	0.0	0.06	0.16	0.0	0.0	0.0	0.0	0.074	0.045	0.033	0.12	0.0
chr8	142342290	142342406	13709836	13709841	Breast-Basal-Ep	chr8:142342290-142342406	U	0.0	0.0	0.0	0.0	0.0	0.0	0.0	0.0	0.917	0.0	0.0	0.0	0.0	0.0	0.0	0.109	0.0	0.0	0.0	0.023	0.0	0.0	0.0	0.0	0.0	0.0	0.0	0.0	0.0	0.0	0.0	0.0	0.0	0.0	0.0	0.015	0.0	0.0	0.0	0.0
chr8	143461671	143461850	13736480	13736485	Blood-T	chr8:143461671-143461850	U	0.033	0.008	0.134	0.0	0.049	0.074	0.947	0.059	0.0	0.0	0.012	0.073	0.0	0.013	0.179	0.036	0.078	0.0	0.0	0.14	0.0	0.0	0.0	0.011	0.011	0.057	0.014	0.013	0.105	0.0	0.0	0.0	0.0	0.0	0.143	0.012	0.021	0.0	0.02	0.0
chr8	143464117	143464377	13736561	13736574	Pancreas-Beta	chr8:143464117-143464377	U	0.0	0.0	0.005	0.0	0.002	0.0	0.001	0.0	0.0	0.0	0.0	0.0	0.0	0.007	0.0	0.017	0.0	0.0	0.0	0.0	0.005	0.0	0.0	0.0	0.0	0.0	0.051	0.005	0.006	0.005	0.087	0.951	0.008	0.006	0.0	0.0	0.0	0.0	0.011	0.007
chr9	2819731	2820551	13810421	13810428	Pancreas-Duct	chr9:2819731-2820551	U	0.0	0.0	0.0	0.0	0.0	0.0	0.0	0.0	0.0	0.0	0.0	0.0	0.0	0.0	0.0	0.059	0.0	0.0	0.0	0.0	0.0	0.0	0.0	0.0	0.0	0.0	0.0	0.0	0.0	0.04	0.0	0.0	0.0	0.857	0.0	0.0	0.0	0.0	0.0	0.0
chr9	3689072	3689653	13816506	13816519	Dermal-Fibro	chr9:3689072-3689653	U	0.047	0.0	0.0	0.005	0.002	0.0	0.001	0.02	0.007	0.0	0.003	0.022	0.771	0.003	0.018	0.114	0.0	0.0	0.006	0.002	0.007	0.021	0.0	0.0	0.0	0.011	0.024	0.0	0.023	0.01	0.0	0.0	0.0	0.0	0.0	0.0	0.032	0.004	0.008	0.015
chr9	16204128	16204162	13908573	13908579	Prostate-Ep	chr9:16204128-16204162	U	0.0	0.045	0.005	0.02	0.008	0.0	0.003	0.0	0.0	0.0	0.022	0.017	0.0	0.078	0.0	0.138	0.0	0.0	0.014	0.002	0.025	0.0	0.0	0.003	0.0	0.0	0.027	0.0	0.074	0.016	0.008	0.0	0.0	0.0	0.0	0.68	0.0	0.0	0.037	0.007
chr9	19129152	19129254	13932895	13932902	Adipocytes	chr9:19129152-19129254	U	0.565	0.0	0.0	0.0	0.01	0.01	0.0	0.158	0.019	0.0	0.004	0.061	0.31	0.072	0.023	0.0	0.0	0.048	0.041	0.04	0.025	0.27	0.02	0.073	0.01	0.022	0.012	0.028	0.052	0.006	0.0	0.011	0.019	0.009	0.0	0.0	0.056	0.021	0.284	0.116
chr9	20792695	20793389	13946242	13946248	Fallopian-Ep	chr9:20792695-20793389	U	0.0	0.0	0.0	0.0	0.0	0.0	0.0	0.0	0.0	0.0	0.0	0.0	0.0	0.0	0.0	0.125	1.0	0.0	0.0	0.0	0.0	0.0	0.0	0.0	0.0	0.0	0.0	0.0	0.0	0.0	0.0	0.0	0.0	0.0	0.0	0.0	0.0	0.0	0.0	0.0
chr9	26847577	26848433	13984654	13984662	Gastric-Ep	chr9:26847577-26848433	U	0.0	0.0	0.0	0.0	0.0	0.0	0.0	0.032	0.0	0.0	0.006	0.0	0.0	0.008	0.0	0.056	0.0	0.0	0.966	0.0	0.0	0.017	0.0	0.0	0.0	0.0	0.0	0.0	0.0	0.0	0.0	0.0	0.0	0.0	0.0	0.0	0.0	0.0	0.013	0.0
chr9	34659144	34659219	14046273	14046279	Epid-Kerat	chr9:34659144-34659219	U	0.009	0.038	0.0	0.0	0.003	0.0	0.0	0.0	0.019	0.074	0.0	0.0	0.0	0.0	0.897	0.078	0.011	0.0	0.0	0.03	0.007	0.0	0.0	0.0	0.0	0.0	0.0	0.009	0.0	0.0	0.0	0.0	0.0	0.0	0.0	0.0	0.0	0.0	0.006	0.0
chr9	35719099	35719257	14058006	14058014	Blood-B	chr9:35719099-35719257	U	0.0	0.0	0.908	0.017	0.022	0.0	0.0	0.0	0.0	0.0	0.0	0.138	0.0	0.018	0.0	0.0	0.0	0.0	0.0	0.003	0.0	0.011	0.0	0.01	0.0	0.0	0.0	0.0	0.0	0.0	0.0	0.0	0.0	0.0	0.0	0.0	0.0	0.0	0.029	0.0
chr9	36344597	36345273	14065957	14065967	Gallbladder	chr9:36344597-36345273	U	0.0	0.0	0.0	0.0	0.002	0.0	0.0	0.0	0.008	0.0	0.0	0.0	0.0	0.0	0.0	0.0	0.0	0.964	0.004	0.0	0.0	0.0	0.0	0.021	0.0	0.0	0.0	0.0	0.0	0.0	0.0	0.0	0.0	0.0	0.0	0.0	0.0	0.0	0.005	0.0
chr9	37369667	37370096	14078706	14078713	Blood-B	chr9:37369667-37370096	U	0.015	0.0	1.0	0.029	0.024	0.0	0.003	0.045	0.0	0.0	0.0	0.179	0.0	0.036	0.0	0.212	0.0	0.0	0.0	0.004	0.0	0.0	0.0	0.0	0.0	0.0	0.0	0.0	0.0	0.0	0.0	0.0	0.016	0.0	0.0	0.0	0.0	0.0	0.019	0.0
chr9	69059024	69059463	14238034	14238041	Gastric-Ep	chr9:69059024-69059463	U	0.0	0.0	0.0	0.0	0.0	0.0	0.004	0.0	0.0	0.0	0.0	0.0	0.0	0.003	0.0	0.018	0.0	0.0	0.97	0.0	0.0	0.0	0.0	0.049	0.0	0.0	0.0	0.0	0.0	0.0	0.0	0.0	0.0	0.0	0.0	0.0	0.0	0.0	0.021	0.0
chr9	76623419	76623545	14296708	14296715	Small-Int-Ep	chr9:76623419-76623545	U	0.011	0.024	0.0	0.0	0.011	0.0	0.019	0.0	0.0	0.019	0.019	0.0	0.0	0.004	0.0	0.062	0.0	0.05	0.002	0.005	0.0	0.01	0.0	0.08	0.0	0.009	0.0	0.0	0.0	0.007	0.0	0.0	0.0	0.009	0.0	0.0	0.0	0.953	0.065	0.0
chr9	81639317	81639676	14335537	14335544	Blood-Granul	chr9:81639317-81639676	U	0.014	0.023	0.007	0.969	0.061	0.014	0.034	0.029	0.0	0.0	0.0	0.0	0.0	0.004	0.0	0.129	0.0	0.0	0.0	0.003	0.0	0.012	0.014	0.0	0.0	0.0	0.0	0.0	0.012	0.011	0.0	0.0	0.025	0.0	0.0	0.0	0.093	0.0	0.007	0.039
chr9	83228685	83228801	14347979	14347989	Bladder-Ep	chr9:83228685-83228801	U	0.008	0.851	0.012	0.007	0.007	0.0	0.007	0.047	0.024	0.009	0.028	0.015	0.021	0.013	0.071	0.121	0.0	0.033	0.134	0.047	0.016	0.033	0.022	0.004	0.077	0.081	0.016	0.007	0.0	0.035	0.009	0.026	0.034	0.0	0.0	0.148	0.0	0.011	0.033	0.0
chr9	83622208	83622354	14351105	14351120	Ovary-Ep	chr9:83622208-83622354	U	0.0	0.0	0.0	0.0	0.003	0.0	0.0	0.0	0.0	0.0	0.0	0.0	0.0	0.0	0.0	0.025	0.02	0.0	0.0	0.0	0.0	0.0	0.01	0.0	0.0	0.0	0.0	0.0	0.713	0.0	0.0	0.0	0.0	0.0	0.0	0.0	0.0	0.0	0.0	0.0
chr9	95382865	95383050	14481187	14481193	Epid-Kerat	chr9:95382865-95383050	U	0.08	0.083	0.0	0.0	0.006	0.012	0.02	0.0	0.037	0.152	0.035	0.038	0.0	0.019	0.947	0.096	0.011	0.0	0.014	0.026	0.01	0.01	0.0	0.006	0.014	0.0	0.0	0.0	0.032	0.008	0.0	0.0	0.0	0.022	0.0	0.022	0.087	0.008	0.045	0.0
chr9	97904793	97905145	14512694	14512705	Blood-T	chr9:97904793-97905145	U	0.013	0.0	0.0	0.0	0.037	0.026	0.766	0.0	0.0	0.0	0.003	0.039	0.0	0.0	0.0	0.011	0.0	0.0	0.002	0.003	0.0	0.005	0.002	0.003	0.0	0.0	0.0	0.0	0.0	0.0	0.0	0.0	0.0	0.0	0.0	0.0	0.027	0.003	0.004	0.007
chr9	98780238	98780334	14523309	14523315	Lung-Ep-Bron	chr9:98780238-98780334	U	0.0	0.083	0.0	0.0	0.0	0.0	0.004	0.0	0.0	0.011	0.0	0.0	0.0	0.0	0.0	0.156	0.0	0.0	0.005	0.047	0.0	0.016	0.0	0.0	0.112	0.94	0.008	0.0	0.008	0.0	0.0	0.0	0.01	0.0	0.0	0.013	0.0	0.006	0.0	0.0
chr9	109300119	109300305	14603470	14603477	Small-Int-Ep	chr9:109300119-109300305	U	0.0	0.0	0.006	0.0	0.009	0.012	0.003	0.0	0.0	0.0	0.017	0.0	0.0	0.005	0.0	0.078	0.0	0.0	0.005	0.0	0.0	0.018	0.0	0.004	0.0	0.0	0.0	0.0	0.0	0.0	0.0	0.0	0.0	0.0	0.0	0.0	0.0	0.957	0.034	0.0
chr9	112324841	112325240	14631143	14631149	Epid-Kerat	chr9:112324841-112325240	U	0.0	0.0	0.0	0.0	0.0	0.0	0.002	0.0	0.018	0.015	0.006	0.0	0.04	0.0	1.0	0.027	0.0	0.0	0.014	0.126	0.0	0.0	0.079	0.0	0.0	0.0	0.0	0.0	0.011	0.0	0.0	0.0	0.0	0.0	0.0	0.0	0.0	0.0	0.0	0.0
chr9	112736704	112736924	14635561	14635567	Bladder-Ep	chr9:112736704-112736924	U	0.019	0.903	0.0	0.0	0.0	0.0	0.0	0.024	0.0	0.0	0.004	0.0	0.0	0.021	0.0	0.134	0.0	0.0	0.03	0.018	0.0	0.102	0.0	0.0	0.0	0.005	0.003	0.007	0.0	0.0	0.0	0.0	0.0	0.0	0.0	0.172	0.0	0.0	0.053	0.0
chr9	120005335	120005664	14695108	14695115	Pancreas-Alpha	chr9:120005335-120005664	U	0.0	0.019	0.0	0.007	0.004	0.0	0.005	0.0	0.0	0.0	0.004	0.0	0.03	0.005	0.0	0.225	0.008	0.0	0.007	0.002	0.007	0.124	0.003	0.029	0.005	0.0	0.003	0.0	0.0	0.057	0.982	0.0	0.011	0.008	0.0	0.007	0.04	0.0	0.084	0.0
chr9	120650093	120650296	14700777	14700785	Fallopian-Ep	chr9:120650093-120650296	U	0.0	0.029	0.0	0.0	0.006	0.0	0.0	0.018	0.008	0.0	0.003	0.0	0.0	0.0	0.0	0.049	0.992	0.0	0.0	0.03	0.0	0.0	0.0	0.251	0.0	0.015	0.0	0.0	0.121	0.0	0.0	0.0	0.0	0.0	0.111	0.041	0.0	0.0	0.005	0.0
chr9	121300805	121300960	14707851	14707856	Adipocytes	chr9:121300805-121300960	U	0.545	0.007	0.0	0.0	0.0	0.0	0.0	0.037	0.038	0.0	0.0	0.044	0.033	0.101	0.0	0.156	0.192	0.043	0.006	0.0	0.013	0.173	0.0	0.027	0.0	0.018	0.012	0.071	0.0	0.026	0.0	0.016	0.0	0.011	0.0	0.0	0.089	0.008	0.104	0.0
chr9	121443899	121444053	14709202	14709210	Bone-Osteob	chr9:121443899-121444053	U	0.0	0.005	0.022	0.0	0.022	0.007	0.01	0.91	0.0	0.0	0.0	0.067	0.0	0.003	0.0	0.085	0.0	0.0	0.002	0.0	0.0	0.015	0.0	0.0	0.0	0.0	0.0	0.0	0.0	0.02	0.037	0.008	0.0	0.005	0.0	0.0	0.0	0.004	0.03	0.0
chr9	123505957	123506045	14734498	14734503	Heart-Cardio	chr9:123505957-123506045	U	0.0	0.0	0.0	0.0	0.0	0.0	0.0	0.074	0.0	0.0	0.0	0.029	0.0	0.022	0.0	0.039	0.0	0.0	0.0	0.0	0.985	0.033	0.007	0.0	0.03	0.0	0.004	0.0	0.0	0.0	0.0	0.0	0.0	0.0	0.0	0.014	0.0	0.0	0.042	0.0
chr9	124256981	124257172	14743313	14743321	Ovary-Ep	chr9:124256981-124257172	U	0.048	0.005	0.047	0.0	0.002	0.0	0.004	0.025	0.0	0.0	0.037	0.051	0.023	0.0	0.0	0.129	0.037	0.0	0.002	0.003	0.0	0.0	0.021	0.0	0.005	0.006	0.024	0.0	0.815	0.0	0.0	0.0	0.0	0.0	0.0	0.0	0.033	0.012	0.004	0.008
chr9	124290091	124290133	14744138	14744143	Blood-B	chr9:124290091-124290133	U	0.022	0.006	0.968	0.024	0.041	0.0	0.002	0.0	0.0	0.0	0.022	0.138	0.0	0.02	0.0	0.107	0.0	0.0	0.013	0.002	0.0	0.0	0.121	0.018	0.006	0.015	0.018	0.0	0.0	0.0	0.0	0.012	0.0	0.009	0.0	0.0	0.0	0.048	0.0	0.0
chr9	125437750	125437924	14761452	14761461	Thyroid-Ep	chr9:125437750-125437924	U	0.012	0.025	0.0	0.0	0.0	0.0	0.0	0.0	0.0	0.0	0.0	0.067	0.062	0.005	0.0	0.054	0.007	0.031	0.0	0.015	0.041	0.032	0.041	0.0	0.053	0.038	0.013	0.022	0.0	0.0	0.0	0.0	0.0	0.0	0.0	0.0	0.015	0.0	0.04	0.974
chr9	126381056	126381502	14772349	14772356	Pancreas-Delta	chr9:126381056-126381502	U	0.0	0.03	0.0	0.0	0.033	0.0	0.0	0.0	0.0	0.0	0.0	0.059	0.0	0.026	0.0	0.216	0.0	0.0	0.042	0.009	0.0	0.0	0.208	0.0	0.188	0.25	0.026	0.135	0.079	0.0	0.0	0.207	1.0	0.0	0.0	0.1	0.0	0.0	0.0	0.0
chr9	127464422	127464619	14788604	14788610	Pancreas-Delta	chr9:127464422-127464619	U	0.0	0.0	0.0	0.0	0.0	0.0	0.0	0.0	0.0	0.0	0.0	0.0	0.0	0.0	0.0	0.031	0.0	0.0	0.019	0.0	0.0	0.019	0.0	0.009	0.0	0.0	0.0	0.0	0.0	0.0	0.143	0.12	0.925	0.014	0.0	0.0	0.024	0.01	0.0	0.0
chr9	128176435	128176841	14803563	14803571	Epid-Kerat	chr9:128176435-128176841	U	0.0	0.032	0.0	0.0	0.0	0.0	0.0	0.0	0.0	0.0	0.0	0.0	0.0	0.0	0.938	0.04	0.0	0.0	0.0	0.017	0.0	0.0	0.072	0.0	0.0	0.0	0.014	0.0	0.0	0.0	0.0	0.0	0.0	0.0	0.0	0.0	0.0	0.0	0.013	0.0
chr9	129094852	129095218	14823410	14823423	Pancreas-Acinar	chr9:129094852-129095218	U	0.004	0.0	0.0	0.0	0.001	0.006	0.004	0.0	0.0	0.0	0.0	0.0	0.016	0.004	0.0	0.033	0.0	0.0	0.001	0.001	0.004	0.0	0.0	0.0	0.0	0.004	0.019	0.0	0.0	0.982	0.005	0.0	0.0	0.04	0.0	0.0	0.034	0.0	0.0	0.0
chr9	129756235	129756465	14838148	14838154	Breast-Luminal-Ep	chr9:129756235-129756465	U	0.0	0.027	0.0	0.0	0.004	0.0	0.004	0.0	0.253	0.963	0.0	0.0	0.0	0.004	0.0	0.195	0.013	0.0	0.0	0.051	0.0	0.011	0.01	0.0	0.0	0.0	0.0	0.0	0.042	0.024	0.0	0.0	0.0	0.0	0.0	0.14	0.0	0.009	0.0	0.0
chr9	130598960	130599120	14854482	14854490	Liver-Hep	chr9:130598960-130599120	U	0.0	0.0	0.0	0.0	0.004	0.0	0.001	0.0	0.0	0.0	0.0	0.0	0.0	0.0	0.0	0.0	0.0	0.0	0.0	0.0	0.0	0.0	0.0	0.911	0.0	0.0	0.0	0.0	0.006	0.0	0.0	0.0	0.0	0.0	0.0	0.0	0.0	0.0	0.009	0.0
chr9	131235699	131236192	14867012	14867028	Heart-Cardio	chr9:131235699-131236192	U	0.013	0.0	0.003	0.021	0.006	0.0	0.001	0.01	0.0	0.0	0.002	0.0	0.0	0.002	0.0	0.029	0.0	0.0	0.0	0.002	0.955	0.0	0.0	0.0	0.0	0.009	0.019	0.0	0.0	0.0	0.0	0.0	0.0	0.0	0.0	0.0	0.0	0.002	0.0	0.0
chr9	132267277	132267857	14886463	14886470	Heart-Cardio	chr9:132267277-132267857	U	0.027	0.0	0.0	0.0	0.0	0.0	0.0	0.0	0.02	0.0	0.0	0.0	0.0	0.011	0.0	0.04	0.0	0.0	0.0	0.005	0.957	0.018	0.0	0.0	0.0	0.0	0.007	0.0	0.0	0.021	0.0	0.0	0.0	0.0	0.0	0.0	0.0	0.0	0.013	0.0
chr9	136011555	136011633	14970257	14970266	Endothel	chr9:136011555-136011633	U	0.262	0.016	0.0	0.0	0.022	0.0	0.013	0.048	0.012	0.0	0.0	0.063	0.2	0.646	0.0	0.104	0.041	0.095	0.007	0.017	0.055	0.025	0.014	0.078	0.009	0.017	0.146	0.224	0.02	0.0	0.0	0.06	0.075	0.0	0.0	0.0	0.085	0.0	0.0	0.011
chr9	136211489	136211936	14976812	14976829	Breast-Basal-Ep	chr9:136211489-136211936	U	0.0	0.0	0.025	0.0	0.001	0.0	0.0	0.0	0.947	0.081	0.0	0.007	0.012	0.005	0.051	0.02	0.004	0.0	0.0	0.005	0.0	0.004	0.0	0.0	0.003	0.006	0.047	0.0	0.0	0.0	0.008	0.0	0.014	0.0	0.0	0.0	0.044	0.0	0.003	0.0
chr9	136258894	136258991	14978379	14978386	Fallopian-Ep	chr9:136258894-136258991	U	0.02	0.036	0.012	0.0	0.004	0.0	0.014	0.115	0.057	0.03	0.029	0.063	0.04	0.019	0.04	0.083	0.886	0.038	0.018	0.047	0.009	0.025	0.152	0.026	0.105	0.062	0.055	0.018	0.139	0.0	0.0	0.0	0.0	0.0	0.0	0.031	0.111	0.035	0.045	0.0
chr9	137064644	137064709	15006063	15006068	Breast-Basal-Ep	chr9:137064644-137064709	U	0.0	0.0	0.0	0.0	0.0	0.0	0.0	0.0	0.917	0.0	0.0	0.0	0.0	0.0	0.053	0.044	0.0	0.0	0.0	0.029	0.0	0.0	0.005	0.007	0.0	0.0	0.022	0.0	0.0	0.0	0.017	0.0	0.0	0.0	0.0	0.0	0.0	0.0	0.017	0.0
chr9	137137069	137137177	15008735	15008741	Skeletal-Musc	chr9:137137069-137137177	U	0.0	0.011	0.025	0.0	0.004	0.0	0.005	0.0	0.0	0.0	0.0	0.024	0.0	0.007	0.0	0.058	0.018	0.0	0.004	0.01	0.0	0.015	0.01	0.007	0.0	0.0	0.016	0.0	0.014	0.016	0.0	0.0	0.0	0.0	0.0	0.01	0.575	0.0	0.035	0.04
chr9	137389190	137389333	15018373	15018387	Eryth-prog	chr9:137389190-137389333	U	0.0	0.0	0.006	0.0	0.002	0.0	0.001	0.0	0.0	0.0	0.0	0.012	0.0	0.009	0.0	0.974	0.0	0.0	0.0	0.0	0.0	0.013	0.006	0.0	0.0	0.0	0.043	0.0	0.0	0.0	0.0	0.0	0.0	0.0	0.0	0.0	0.0	0.0	0.0	0.0
chr9	137832614	137832756	15030786	15030792	Eryth-prog	chr9:137832614-137832756	U	0.0	0.0	0.0	0.0	0.0	0.0	0.005	0.0	0.0	0.0	0.0	0.0	0.0	0.0	0.0	0.967	0.0	0.0	0.0	0.013	0.0	0.013	0.0	0.0	0.0	0.0	0.009	0.0	0.0	0.0	0.0	0.0	0.0	0.0	0.0	0.0	0.0	0.0	0.0	0.0
chr10	926892	927005	15055981	15055988	Kidney-Ep	chr10:926892-927005	U	0.027	0.0	0.052	0.0	0.0	0.0	0.001	0.0	0.0	0.008	0.019	0.011	0.0	0.001	0.0	0.008	0.0	0.024	0.006	0.002	0.0	0.0	0.909	0.0	0.0	0.0	0.0	0.0	0.022	0.022	0.0	0.0	0.025	0.026	0.0	0.0	0.011	0.004	0.005	0.0
chr10	5980727	5981498	15122383	15122391	Gallbladder	chr10:5980727-5981498	U	0.0	0.0	0.0	0.0	0.0	0.0	0.0	0.077	0.0	0.0	0.0	0.0	0.029	0.019	0.0	0.0	0.0	1.0	0.0	0.033	0.028	0.073	0.0	0.034	0.009	0.0	0.006	0.0	0.05	0.071	0.0	0.0	0.065	0.014	0.0	0.0	0.026	0.0	0.036	0.0
chr10	7243322	7243430	15138304	15138309	Blood-NK	chr10:7243322-7243430	U	0.047	0.0	0.006	0.0	0.009	0.93	0.075	0.029	0.0	0.021	0.0	0.0	0.0	0.012	0.0	0.091	0.0	0.0	0.006	0.009	0.008	0.049	0.0	0.005	0.0	0.009	0.008	0.022	0.079	0.037	0.0	0.0	0.0	0.0	0.0	0.0	0.0	0.011	0.067	0.0
chr10	8260770	8260879	15152030	15152040	Epid-Kerat	chr10:8260770-8260879	U	0.0	0.034	0.0	0.0	0.0	0.0	0.001	0.0	0.023	0.062	0.0	0.0	0.026	0.002	0.878	0.09	0.0	0.0	0.0	0.037	0.0	0.064	0.0	0.007	0.005	0.0	0.0	0.0	0.0	0.025	0.031	0.0	0.0	0.007	0.0	0.06	0.0	0.004	0.025	0.0
chr10	9229415	9229611	15159592	15159599	Bladder-Ep	chr10:9229415-9229611	U	0.0	0.919	0.0	0.006	0.004	0.0	0.032	0.0	0.0	0.0	0.003	0.023	0.091	0.041	0.096	0.19	0.0	0.0	0.002	0.004	0.0	0.038	0.031	0.026	0.0	0.0	0.057	0.0	0.0	0.035	0.075	0.019	0.0	0.0	0.0	0.093	0.0	0.005	0.046	0.0
chr10	11535116	11535840	15179629	15179635	Blood-B	chr10:11535116-11535840	U	0.0	0.0	1.0	0.0	0.226	0.0	0.04	0.0	0.0	0.0	0.0	0.2	0.0	0.009	0.0	0.0	0.2	0.0	0.0	0.017	0.0	0.0	0.0	0.0	0.0	0.0	0.0	0.0	0.167	0.0	0.0	0.0	0.0	0.0	0.2	0.0	0.0	0.0	0.0	0.143
chr10	12453430	12453547	15194858	15194863	Lung-Ep-Bron	chr10:12453430-12453547	U	0.0	0.018	0.0	0.0	0.008	0.0	0.0	0.091	0.0	0.0	0.0	0.0	0.0	0.0	0.0	0.115	0.036	0.0	0.004	0.09	0.0	0.03	0.028	0.0	0.034	0.902	0.0	0.0	0.0	0.0	0.017	0.0	0.0	0.0	0.0	0.022	0.019	0.0	0.038	0.0
chr10	13747258	13747452	15214087	15214093	Lung-Ep-Bron	chr10:13747258-13747452	U	0.0	0.0	0.017	0.0	0.013	0.017	0.065	0.0	0.0	0.0	0.0	0.071	0.0	0.002	0.0	0.16	0.011	0.0	0.0	0.062	0.0	0.0	0.0	0.0	0.064	0.952	0.03	0.0	0.0	0.0	0.0	0.0	0.0	0.0	0.0	0.0	0.061	0.0	0.016	0.0
chr10	19050020	19050383	15270319	15270345	Small-Int-Ep	chr10:19050020-19050383	U	0.0	0.005	0.0	0.007	0.005	0.017	0.002	0.028	0.0	0.007	0.006	0.0	0.0	0.005	0.0	0.083	0.0	0.0	0.002	0.002	0.0	0.052	0.0	0.009	0.0	0.0	0.0	0.0	0.0	0.005	0.008	0.0	0.0	0.0	0.0	0.0	0.0	0.991	0.026	0.0
chr10	20740368	20741105	15282134	15282139	Dermal-Fibro	chr10:20740368-20741105	U	0.429	0.189	0.0	0.0	0.0	0.0	0.014	0.286	0.0	0.0	0.0	0.154	1.0	0.036	0.0	0.238	0.0	0.0	0.0	0.0	0.0	0.04	0.0	0.0	0.0	0.0	0.0	0.0	0.143	0.071	0.0	0.059	0.0	0.0	0.0	0.0	0.111	0.0	0.231	0.0
chr10	31768933	31769102	15392120	15392126	Smooth-Musc	chr10:31768933-31769102	U	0.217	0.013	0.0	0.0	0.005	0.011	0.004	0.152	0.0	0.0	0.0	0.024	0.185	0.059	0.0	0.135	0.0	0.0	0.007	0.057	0.0	0.288	0.007	0.0	0.006	0.007	0.0	0.0	0.015	0.0	0.0	0.013	0.0	0.0	0.0	0.013	0.048	0.005	0.507	0.0
chr10	35305057	35305244	15426697	15426704	Pancreas-Beta	chr10:35305057-35305244	U	0.0	0.0	0.0	0.0	0.0	0.008	0.01	0.043	0.1	0.028	0.003	0.0	0.0	0.046	0.0	0.103	0.008	0.0	0.0	0.002	0.0	0.0	0.006	0.0	0.0	0.0	0.0	0.006	0.0	0.014	0.041	0.939	0.034	0.0	0.0	0.0	0.056	0.008	0.009	0.0
chr10	35794430	35794871	15432303	15432314	Heart-Fibro	chr10:35794430-35794871	U	0.034	0.048	0.013	0.0	0.01	0.028	0.017	0.068	0.0	0.0	0.0	0.077	0.118	0.087	0.021	0.227	0.0	0.0	0.008	0.0	0.098	0.942	0.002	0.012	0.0	0.038	0.013	0.0	0.0	0.028	0.013	0.019	0.0	0.0	0.1	0.0	0.098	0.014	0.203	0.0
chr10	49417866	49418057	15580555	15580563	Epid-Kerat	chr10:49417866-49418057	U	0.0	0.011	0.0	0.0	0.005	0.0	0.0	0.059	0.188	0.088	0.007	0.03	0.0	0.003	1.0	0.127	0.0	0.0	0.006	0.037	0.0	0.068	0.0	0.0	0.0	0.0	0.0	0.0	0.0	0.0	0.0	0.0	0.0	0.0	0.0	0.0	0.095	0.0	0.061	0.0
chr10	49756786	49756970	15584309	15584314	Smooth-Musc	chr10:49756786-49756970	U	0.16	0.071	0.123	0.0	0.021	0.147	0.167	0.259	0.016	0.056	0.008	0.103	0.25	0.092	0.0	0.37	0.0	0.0	0.048	0.027	0.0	0.273	0.0	0.0	0.042	0.05	0.0	0.0	0.0	0.145	0.0	0.0	0.0	0.0	0.0	0.0	0.0	0.0	0.542	0.0
chr10	56920728	56920784	15628992	15628998	Kidney-Ep	chr10:56920728-56920784	U	0.0	0.041	0.0	0.017	0.005	0.0	0.003	0.02	0.0	0.0	0.007	0.0	0.0	0.044	0.0	0.15	0.0	0.0	0.004	0.004	0.0	0.05	0.87	0.011	0.0	0.0	0.0	0.0	0.0	0.01	0.016	0.078	0.0	0.0	0.0	0.031	0.0	0.0	0.067	0.0
chr10	60171965	60172376	15650181	15650186	Breast-Luminal-Ep	chr10:60171965-60172376	U	0.0	0.0	0.007	0.009	0.019	0.0	0.008	0.081	0.111	0.981	0.0	0.0	0.029	0.002	0.065	0.258	0.0	0.214	0.0	0.263	0.009	0.0	0.0	0.009	0.006	0.057	0.025	0.145	0.028	0.0	0.0	0.0	0.0	0.015	0.0	0.202	0.0	0.0	0.027	0.0
chr10	70873805	70874390	15742649	15742654	Breast-Luminal-Ep	chr10:70873805-70874390	U	0.0	0.158	0.0	0.0	0.0	0.0	0.0	0.0	0.038	0.907	0.0	0.0	0.0	0.005	0.04	0.065	0.0	0.0	0.0	0.0	0.0	0.0	0.014	0.0	0.0	0.0	0.0	0.0	0.0	0.0	0.0	0.0	0.0	0.0	0.0	0.043	0.0	0.0	0.074	0.0
chr10	72091437	72091539	15760101	15760106	Blood-Mono+Macro	chr10:72091437-72091539	U	0.019	0.006	0.135	0.0	0.826	0.0	0.0	0.0	0.0	0.018	0.008	0.022	0.0	0.011	0.0	0.113	0.0	0.0	0.003	0.0	0.021	0.0	0.0	0.0	0.0	0.0	0.003	0.0	0.008	0.0	0.0	0.0	0.0	0.0	0.0	0.0	0.013	0.0	0.0	0.0
chr10	73838541	73838891	15780248	15780255	Pancreas-Alpha	chr10:73838541-73838891	U	0.0	0.0	0.0	0.0	0.0	0.0	0.002	0.087	0.0	0.0	0.0	0.02	0.0	0.004	0.0	0.182	0.0	0.0	0.004	0.01	0.0	0.011	0.11	0.054	0.0	0.0	0.005	0.0	0.0	0.0	0.94	0.205	0.029	0.01	0.0	0.0	0.021	0.027	0.0	0.0
chr10	84138416	84138609	15872442	15872447	Small-Int-Ep	chr10:84138416-84138609	U	0.0	0.105	0.0	0.0	0.0	0.0	0.002	0.0	0.0	0.0	0.132	0.022	0.0	0.005	0.0	0.027	0.015	0.0	0.0	0.0	0.0	0.0	0.0	0.0	0.0	0.049	0.0	0.0	0.0	0.0	0.0	0.032	0.0	0.0	0.0	0.0	0.0	0.973	0.0	0.0
chr10	92534018	92534234	15941186	15941192	Pancreas-Beta	chr10:92534018-92534234	U	0.014	0.0	0.0	0.0	0.0	0.0	0.009	0.0	0.009	0.0	0.0	0.017	0.0	0.002	0.0	0.036	0.0	0.0	0.0	0.006	0.0	0.008	0.0	0.0	0.0	0.0	0.0	0.013	0.0	0.0	0.06	0.892	0.019	0.0	0.0	0.008	0.0	0.0	0.007	0.0
chr10	97302500	97302837	15987946	15987954	Liver-Hep	chr10:97302500-97302837	U	0.0	0.0	0.0	0.0	0.0	0.0	0.0	0.0	0.0	0.0	0.0	0.0	0.0	0.002	0.053	0.024	0.0	0.0	0.0	0.01	0.0	0.048	0.004	0.945	0.0	0.0	0.0	0.0	0.0	0.01	0.029	0.0	0.0	0.0	0.0	0.0	0.0	0.01	0.0	0.0
chr10	98529063	98529074	16004484	16004489	Bone-Osteob	chr10:98529063-98529074	U	0.019	0.01	0.0	0.0	0.004	0.0	0.0	0.94	0.0	0.0	0.003	0.01	0.025	0.04	0.0	0.107	0.007	0.0	0.004	0.0	0.0	0.006	0.003	0.003	0.0	0.0	0.013	0.011	0.007	0.01	0.0	0.0	0.0	0.0	0.0	0.0	0.01	0.0	0.017	0.0
chr10	103374221	103374687	16067503	16067510	Colon-Ep	chr10:103374221-103374687	U	0.0	0.011	0.0	0.0	0.005	0.0	0.008	0.0	0.016	0.0	1.0	0.087	0.0	0.0	0.0	0.129	0.0	0.0	0.014	0.013	0.0	0.0	0.0	0.0	0.0	0.0	0.0	0.0	0.0	0.016	0.0	0.026	0.058	0.0	0.0	0.041	0.0	0.035	0.01	0.0
chr10	108325807	108326019	16106631	16106637	Dermal-Fibro	chr10:108325807-108326019	U	0.135	0.016	0.0	0.008	0.005	0.009	0.002	0.188	0.009	0.009	0.0	0.06	0.879	0.025	0.0	0.308	0.0	0.0	0.004	0.01	0.0	0.219	0.003	0.041	0.0	0.0	0.056	0.006	0.014	0.094	0.039	0.009	0.019	0.0	0.0	0.013	0.0	0.0	0.088	0.0
chr10	113151854	113151920	16146681	16146687	Blood-Mono+Macro	chr10:113151854-113151920	U	0.108	0.0	0.0	0.0	0.76	0.0	0.019	0.0	0.013	0.014	0.0	0.0	0.0	0.0	0.0	0.067	0.0	0.0	0.0	0.0	0.011	0.0	0.0	0.02	0.0	0.0	0.009	0.011	0.0	0.0	0.0	0.0	0.0	0.0	0.0	0.0	0.0	0.036	0.0	0.0
chr10	119790865	119791256	16216918	16216927	Pancreas-Beta	chr10:119790865-119791256	U	0.0	0.0	0.006	0.0	0.0	0.0	0.0	0.0	0.0	0.0	0.0	0.0	0.086	0.002	0.0	0.148	0.0	0.0	0.003	0.003	0.0	0.042	0.004	0.0	0.0	0.0	0.0	0.008	0.022	0.008	0.17	0.989	0.082	0.01	0.0	0.0	0.0	0.0	0.013	0.014
chr10	121673410	121673608	16235386	16235394	Epid-Kerat	chr10:121673410-121673608	U	0.0	0.006	0.0	0.0	0.005	0.0	0.0	0.0	0.0	0.0	0.0	0.0	0.0	0.002	0.923	0.123	0.0	0.0	0.0	0.133	0.0	0.017	0.0	0.0	0.0	0.0	0.0	0.0	0.01	0.0	0.0	0.0	0.0	0.0	0.0	0.0	0.0	0.0	0.015	0.0
chr10	122983916	122985056	16251264	16251275	Liver-Hep	chr10:122983916-122985056	U	0.0	0.0	0.0	0.0	0.0	0.0	0.005	0.0	0.0	0.0	0.0	0.0	0.0	0.004	0.0	0.0	0.0	0.0	0.007	0.0	0.0	0.0	0.0	0.955	0.0	0.0	0.0	0.0	0.0	0.0	0.0	0.0	0.0	0.0	0.0	0.0	0.0	0.0	0.0	0.0
chr10	124122380	124122453	16265540	16265547	Skeletal-Musc	chr10:124122380-124122453	U	0.0	0.0	0.0	0.0	0.002	0.007	0.0	0.0	0.0	0.0	0.006	0.0	0.021	0.003	0.0	0.101	0.0	0.0	0.0	0.002	0.0	0.006	0.059	0.0	0.0	0.0	0.0	0.0	0.0	0.011	0.007	0.0	0.008	0.0	0.0	0.006	0.627	0.0	0.015	0.0
chr10	124601275	124601435	16273487	16273495	Blood-B	chr10:124601275-124601435	U	0.0	0.005	0.975	0.0	0.015	0.071	0.001	0.036	0.0	0.0	0.0	0.125	0.0	0.017	0.0	0.03	0.0	0.0	0.0	0.0	0.0	0.0	0.0	0.0	0.0	0.0	0.0	0.0	0.0	0.0	0.0	0.0	0.0	0.0	0.0	0.0	0.053	0.0	0.0	0.0
chr10	124808171	124808466	16277538	16277555	Small-Int-Ep	chr10:124808171-124808466	U	0.0	0.0	0.0	0.0	0.0	0.0	0.001	0.0	0.0	0.0	0.006	0.0	0.0	0.001	0.0	0.008	0.0	0.02	0.0	0.001	0.0	0.0	0.0	0.002	0.006	0.004	0.0	0.0	0.0	0.0	0.005	0.0	0.0	0.0	0.0	0.0	0.0	0.95	0.003	0.0
chr10	129131115	129131255	16330639	16330645	Bone-Osteob	chr10:129131115-129131255	U	0.022	0.0	0.0	0.0	0.007	0.0	0.004	0.962	0.0	0.014	0.006	0.0	0.13	0.004	0.048	0.091	0.0	0.0	0.024	0.0	0.0	0.0	0.0	0.007	0.008	0.011	0.0	0.0	0.0	0.01	0.053	0.0	0.016	0.0	0.0	0.0	0.0	0.011	0.046	0.0
chr10	129473122	129473443	16334745	16334755	Blood-B	chr10:129473122-129473443	U	0.006	0.003	0.94	0.005	0.018	0.0	0.001	0.0	0.006	0.0	0.0	0.147	0.0	0.014	0.0	0.082	0.0	0.029	0.002	0.006	0.0	0.011	0.002	0.0	0.004	0.0	0.004	0.009	0.0	0.004	0.0	0.0	0.0	0.0	0.0	0.0	0.0	0.0	0.018	0.0
chr10	132179717	132179800	16380648	16380653	Bladder-Ep	chr10:132179717-132179800	U	0.0	0.846	0.0	0.0	0.008	0.0	0.007	0.054	0.0	0.0	0.0	0.037	0.0	0.028	0.0	0.121	0.0	0.0	0.049	0.0	0.013	0.06	0.0	0.0	0.006	0.0	0.0	0.0	0.01	0.0	0.0	0.0	0.0	0.0	0.0	0.051	0.0	0.0	0.044	0.0
chr10	132746046	132746363	16396496	16396507	Thyroid-Ep	chr10:132746046-132746363	U	0.0	0.027	0.0	0.0	0.001	0.0	0.0	0.016	0.005	0.018	0.0	0.0	0.0	0.0	0.0	0.076	0.0	0.0	0.003	0.001	0.0	0.0	0.003	0.0	0.0	0.004	0.024	0.0	0.0	0.0	0.0	0.0	0.0	0.0	0.0	0.0	0.0	0.0	0.006	1.0
chr11	272256	272629	16430988	16431002	Small-Int-Ep	chr11:272256-272629	U	0.0	0.0	0.011	0.0	0.0	0.0	0.001	0.017	0.0	0.0	0.0	0.0	0.0	0.005	0.0	0.091	0.0	0.073	0.0	0.001	0.014	0.031	0.019	0.018	0.004	0.0	0.0	0.0	0.006	0.005	0.0	0.015	0.008	0.0	0.0	0.004	0.0	0.988	0.033	0.0
chr11	277977	278131	16431041	16431049	Small-Int-Ep	chr11:277977-278131	U	0.033	0.043	0.0	0.0	0.005	0.0	0.019	0.133	0.0	0.0	0.029	0.046	0.033	0.065	0.091	0.149	0.023	0.0	0.058	0.038	0.0	0.116	0.013	0.008	0.029	0.008	0.006	0.027	0.024	0.021	0.04	0.0	0.023	0.008	0.0	0.035	0.033	0.961	0.147	0.011
chr11	283462	283609	16431371	16431381	Small-Int-Ep	chr11:283462-283609	U	0.005	0.005	0.0	0.0	0.002	0.0	0.036	0.016	0.0	0.0	0.032	0.0	0.0	0.0	0.0	0.063	0.0	0.0	0.004	0.003	0.005	0.011	0.003	0.0	0.009	0.0	0.002	0.0	0.007	0.0	0.016	0.015	0.0	0.014	0.0	0.0	0.0	0.952	0.0	0.007
chr11	440819	440895	16437181	16437188	Small-Int-Ep	chr11:440819-440895	U	0.0	0.0	0.007	0.007	0.007	0.0	0.003	0.0	0.0	0.0	0.033	0.0	0.0	0.008	0.0	0.088	0.0	0.0	0.0	0.028	0.0	0.009	0.0	0.0	0.011	0.007	0.0	0.008	0.0	0.007	0.0	0.0	0.0	0.0	0.0	0.0	0.0	0.962	0.016	0.0
chr11	868452	868669	16453321	16453334	Pancreas-Acinar	chr11:868452-868669	U	0.0	0.0	0.005	0.0	0.005	0.0	0.004	0.0	0.0	0.0	0.0	0.008	0.0	0.005	0.0	0.016	0.0	0.0	0.0	0.004	0.0	0.006	0.0	0.0	0.007	0.0	0.0	0.0	0.0	0.954	0.0	0.03	0.0	0.011	0.0	0.0	0.0	0.0	0.004	0.0
chr11	939169	939468	16455357	16455362	Kidney-Ep	chr11:939169-939468	U	0.0	0.0	0.009	0.0	0.0	0.0	0.002	0.0	0.0	0.0	0.0	0.0	0.0	0.008	0.0	0.037	0.0	0.103	0.0	0.003	0.0	0.0	0.82	0.005	0.0	0.0	0.01	0.009	0.0	0.008	0.01	0.011	0.0	0.016	0.0	0.008	0.0	0.0	0.023	0.0
chr11	1226601	1226749	16463607	16463622	Gallbladder	chr11:1226601-1226749	U	0.032	0.0	0.0	0.0	0.0	0.0	0.001	0.0	0.007	0.006	0.0	0.0	0.022	0.003	0.0	0.043	0.0	0.962	0.0	0.007	0.0	0.026	0.002	0.003	0.008	0.02	0.002	0.0	0.0	0.025	0.0	0.0	0.0	0.006	0.0	0.0	0.0	0.008	0.037	0.0
chr11	1228579	1228667	16463694	16463702	Gallbladder	chr11:1228579-1228667	U	0.0	0.0	0.007	0.0	0.0	0.0	0.0	0.0	0.0	0.0	0.0	0.0	0.0	0.001	0.0	0.048	0.0	1.0	0.0	0.002	0.0	0.0	0.003	0.0	0.0	0.0	0.0	0.0	0.064	0.0	0.0	0.0	0.0	0.0	0.0	0.0	0.0	0.011	0.006	0.0
chr11	1228716	1228824	16463704	16463712	Gallbladder	chr11:1228716-1228824	U	0.0	0.0	0.0	0.0	0.0	0.0	0.003	0.0	0.0	0.0	0.0	0.0	0.0	0.005	0.053	0.038	0.0	1.0	0.0	0.007	0.0	0.0	0.0	0.014	0.008	0.033	0.0	0.0	0.057	0.0	0.0	0.0	0.0	0.0	0.0	0.01	0.0	0.0	0.0	0.0
chr11	2153328	2153410	16488742	16488748	Pancreas-Beta	chr11:2153328-2153410	U	0.0	0.0	0.008	0.0	0.0	0.0	0.0	0.0	0.0	0.0	0.015	0.0	0.0	0.006	0.0	0.066	0.0	0.0	0.004	0.003	0.0	0.012	0.0	0.026	0.0	0.008	0.0	0.0	0.0	0.016	0.013	0.968	0.0	0.0	0.0	0.0	0.0	0.015	0.017	0.0
chr11	2154813	2155073	16488779	16488790	Pancreas-Beta	chr11:2154813-2155073	U	0.005	0.0	0.0	0.0	0.002	0.0	0.003	0.019	0.0	0.0	0.015	0.008	0.0	0.001	0.0	0.046	0.0	0.0	0.0	0.006	0.0	0.0	0.003	0.053	0.005	0.0	0.05	0.0	0.007	0.012	0.008	0.984	0.009	0.007	0.0	0.006	0.011	0.016	0.022	0.0
chr11	3149488	3149592	16510030	16510037	Small-Int-Ep	chr11:3149488-3149592	U	0.0	0.0	0.0	0.012	0.02	0.05	0.0	0.023	0.071	0.0	0.0	0.0	0.03	0.002	0.0	0.109	0.0	0.0	0.0	0.005	0.011	0.0	0.0	0.004	0.0	0.0	0.039	0.0	0.0	0.007	0.01	0.0	0.0	0.009	0.0	0.0	0.097	0.929	0.0	0.0
chr11	8237386	8237627	16556726	16556737	Pancreas-Alpha	chr11:8237386-8237627	U	0.0	0.0	0.0	0.0	0.0	0.0	0.003	0.0	0.0	0.0	0.0	0.0	0.0	0.003	0.021	0.114	0.0	0.0	0.0	0.002	0.0	0.023	0.0	0.003	0.0	0.0	0.0	0.0	0.0	0.016	0.92	0.151	0.0	0.0	0.0	0.0	0.173	0.0	0.019	0.0
chr11	14542827	14543111	16617194	16617204	Colon-Ep	chr11:14542827-14543111	U	0.007	0.0	0.0	0.006	0.006	0.0	0.0	0.0	0.0	0.0	0.905	0.0	0.0	0.002	0.0	0.022	0.0	0.0	0.0	0.0	0.0	0.0	0.003	0.0	0.005	0.0	0.013	0.0	0.03	0.005	0.0	0.0	0.0	0.0	0.0	0.005	0.0	0.0	0.009	0.0
chr11	17132490	17133877	16636007	16636024	Pancreas-Beta	chr11:17132490-17133877	U	0.0	0.0	0.0	0.0	0.0	0.0	0.0	0.0	0.0	0.01	0.0	0.0	0.0	0.0	0.0	0.024	0.007	0.0	0.0	0.0	0.0	0.0	0.0	0.0	0.0	0.008	0.006	0.0	0.0	0.012	0.009	0.963	0.086	0.006	0.0	0.0	0.0	0.0	0.006	0.0
chr11	17739465	17739825	16643391	16643398	Neuron	chr11:17739465-17739825	U	0.037	0.011	0.016	0.029	0.015	0.014	0.039	0.15	0.011	0.0	0.009	0.038	0.026	0.048	0.0	0.243	0.011	0.0	0.029	0.012	0.016	0.059	0.003	0.004	0.051	0.007	0.912	0.033	0.01	0.099	0.009	0.0	0.0	0.008	0.0	0.0	0.022	0.021	0.128	0.0
chr11	27440094	27440343	16710839	16710845	Lung-Ep-Bron	chr11:27440094-27440343	U	0.0	0.008	0.0	0.0	0.006	0.0	0.004	0.037	0.0	0.0	0.005	0.023	0.0	0.002	0.0	0.037	0.0	0.0	0.003	0.033	0.0	0.0	0.004	0.0	0.008	0.843	0.094	0.0	0.0	0.015	0.0	0.0	0.0	0.0	0.0	0.0	0.02	0.0	0.008	0.0
chr11	27480944	27481099	16711375	16711381	Adipocytes	chr11:27480944-27481099	U	0.692	0.059	0.009	0.0	0.0	0.013	0.004	0.206	0.011	0.014	0.0	0.066	0.267	0.042	0.0	0.075	0.0	0.0	0.0	0.01	0.009	0.018	0.004	0.004	0.0	0.0	0.0	0.0	0.0	0.0	0.0	0.0	0.015	0.0	0.0	0.0	0.119	0.0	0.038	0.0
chr11	28673965	28674133	16719002	16719007	Dermal-Fibro	chr11:28673965-28674133	U	0.293	0.101	0.014	0.0	0.005	0.058	0.015	0.261	0.0	0.019	0.033	0.303	0.972	0.12	0.0	0.233	0.169	0.0	0.03	0.296	0.0	0.0	0.031	0.044	0.013	0.0	0.0	0.015	0.098	0.014	0.0	0.0	0.042	0.041	0.0	0.026	0.211	0.016	0.165	0.0
chr11	33197976	33198159	16751930	16751939	Blood-Mono+Macro	chr11:33197976-33198159	U	0.139	0.005	0.0	0.007	0.821	0.026	0.004	0.044	0.0	0.0	0.0	0.01	0.0	0.0	0.0	0.098	0.0	0.0	0.0	0.002	0.007	0.0	0.005	0.02	0.0	0.025	0.009	0.011	0.006	0.011	0.0	0.0	0.0	0.007	0.0	0.0	0.061	0.004	0.004	0.0
chr11	39868737	39869138	16802898	16802903	Smooth-Musc	chr11:39868737-39869138	U	0.154	0.179	0.067	0.0	0.0	0.0	0.093	0.6	0.0	0.0	0.125	0.143	0.0	0.101	0.0	0.368	0.0	0.0	0.073	0.068	0.118	0.529	0.0	0.176	0.038	0.062	0.027	0.0	0.2	0.44	0.0	0.111	0.0	0.0	0.0	0.048	0.1	0.0	0.833	0.0
chr11	47615870	47616499	16879062	16879073	Blood-NK	chr11:47615870-47616499	U	0.009	0.005	0.0	0.008	0.023	0.864	0.046	0.0	0.028	0.0	0.014	0.0	0.0	0.006	0.0	0.024	0.026	0.0	0.007	0.002	0.02	0.008	0.007	0.009	0.01	0.0	0.012	0.021	0.007	0.015	0.03	0.0	0.0	0.0	0.0	0.0	0.0	0.005	0.0	0.0
chr11	47712906	47713078	16880529	16880537	Blood-Granul	chr11:47712906-47713078	U	0.005	0.0	0.0	0.939	0.094	0.0	0.001	0.0	0.0	0.0	0.002	0.0	0.0	0.0	0.0	0.046	0.0	0.0	0.0	0.002	0.005	0.0	0.0	0.006	0.008	0.0	0.0	0.0	0.0	0.008	0.0	0.0	0.0	0.0	0.0	0.0	0.11	0.0	0.004	0.0
chr11	47951109	47951523	16884148	16884155	Blood-Granul	chr11:47951109-47951523	U	0.011	0.0	0.14	0.975	0.075	0.0	0.0	0.0	0.01	0.0	0.0	0.087	0.0	0.012	0.0	0.092	0.0	0.0	0.0	0.003	0.0	0.0	0.0	0.0	0.013	0.0	0.0	0.0	0.0	0.0	0.0	0.0	0.0	0.0	0.0	0.0	0.121	0.0	0.006	0.0
chr11	61102972	61103215	16999002	16999013	Blood-T	chr11:61102972-61103215	U	0.182	0.004	0.0	0.0	0.041	0.0	0.944	0.04	0.023	0.0	0.024	0.065	0.22	0.023	0.0	0.13	0.0	0.0	0.015	0.002	0.0	0.098	0.007	0.014	0.02	0.0	0.0	0.0	0.0	0.0	0.0	0.0	0.0	0.006	0.0	0.0	0.032	0.008	0.151	0.0
chr11	61103399	61103629	16999014	16999019	Blood-T	chr11:61103399-61103629	U	0.07	0.057	0.014	0.0	0.097	0.024	0.97	0.2	0.0	0.0	0.083	0.121	0.059	0.032	0.0	0.236	0.021	0.0	0.089	0.071	0.0	0.114	0.016	0.011	0.015	0.032	0.0	0.0	0.02	0.016	0.0	0.0	0.0	0.025	0.0	0.016	0.03	0.013	0.257	0.0
chr11	62537015	62537055	17023645	17023650	Adipocytes	chr11:62537015-62537055	U	0.679	0.0	0.0	0.0	0.003	0.0	0.0	0.0	0.01	0.01	0.018	0.082	0.069	0.218	0.0	0.034	0.0	0.0	0.003	0.0	0.017	0.081	0.009	0.005	0.046	0.016	0.0	0.0	0.0	0.009	0.0	0.012	0.0	0.0	0.0	0.0	0.136	0.006	0.182	0.0
chr11	62707263	62707607	17027940	17027951	Neuron	chr11:62707263-62707607	U	0.0	0.0	0.0	0.0	0.0	0.0	0.0	0.043	0.008	0.015	0.0	0.0	0.0	0.004	0.0	0.045	0.0	0.02	0.004	0.002	0.032	0.008	0.19	0.0	0.006	0.016	0.924	0.223	0.0	0.013	0.023	0.039	0.174	0.0	0.0	0.012	0.0	0.0	0.024	0.0
chr11	64635418	64635651	17060688	17060694	Neuron	chr11:64635418-64635651	U	0.034	0.0	0.0	0.0	0.0	0.182	0.028	0.1	0.0	0.0	0.0	0.087	0.0	0.0	0.0	0.057	0.0	0.0	0.018	0.014	0.0	0.0	0.0	0.0	0.023	0.048	0.872	0.03	0.0	0.038	0.0	0.037	0.0	0.0	0.0	0.0	0.036	0.0	0.019	0.025
chr11	65612273	65612492	17082820	17082827	Endothel	chr11:65612273-65612492	U	0.386	0.02	0.073	0.268	0.152	0.061	0.046	0.054	0.02	0.0	0.008	0.212	0.057	0.744	0.0	0.108	0.0	0.033	0.008	0.025	0.051	0.124	0.017	0.04	0.0	0.0	0.029	0.016	0.033	0.007	0.0	0.0	0.053	0.0	0.25	0.0	0.145	0.087	0.083	0.0
chr11	65826856	65827024	17087935	17087943	Small-Int-Ep	chr11:65826856-65827024	U	0.0	0.0	0.009	0.0	0.008	0.007	0.001	0.0	0.0	0.0	0.009	0.01	0.0	0.0	0.0	0.064	0.015	0.0	0.006	0.01	0.006	0.022	0.003	0.004	0.017	0.006	0.0	0.0	0.0	0.005	0.0	0.0	0.01	0.0	0.0	0.0	0.0	0.99	0.005	0.0
chr11	66871534	66872006	17109682	17109702	Breast-Basal-Ep	chr11:66871534-66872006	U	0.0	0.0	0.0	0.0	0.002	0.0	0.001	0.0	0.907	0.076	0.0	0.0	0.0	0.0	0.0	0.022	0.0	0.0	0.0	0.001	0.006	0.004	0.0	0.0	0.007	0.0	0.0	0.0	0.004	0.0	0.0	0.004	0.0	0.0	0.0	0.009	0.0	0.002	0.003	0.0
chr11	68013742	68014056	17132345	17132355	Lung-Ep-Alveo	chr11:68013742-68014056	U	0.012	0.029	0.0	0.0	0.008	0.0	0.004	0.0	0.031	0.0	0.0	0.023	0.0	0.003	0.0	0.026	0.0	0.019	0.011	0.003	0.0	0.006	0.018	0.0	0.871	0.019	0.002	0.0	0.018	0.0	0.0	0.0	0.0	0.033	0.0	0.0	0.0	0.0	0.004	0.0
chr11	68597894	68598454	17143516	17143527	Megakaryocytes	chr11:68597894-68598454	U	0.019	0.0	0.0	0.006	0.0	0.0	0.001	0.0	0.0	0.0	0.0	0.0	0.0	0.072	0.0	0.022	0.0	0.0	0.002	0.002	0.016	0.0	0.0	0.0	0.0	0.0	0.024	0.079	0.0	0.005	0.0	0.0	0.0	0.0	0.895	0.0	0.0	0.0	0.0	0.0
chr11	68783400	68783869	17146898	17146914	Heart-Cardio	chr11:68783400-68783869	U	0.0	0.0	0.0	0.0	0.0	0.0	0.004	0.038	0.0	0.0	0.0	0.0	0.0	0.001	0.027	0.011	0.0	0.0	0.002	0.002	0.948	0.005	0.0	0.0	0.003	0.0	0.0	0.0	0.0	0.0	0.0	0.005	0.0	0.008	0.0	0.0	0.0	0.0	0.006	0.0
chr11	70526501	70526689	17180747	17180755	Lung-Ep-Alveo	chr11:70526501-70526689	U	0.019	0.004	0.005	0.0	0.016	0.006	0.012	0.0	0.022	0.123	0.003	0.086	0.023	0.029	0.0	0.13	0.0	0.037	0.002	0.009	0.0	0.049	0.003	0.0	0.944	0.0	0.022	0.016	0.015	0.005	0.013	0.0	0.0	0.0	0.0	0.027	0.021	0.0	0.089	0.0
chr11	70839386	70839498	17186902	17186907	Adipocytes	chr11:70839386-70839498	U	0.643	0.0	0.122	0.299	0.166	0.098	0.127	0.0	0.021	0.021	0.0	0.107	0.176	0.121	0.0	0.347	0.0	0.0	0.0	0.023	0.0	0.018	0.0	0.031	0.0	0.0	0.022	0.0	0.0	0.0	0.0	0.0	0.0	0.0	0.0	0.0	0.105	0.0	0.123	0.0
chr11	72177388	72177737	17205535	17205546	Fallopian-Ep	chr11:72177388-72177737	U	0.008	0.011	0.01	0.0	0.004	0.008	0.001	0.049	0.042	0.0	0.0	0.032	0.023	0.008	0.0	0.092	0.812	0.045	0.0	0.002	0.0	0.081	0.003	0.003	0.01	0.0	0.008	0.0	0.086	0.0	0.0	0.012	0.009	0.0	0.0	0.0	0.011	0.0	0.067	0.009
chr11	72311010	72311299	17207670	17207676	Pancreas-Delta	chr11:72311010-72311299	U	0.0	0.009	0.0	0.038	0.005	0.037	0.005	0.0	0.0	0.02	0.0	0.0	0.0	0.002	0.0	0.136	0.057	0.0	0.005	0.037	0.0	0.025	0.048	0.0	0.0	0.024	0.0	0.0	0.013	0.013	0.0	0.043	0.797	0.0	0.0	0.011	0.05	0.0	0.011	0.0
chr11	73211627	73212648	17218053	17218064	Skeletal-Musc	chr11:73211627-73212648	U	0.0	0.0	0.0	0.0	0.023	0.0	0.003	0.038	0.007	0.007	0.003	0.009	0.0	0.0	0.0	0.068	0.0	0.0	0.0	0.064	0.054	0.006	0.0	0.0	0.004	0.111	0.0	0.0	0.0	0.0	0.0	0.0	0.0	0.0	0.0	0.0	0.741	0.0	0.017	0.008
chr11	74022616	74022885	17228842	17228848	Blood-Mono+Macro	chr11:74022616-74022885	U	0.098	0.0	0.0	0.071	0.867	0.0	0.0	0.0	0.0	0.021	0.0	0.067	0.0	0.008	0.0	0.013	0.0	0.0	0.005	0.0	0.015	0.046	0.006	0.016	0.0	0.0	0.013	0.0	0.0	0.0	0.0	0.0	0.039	0.0	0.0	0.021	0.0	0.0	0.024	0.0
chr11	75300135	75300705	17240808	17240817	Blood-NK	chr11:75300135-75300705	U	0.008	0.007	0.017	0.0	0.01	0.864	0.044	0.034	0.0	0.01	0.0	0.013	0.0	0.007	0.042	0.051	0.0	0.0	0.005	0.002	0.008	0.015	0.0	0.004	0.0	0.0	0.02	0.0	0.008	0.0	0.0	0.0	0.0	0.0	0.0	0.0	0.0	0.005	0.0	0.0
chr11	75825997	75826219	17248352	17248360	Adipocytes	chr11:75825997-75826219	U	0.618	0.0	0.065	0.0	0.075	0.0	0.001	0.208	0.022	0.008	0.003	0.05	0.294	0.112	0.0	0.042	0.0	0.0	0.002	0.039	0.0	0.281	0.008	0.0	0.0	0.006	0.021	0.006	0.012	0.0	0.0	0.0	0.0	0.0	0.0	0.0	0.028	0.008	0.028	0.0
chr11	83132839	83132911	17309749	17309757	Prostate-Ep	chr11:83132839-83132911	U	0.0	0.075	0.0	0.0	0.0	0.0	0.0	0.029	0.0	0.0	0.0	0.019	0.0	0.0	0.0	0.016	0.0	0.0	0.0	0.057	0.0	0.0	0.007	0.0	0.0	0.0	0.003	0.0	0.088	0.0	0.0	0.0	0.0	0.0	0.0	0.656	0.0	0.0	0.0	0.036
chr11	97907616	97908053	17407775	17407782	Fallopian-Ep	chr11:97907616-97908053	U	0.0	0.016	0.0	0.0	0.025	0.0	0.005	0.083	0.0	0.0	0.0	0.0	0.0	0.025	0.0	0.065	0.947	0.0	0.04	0.0	0.0	0.049	0.0	0.033	0.0	0.0	0.0	0.0	0.214	0.159	0.0	0.088	0.0	0.047	0.0	0.0	0.0	0.0	0.164	0.0
chr11	104685649	104686581	17452669	17452675	Pancreas-Delta	chr11:104685649-104686581	U	0.0	0.214	0.0	0.0	0.0	0.0	0.0	0.0	0.0	0.111	0.08	0.0	0.0	0.034	0.0	0.375	0.0	0.0	0.022	0.091	0.0	0.0	0.0	0.235	0.0	0.0	0.0	0.0	0.0	0.222	0.091	0.0	1.0	0.0	0.0	0.0	0.0	0.0	0.0	0.0
chr11	118304916	118305780	17570807	17570821	Blood-T	chr11:118304916-118305780	U	0.014	0.01	0.004	0.0	0.04	0.273	0.987	0.037	0.005	0.0	0.021	0.093	0.0	0.005	0.0	0.17	0.006	0.0	0.001	0.003	0.0	0.061	0.004	0.002	0.004	0.0	0.002	0.0	0.005	0.013	0.018	0.006	0.021	0.005	0.059	0.0	0.009	0.007	0.107	0.0
chr11	118339444	118340659	17571285	17571295	Blood-T	chr11:118339444-118340659	U	0.0	0.0	0.0	0.0	0.043	0.024	0.946	0.031	0.0	0.0	0.008	0.083	0.061	0.007	0.0	0.147	0.0	0.0	0.006	0.0	0.0	0.119	0.0	0.005	0.0	0.0	0.015	0.0	0.0	0.088	0.058	0.0	0.0	0.008	0.0	0.0	0.0	0.0	0.088	0.011
chr11	118342812	118343223	17571315	17571323	Blood-T	chr11:118342812-118343223	U	0.035	0.011	0.027	0.0	0.044	0.074	0.969	0.02	0.0	0.0	0.0	0.072	0.023	0.023	0.0	0.206	0.0	0.0	0.0	0.0	0.021	0.108	0.003	0.014	0.0	0.0	0.0	0.0	0.0	0.0	0.03	0.01	0.034	0.0	0.0	0.011	0.076	0.005	0.072	0.0
chr11	118343580	118343817	17571329	17571338	Blood-T	chr11:118343580-118343817	U	0.022	0.004	0.038	0.018	0.04	0.034	0.907	0.103	0.006	0.0	0.013	0.106	0.026	0.006	0.0	0.172	0.0	0.0	0.005	0.014	0.0	0.06	0.01	0.003	0.011	0.005	0.004	0.0	0.01	0.014	0.013	0.01	0.0	0.0	0.083	0.0	0.028	0.008	0.059	0.0
chr11	119058283	119058343	17582780	17582785	Pancreas-Acinar	chr11:119058283-119058343	U	0.007	0.0	0.0	0.0	0.0	0.0	0.0	0.0	0.008	0.0	0.003	0.0	0.0	0.008	0.024	0.0	0.007	0.034	0.008	0.013	0.0	0.042	0.007	0.044	0.019	0.007	0.0	0.006	0.0	0.969	0.009	0.01	0.0	0.037	0.0	0.005	0.0	0.005	0.01	0.028
chr11	134058306	134058381	17746433	17746439	Blood-T	chr11:134058306-134058381	U	0.007	0.02	0.005	0.0	0.067	0.198	0.91	0.049	0.0	0.0	0.0	0.073	0.0	0.004	0.0	0.187	0.0	0.0	0.01	0.005	0.006	0.034	0.0	0.065	0.0	0.0	0.0	0.0	0.0	0.024	0.096	0.012	0.0	0.042	0.0	0.007	0.0	0.0	0.016	0.019
chr12	553844	554024	17769879	17769886	Adipocytes	chr12:553844-554024	U	0.741	0.0	0.082	0.051	0.043	0.044	0.261	0.0	0.009	0.032	0.0	0.13	0.36	0.207	0.0	0.178	0.0	0.0	0.0	0.009	0.031	0.012	0.008	0.014	0.0	0.0	0.022	0.024	0.0	0.048	0.0	0.0	0.0	0.0	0.0	0.0	0.121	0.0	0.047	0.0
chr12	923779	923879	17775147	17775154	Blood-Mono+Macro	chr12:923779-923879	U	0.038	0.006	0.004	0.0	0.724	0.0	0.0	0.024	0.0	0.0	0.003	0.025	0.0	0.0	0.0	0.006	0.0	0.0	0.0	0.0	0.0	0.0	0.0	0.007	0.0	0.0	0.021	0.025	0.0	0.0	0.0	0.0	0.0	0.0	0.0	0.0	0.063	0.0	0.004	0.0
chr12	1643186	1643555	17784716	17784727	Heart-Cardio	chr12:1643186-1643555	U	0.0	0.0	0.004	0.006	0.0	0.007	0.002	0.0	0.0	0.0	0.0	0.0	0.0	0.003	0.0	0.037	0.0	0.0	0.0	0.0	0.957	0.0	0.0	0.003	0.0	0.0	0.004	0.0	0.0	0.0	0.0	0.008	0.0	0.007	0.0	0.0	0.0	0.004	0.004	0.0
chr12	1794652	1794704	17786557	17786562	Adipocytes	chr12:1794652-1794704	U	0.575	0.097	0.0	0.0	0.005	0.0	0.0	0.0	0.027	0.0	0.0	0.038	0.0	0.174	0.0	0.019	0.0	0.0	0.005	0.005	0.014	0.0	0.0	0.0	0.006	0.009	0.0	0.0	0.025	0.012	0.0	0.0	0.012	0.0	0.0	0.096	0.06	0.0	0.036	0.0
chr12	1970915	1971690	17789730	17789741	Heart-Cardio	chr12:1970915-1971690	U	0.0	0.0	0.0	0.0	0.004	0.0	0.0	0.0	0.0	0.0	0.0	0.0	0.0	0.001	0.028	0.038	0.0	0.0	0.0	0.0	0.974	0.007	0.0	0.007	0.0	0.0	0.0	0.0	0.0	0.006	0.0	0.0	0.0	0.0	0.0	0.0	0.0	0.0	0.005	0.0
chr12	4315051	4315173	17823657	17823662	Epid-Kerat	chr12:4315051-4315173	U	0.0	0.011	0.0	0.0	0.0	0.0	0.0	0.069	0.0	0.0	0.0	0.0	0.056	0.0	1.0	0.129	0.0	0.0	0.005	0.071	0.0	0.068	0.0	0.021	0.0	0.0	0.0	0.0	0.0	0.0	0.0	0.0	0.0	0.0	0.0	0.0	0.0	0.011	0.02	0.0
chr12	5367462	5367944	17834460	17834468	Smooth-Musc	chr12:5367462-5367944	U	0.295	0.0	0.031	0.0	0.011	0.0	0.015	0.25	0.0	0.0	0.0	0.045	0.286	0.081	0.059	0.329	0.0	0.071	0.067	0.014	0.0	0.169	0.042	0.05	0.043	0.108	0.006	0.0	0.026	0.102	0.06	0.019	0.053	0.08	0.0	0.034	0.071	0.021	0.505	0.0
chr12	5849794	5850138	17839392	17839401	Megakaryocytes	chr12:5849794-5850138	U	0.0	0.0	0.007	0.0	0.0	0.0	0.006	0.044	0.0	0.0	0.0	0.012	0.0	0.0	0.0	0.187	0.0	0.0	0.003	0.005	0.015	0.027	0.0	0.0	0.0	0.0	0.0	0.0	0.0	0.014	0.035	0.011	0.011	0.031	1.0	0.006	0.0	0.0	0.11	0.011
chr12	9677629	9678169	17892774	17892782	Blood-T	chr12:9677629-9678169	U	0.0	0.0	0.01	0.0	0.036	0.182	0.938	0.0	0.0	0.049	0.007	0.098	0.0	0.004	0.0	0.065	0.0	0.0	0.0	0.016	0.0	0.012	0.0	0.0	0.009	0.0	0.0	0.0	0.0	0.0	0.0	0.0	0.0	0.029	0.0	0.0	0.0	0.0	0.02	0.0
chr12	9831001	9831394	17893949	17893955	Blood-NK	chr12:9831001-9831394	U	0.0	0.008	0.0	0.01	0.008	0.938	0.062	0.053	0.0	0.0	0.01	0.036	0.0	0.002	0.0	0.107	0.0	0.0	0.003	0.0	0.0	0.021	0.052	0.0	0.007	0.0	0.004	0.0	0.0	0.0	0.0	0.0	0.0	0.0	0.0	0.0	0.0	0.023	0.025	0.0
chr12	10115130	10115195	17896284	17896290	Bladder-Ep	chr12:10115130-10115195	U	0.0	0.887	0.0	0.0	0.0	0.0	0.0	0.024	0.0	0.025	0.048	0.0	0.0	0.004	0.021	0.068	0.0	0.033	0.005	0.036	0.006	0.031	0.003	0.004	0.006	0.018	0.0	0.008	0.0	0.068	0.114	0.011	0.025	0.009	0.0	0.044	0.022	0.005	0.036	0.0
chr12	10120817	10121035	17896358	17896366	Blood-Mono+Macro	chr12:10120817-10121035	U	0.043	0.012	0.0	0.0	0.768	0.0	0.004	0.0	0.015	0.0	0.004	0.014	0.0	0.001	0.054	0.092	0.018	0.0	0.005	0.004	0.007	0.009	0.006	0.004	0.016	0.0	0.0	0.0	0.0	0.007	0.0	0.014	0.0	0.0	0.0	0.0	0.013	0.016	0.006	0.01
chr12	19436132	19436352	17971227	17971232	Bone-Osteob	chr12:19436132-19436352	U	0.028	0.014	0.0	0.022	0.0	0.03	0.004	0.96	0.0	0.0	0.0	0.028	0.0	0.031	0.0	0.067	0.0	0.0	0.019	0.0	0.0	0.022	0.0	0.0	0.0	0.0	0.0	0.018	0.049	0.048	0.0	0.0	0.0	0.0	0.0	0.0	0.0	0.0	0.013	0.0
chr12	24967110	24967269	18010427	18010434	Blood-Mono+Macro	chr12:24967110-24967269	U	0.083	0.007	0.059	0.0	0.821	0.0	0.001	0.0	0.0	0.0	0.0	0.015	0.0	0.004	0.0	0.157	0.0	0.0	0.002	0.004	0.015	0.0	0.009	0.021	0.0	0.0	0.012	0.025	0.0	0.0	0.0	0.01	0.011	0.0	0.0	0.0	0.025	0.0	0.006	0.0
chr12	31472037	31472355	18063151	18063156	Prostate-Ep	chr12:31472037-31472355	U	0.025	0.376	0.0	0.0	0.005	0.082	0.046	0.0	0.176	0.125	0.008	0.02	0.0	0.0	0.0	0.157	0.0	0.0	0.0	0.106	0.0	0.0	0.044	0.0	0.23	0.198	0.013	0.014	0.0	0.0	0.0	0.069	0.0	0.0	0.0	0.922	0.0	0.013	0.284	0.02
chr12	32587637	32588651	18076878	18076885	Blood-Granul	chr12:32587637-32588651	U	0.012	0.0	0.0	1.0	0.039	0.0	0.008	0.105	0.0	0.0	0.009	0.016	0.0	0.0	0.0	0.129	0.0	0.0	0.003	0.008	0.0	0.038	0.007	0.005	0.0	0.007	0.0	0.0	0.0	0.008	0.0	0.012	0.0	0.0	0.0	0.0	0.145	0.0	0.0	0.0
chr12	40693992	40694487	18155733	18155742	Neuron	chr12:40693992-40694487	U	0.13	0.0	0.0	0.0	0.0	0.0	0.004	0.062	0.006	0.016	0.006	0.0	0.062	0.008	0.019	0.09	0.0	0.0	0.009	0.004	0.0	0.011	0.0	0.009	0.0	0.005	0.804	0.118	0.0	0.028	0.144	0.115	0.038	0.0	0.0	0.0	0.01	0.0	0.02	0.0
chr12	51482579	51482670	18257329	18257334	Skeletal-Musc	chr12:51482579-51482670	U	0.113	0.013	0.008	0.0	0.0	0.0	0.0	0.042	0.0	0.0	0.0	0.014	0.115	0.056	0.0	0.119	0.0	0.0	0.0	0.023	0.133	0.069	0.0	0.0	0.012	0.0	0.028	0.0	0.009	0.0	0.011	0.0	0.0	0.0	0.0	0.0	0.639	0.007	0.05	0.0
chr12	52857566	52857968	18275452	18275461	Head-Neck-Ep	chr12:52857566-52857968	U	0.0	0.006	0.0	0.0	0.0	0.0	0.003	0.0	0.0	0.0	0.0	0.0	0.0	0.0	0.0	0.101	0.009	0.0	0.0	0.918	0.0	0.0	0.0	0.0	0.0	0.095	0.0	0.0	0.007	0.0	0.01	0.022	0.014	0.0	0.0	0.0	0.0	0.0	0.005	0.0
chr12	53310285	53310387	18283244	18283251	Eryth-prog	chr12:53310285-53310387	U	0.0	0.0	0.0	0.0	0.003	0.0	0.0	0.0	0.0	0.0	0.0	0.0	0.0	0.003	0.0	0.978	0.0	0.0	0.005	0.002	0.0	0.027	0.007	0.0	0.0	0.012	0.003	0.0	0.0	0.0	0.025	0.0	0.0	0.0	0.0	0.0	0.0	0.014	0.013	0.0
chr12	56260656	56260849	18319993	18320001	Skeletal-Musc	chr12:56260656-56260849	U	0.007	0.012	0.0	0.0	0.003	0.0	0.002	0.0	0.0	0.0	0.0	0.0	0.0	0.0	0.0	0.019	0.0	0.0	0.0	0.0	0.0	0.0	0.003	0.0	0.0	0.0	0.0	0.0	0.0	0.0	0.0	0.0	0.0	0.0	0.0	0.0	0.706	0.0	0.0	0.0
chr12	57500277	57500514	18338599	18338608	Blood-Granul	chr12:57500277-57500514	U	0.0	0.005	0.0	0.948	0.01	0.0	0.002	0.0	0.0	0.0	0.009	0.0	0.0	0.0	0.0	0.005	0.0	0.0	0.004	0.0	0.011	0.0	0.0	0.003	0.004	0.0	0.002	0.005	0.013	0.005	0.008	0.0	0.0	0.0	0.083	0.0	0.066	0.0	0.0	0.0
chr12	64613820	64613993	18389556	18389563	Blood-B	chr12:64613820-64613993	U	0.0	0.0	0.995	0.016	0.029	0.011	0.01	0.0	0.008	0.0	0.003	0.177	0.0	0.027	0.0	0.054	0.0	0.022	0.002	0.0	0.0	0.0	0.003	0.0	0.0	0.0	0.005	0.0	0.006	0.0	0.0	0.0	0.0	0.0	0.0	0.0	0.031	0.0	0.006	0.0
chr12	64682284	64682424	18390357	18390368	Heart-Cardio	chr12:64682284-64682424	U	0.0	0.0	0.005	0.0	0.002	0.0	0.0	0.0	0.0	0.0	0.003	0.0	0.0	0.002	0.0	0.044	0.0	0.0	0.0	0.003	0.955	0.028	0.0	0.04	0.0	0.0	0.0	0.0	0.0	0.021	0.008	0.017	0.017	0.0	0.0	0.0	0.0	0.0	0.008	0.0
chr12	66379530	66379999	18404346	18404353	Blood-Mono+Macro	chr12:66379530-66379999	U	0.0	0.033	0.214	0.222	0.939	0.077	0.0	0.0	0.0	0.0	0.0	0.0	0.0	0.009	0.0	0.235	0.0	0.0	0.0	0.016	0.0	0.1	0.0	0.029	0.0	0.0	0.0	0.0	0.0	0.0	0.0	0.0	0.0	0.0	0.0	0.0	0.077	0.0	0.062	0.0
chr12	76898927	76899115	18477383	18477391	Head-Neck-Ep	chr12:76898927-76899115	U	0.0	0.0	0.016	0.0	0.002	0.0	0.012	0.0	0.113	0.041	0.003	0.01	0.0	0.002	0.056	0.123	0.0	0.0	0.005	0.838	0.0	0.006	0.0	0.0	0.0	0.033	0.0	0.0	0.0	0.0	0.006	0.0	0.0	0.0	0.0	0.0	0.0	0.0	0.019	0.008
chr12	77231068	77231131	18479718	18479723	Gastric-Ep	chr12:77231068-77231131	U	0.009	0.043	0.0	0.0	0.005	0.0	0.002	0.0	0.0	0.013	0.076	0.012	0.038	0.01	0.0	0.115	0.021	0.043	0.984	0.016	0.0	0.0	0.0	0.0	0.0	0.031	0.0	0.0	0.0	0.0	0.0	0.0	0.0	0.0	0.0	0.0	0.0	0.0	0.0	0.012
chr12	89421571	89421865	18550407	18550414	Heart-Cardio	chr12:89421571-89421865	U	0.0	0.0	0.0	0.0	0.0	0.0	0.0	0.0	0.0	0.0	0.0	0.0	0.026	0.009	0.0	0.05	0.0	0.0	0.0	0.007	0.958	0.019	0.0	0.0	0.0	0.0	0.061	0.0	0.0	0.008	0.0	0.0	0.0	0.0	0.0	0.0	0.042	0.007	0.0	0.0
chr12	92322653	92322759	18567740	18567751	Colon-Ep	chr12:92322653-92322759	U	0.0	0.0	0.0	0.0	0.018	0.0	0.0	0.0	0.0	0.0	0.973	0.051	0.0	0.0	0.0	0.068	0.0	0.0	0.0	0.006	0.0	0.0	0.0	0.0	0.0	0.0	0.0	0.0	0.0	0.0	0.0	0.0	0.0	0.0	0.0	0.0	0.0	0.076	0.009	0.0
chr12	92952633	92952733	18572288	18572293	Smooth-Musc	chr12:92952633-92952733	U	0.308	0.043	0.008	0.0	0.011	0.0	0.0	0.0	0.0	0.089	0.0	0.386	0.083	0.132	0.0	0.125	0.0	0.0	0.0	0.018	0.01	0.554	0.011	0.0	0.058	0.067	0.031	0.0	0.073	0.0	0.0	0.0	0.0	0.0	0.0	0.011	0.146	0.0	0.758	0.0
chr12	93392764	93392977	18576342	18576347	Gallbladder	chr12:93392764-93392977	U	0.0	0.023	0.0	0.0	0.0	0.0	0.0	0.0	0.0	0.0	0.0	0.0	0.0	0.017	0.0	0.0	0.0	1.0	0.0	0.022	0.0	0.0	0.077	0.0	0.0	0.0	0.028	0.0	0.0	0.0	0.0	0.0	0.045	0.056	0.0	0.0	0.0	0.0	0.0	0.048
chr12	95355705	95356324	18595782	18595793	Pancreas-Duct	chr12:95355705-95356324	U	0.012	0.0	0.015	0.0	0.0	0.0	0.013	0.019	0.0	0.0	0.0	0.009	0.02	0.031	0.051	0.07	0.0	0.033	0.005	0.017	0.004	0.049	0.035	0.03	0.004	0.005	0.006	0.005	0.014	0.078	0.029	0.093	0.133	0.839	0.0	0.014	0.0	0.004	0.087	0.0
chr12	97819422	97819529	18617756	18617764	Lung-Ep-Bron	chr12:97819422-97819529	U	0.0	0.0	0.0	0.007	0.002	0.0	0.002	0.059	0.0	0.0	0.007	0.039	0.0	0.0	0.026	0.143	0.0	0.0	0.12	0.033	0.0	0.08	0.0	0.015	0.048	0.867	0.0	0.0	0.0	0.006	0.007	0.016	0.011	0.0	0.0	0.0	0.0	0.0	0.066	0.0
chr12	98057730	98058300	18619040	18619046	Pancreas-Alpha	chr12:98057730-98058300	U	0.0	0.0	0.031	0.0	0.0	0.0	0.024	0.111	0.0	0.05	0.0	0.133	0.0	0.0	0.167	0.136	0.0	0.143	0.024	0.084	0.0	0.036	0.014	0.0	0.0	0.0	0.0	0.0	0.0	0.074	1.0	0.056	0.188	0.08	0.0	0.0	0.0	0.0	0.138	0.0
chr12	104925430	104925587	18675590	18675599	Colon-Ep	chr12:104925430-104925587	U	0.0	0.0	0.0	0.0	0.004	0.0	0.0	0.0	0.0	0.0	0.967	0.0	0.0	0.0	0.0	0.072	0.0	0.0	0.0	0.0	0.0	0.0	0.0	0.0	0.0	0.0	0.0	0.0	0.0	0.0	0.0	0.0	0.0	0.0	0.0	0.0	0.0	0.0	0.0	0.0
chr12	107311414	107311541	18696858	18696863	Pancreas-Alpha	chr12:107311414-107311541	U	0.05	0.0	0.02	0.014	0.008	0.0	0.0	0.1	0.0	0.013	0.0	0.024	0.0	0.005	0.0	0.146	0.013	0.0	0.119	0.011	0.0	0.072	0.024	0.006	0.0	0.0	0.0	0.0	0.021	0.01	0.969	0.069	0.119	0.0	0.0	0.0	0.0	0.0	0.055	0.0
chr12	107465683	107465889	18698645	18698651	Pancreas-Alpha	chr12:107465683-107465889	U	0.027	0.025	0.0	0.0	0.003	0.0	0.0	0.0	0.0	0.0	0.0	0.042	0.1	0.09	0.0	0.127	0.088	0.0	0.018	0.0	0.0	0.068	0.057	0.005	0.006	0.008	0.104	0.009	0.014	0.069	0.957	0.012	0.07	0.0	0.0	0.0	0.222	0.0	0.103	0.096
chr12	107472325	107472709	18698732	18698739	Pancreas-Alpha	chr12:107472325-107472709	U	0.034	0.0	0.0	0.0	0.0	0.0	0.0	0.0	0.0	0.0	0.0	0.028	0.0	0.16	0.0	0.126	0.041	0.0	0.028	0.007	0.007	0.038	0.004	0.006	0.018	0.0	0.0	0.0	0.0	0.137	0.964	0.01	0.013	0.0	0.0	0.0	0.098	0.0	0.168	0.0
chr12	110363274	110363490	18735172	18735180	Fallopian-Ep	chr12:110363274-110363490	U	0.0	0.005	0.0	0.0	0.002	0.0	0.004	0.0	0.0	0.0	0.0	0.0	0.0	0.0	0.0	0.161	0.899	0.0	0.0	0.017	0.0	0.0	0.0	0.003	0.0	0.0	0.0	0.0	0.152	0.0	0.0	0.0	0.0	0.0	0.0	0.0	0.0	0.009	0.011	0.0
chr12	111258238	111258288	18748430	18748436	Thyroid-Ep	chr12:111258238-111258288	U	0.0	0.028	0.0	0.0	0.0	0.0	0.003	0.0	0.0	0.0	0.0	0.0	0.08	0.0	0.029	0.039	0.0	0.0	0.002	0.0	0.006	0.007	0.0	0.004	0.011	0.0	0.014	0.015	0.0	0.0	0.0	0.0	0.0	0.0	0.0	0.0	0.025	0.0	0.015	0.974
chr12	111888469	111888639	18758896	18758901	Blood-Mono+Macro	chr12:111888469-111888639	U	0.04	0.0	0.013	0.136	0.839	0.0	0.0	0.0	0.0	0.0	0.0	0.023	0.0	0.007	0.0	0.029	0.0	0.05	0.0	0.0	0.022	0.0	0.0	0.021	0.0	0.0	0.181	0.0	0.013	0.0	0.0	0.0	0.018	0.0	0.0	0.0	0.026	0.019	0.0	0.0
chr12	112207339	112207909	18763131	18763136	Liver-Hep	chr12:112207339-112207909	U	0.0	0.0	0.0	0.0	0.01	0.02	0.003	0.0	0.0	0.0	0.0	0.0	0.0	0.006	0.059	0.029	0.0	0.0	0.005	0.0	0.0	0.016	0.0	0.97	0.0	0.0	0.0	0.0	0.0	0.015	0.0	0.0	0.0	0.0	0.0	0.0	0.0	0.0	0.0	0.0
chr12	113191370	113191594	18774662	18774677	Eryth-prog	chr12:113191370-113191594	U	0.0	0.0	0.0	0.0	0.0	0.0	0.002	0.0	0.0	0.0	0.003	0.0	0.0	0.001	0.016	0.981	0.0	0.0	0.0	0.038	0.0	0.0	0.0	0.0	0.0	0.0	0.011	0.0	0.0	0.0	0.0	0.009	0.0	0.007	0.0	0.0	0.0	0.004	0.0	0.0
chr12	113286348	113286689	18776210	18776226	Dermal-Fibro	chr12:113286348-113286689	U	0.094	0.007	0.0	0.008	0.002	0.0	0.001	0.015	0.004	0.0	0.002	0.046	0.69	0.11	0.0	0.02	0.0	0.0	0.0	0.0	0.004	0.008	0.089	0.006	0.0	0.0	0.008	0.0	0.029	0.0	0.0	0.0	0.005	0.0	0.0	0.01	0.063	0.0	0.025	0.0
chr12	113837494	113837810	18784300	18784311	Breast-Basal-Ep	chr12:113837494-113837810	U	0.0	0.0	0.005	0.0	0.0	0.0	0.0	0.0	0.851	0.021	0.0	0.0	0.0	0.0	0.038	0.047	0.007	0.0	0.002	0.0	0.0	0.0	0.0	0.0	0.0	0.006	0.005	0.011	0.006	0.0	0.0	0.0	0.0	0.0	0.0	0.011	0.0	0.0	0.0	0.0
chr12	115245060	115245265	18799736	18799741	Adipocytes	chr12:115245060-115245265	U	0.706	0.008	0.042	0.0	0.022	0.038	0.034	0.1	0.014	0.0	0.0	0.094	0.0	0.095	0.0	0.366	0.044	0.0	0.0	0.007	0.012	0.378	0.0	0.0	0.01	0.012	0.161	0.156	0.035	0.13	0.056	0.0	0.0	0.014	0.0	0.0	0.255	0.009	0.341	0.0
chr12	117440745	117440894	18825848	18825853	Skeletal-Musc	chr12:117440745-117440894	U	0.0	0.034	0.0	0.0	0.005	0.023	0.006	0.0	0.0	0.0	0.029	0.0	0.056	0.007	0.0	0.109	0.0	0.0	0.034	0.005	0.0	0.137	0.113	0.011	0.0	0.0	0.0	0.0	0.0	0.123	0.0	0.0	0.0	0.0	0.0	0.0	0.721	0.029	0.09	0.0
chr12	121768442	121768536	18885955	18885962	Smooth-Musc	chr12:121768442-121768536	U	0.45	0.011	0.0	0.0	0.002	0.0	0.0	0.022	0.0	0.0	0.0	0.116	0.474	0.157	0.0	0.0	0.056	0.0	0.0	0.004	0.0	0.374	0.02	0.011	0.0	0.006	0.032	0.028	0.063	0.0	0.0	0.011	0.011	0.0	0.0	0.016	0.123	0.0	0.721	0.009
chr12	122574361	122574616	18901946	18901954	Pancreas-Alpha	chr12:122574361-122574616	U	0.0	0.005	0.0	0.0	0.0	0.007	0.0	0.0	0.0	0.0	0.0	0.018	0.0	0.002	0.0	0.016	0.0	0.0	0.022	0.005	0.0	0.0	0.003	0.1	0.0	0.0	0.0	0.0	0.0	0.027	0.968	0.164	0.098	0.0	0.0	0.0	0.0	0.004	0.004	0.0
chr12	123750302	123750561	18923983	18923989	Blood-NK	chr12:123750302-123750561	U	0.0	0.0	0.0	0.0	0.005	0.952	0.108	0.0	0.0	0.0	0.0	0.032	0.0	0.0	0.0	0.0	0.0	0.0	0.0	0.0	0.138	0.022	0.008	0.0	0.0	0.0	0.0	0.0	0.0	0.0	0.0	0.0	0.0	0.0	0.0	0.0	0.0	0.0	0.019	0.0
chr12	124580264	124580661	18940417	18940423	Breast-Luminal-Ep	chr12:124580264-124580661	U	0.0	0.154	0.0	0.0	0.0	0.0	0.023	0.0	0.062	0.923	0.016	0.125	0.0	0.115	0.0	0.176	0.0	0.0	0.0	0.085	0.0	0.042	0.013	0.0	0.043	0.053	0.0	0.0	0.0	0.0	0.0	0.0	0.0	0.0	0.0	0.1	0.0	0.0	0.0	0.0
chr12	124989709	124990041	18948876	18948885	Oligodend	chr12:124989709-124990041	U	0.005	0.003	0.0	0.0	0.004	0.005	0.002	0.0	0.059	0.02	0.0	0.044	0.0	0.002	0.038	0.056	0.0	0.0	0.0	0.005	0.0	0.012	0.002	0.002	0.006	0.007	0.045	0.945	0.017	0.067	0.0	0.006	0.005	0.009	0.0	0.003	0.0	0.003	0.012	0.0
chr12	125685401	125685507	18957833	18957839	Megakaryocytes	chr12:125685401-125685507	U	0.0	0.0	0.006	0.033	0.011	0.024	0.004	0.133	0.0	0.0	0.0	0.0	0.0	0.005	0.0	0.2	0.0	0.0	0.0	0.0	0.0	0.068	0.0	0.025	0.014	0.0	0.0	0.012	0.011	0.065	0.0	0.0	0.0	0.021	1.0	0.0	0.015	0.0	0.024	0.0
chr12	130688922	130689053	19016670	19016678	Skeletal-Musc	chr12:130688922-130689053	U	0.008	0.005	0.0	0.0	0.002	0.0	0.002	0.0	0.0	0.0	0.0	0.0	0.071	0.005	0.0	0.125	0.0	0.0	0.007	0.0	0.0	0.086	0.011	0.01	0.0	0.0	0.0	0.0	0.0	0.012	0.0	0.0	0.0	0.0	0.0	0.005	0.67	0.0	0.098	0.0
chr12	131983824	131984062	19042860	19042869	Thyroid-Ep	chr12:131983824-131984062	U	0.0	0.011	0.0	0.0	0.0	0.0	0.001	0.023	0.0	0.0	0.0	0.0	0.0	0.001	0.0	0.039	0.0	0.0	0.0	0.0	0.013	0.008	0.0	0.0	0.004	0.0	0.002	0.0	0.0	0.006	0.0	0.0	0.0	0.0	0.0	0.0	0.0	0.0	0.004	0.951
chr12	132317688	132317806	19052733	19052738	Ovary-Ep	chr12:132317688-132317806	U	0.111	0.044	0.055	0.0	0.015	0.047	0.008	0.0	0.057	0.19	0.028	0.0	0.154	0.018	0.0	0.128	0.175	0.0	0.062	0.039	0.0	0.094	0.045	0.065	0.064	0.08	0.019	0.0	0.857	0.135	0.07	0.0	0.043	0.0	0.0	0.057	0.0	0.0	0.123	0.0
chr12	132665920	132666186	19064784	19064790	Blood-Granul	chr12:132665920-132666186	U	0.016	0.0	0.0	0.956	0.038	0.0	0.0	0.0	0.0	0.0	0.0	0.0	0.0	0.0	0.0	0.042	0.0	0.0	0.002	0.002	0.0	0.0	0.0	0.018	0.0	0.0	0.0	0.0	0.0	0.0	0.0	0.0	0.0	0.0	0.0	0.0	0.131	0.0	0.0	0.0
chr13	19939054	19939276	19129243	19129251	Fallopian-Ep	chr13:19939054-19939276	U	0.0	0.017	0.024	0.007	0.002	0.023	0.008	0.083	0.0	0.009	0.003	0.025	0.023	0.013	0.049	0.072	0.898	0.0	0.004	0.008	0.0	0.037	0.009	0.003	0.0	0.006	0.0	0.0	0.116	0.017	0.0	0.0	0.0	0.012	0.0	0.012	0.0	0.005	0.03	0.017
chr13	20395552	20395814	19135526	19135533	Bladder-Ep	chr13:20395552-20395814	U	0.031	0.921	0.009	0.008	0.022	0.031	0.002	0.04	0.023	0.012	0.0	0.0	0.033	0.021	0.094	0.17	0.0	0.0	0.003	0.118	0.0	0.056	0.009	0.0	0.0	0.023	0.0	0.0	0.013	0.1	0.0	0.0	0.011	0.026	0.0	0.209	0.017	0.0	0.049	0.014
chr13	21818714	21818915	19154183	19154196	Ovary-Ep	chr13:21818714-21818915	U	0.0	0.0	0.0	0.0	0.004	0.0	0.001	0.0	0.0	0.0	0.0	0.0	0.017	0.004	0.0	0.059	0.134	0.0	0.0	0.003	0.0	0.009	0.004	0.004	0.0	0.0	0.046	0.055	0.797	0.0	0.0	0.0	0.0	0.005	0.0	0.0	0.007	0.0	0.007	0.0
chr13	22439502	22439803	19160013	19160020	Heart-Fibro	chr13:22439502-22439803	U	0.016	0.006	0.0	0.009	0.007	0.009	0.0	0.051	0.0	0.0	0.0	0.052	0.0	0.021	0.0	0.193	0.0	0.0	0.007	0.0	0.214	0.957	0.0	0.02	0.0	0.0	0.022	0.0	0.0	0.007	0.015	0.05	0.0	0.0	0.0	0.0	0.072	0.0	0.13	0.0
chr13	24451927	24452273	19182285	19182292	Kidney-Ep	chr13:24451927-24452273	U	0.0	0.0	0.0	0.0	0.0	0.0	0.0	0.0	0.0	0.0	0.0	0.0	0.0	0.003	0.0	0.027	0.0	0.0	0.003	0.0	0.0	0.0	0.759	0.0	0.0	0.0	0.0	0.0	0.0	0.0	0.0	0.0	0.0	0.0	0.0	0.0	0.0	0.0	0.0	0.0
chr13	24986924	24987014	19188625	19188631	Lung-Ep-Bron	chr13:24986924-24987014	U	0.016	0.0	0.0	0.008	0.008	0.0	0.007	0.026	0.0	0.025	0.0	0.026	0.0	0.005	0.0	0.101	0.0	0.0	0.007	0.18	0.006	0.013	0.003	0.01	0.067	0.97	0.093	0.006	0.037	0.057	0.0	0.01	0.0	0.0	0.0	0.092	0.0	0.0	0.019	0.0
chr13	28263834	28263980	19226294	19226299	Gastric-Ep	chr13:28263834-28263980	U	0.0	0.0	0.0	0.0	0.0	0.0	0.0	0.0	0.0	0.0	0.0	0.0	0.0	0.0	0.0	0.0	0.0	0.095	0.96	0.029	0.0	0.0	0.0	0.0	0.011	0.016	0.0	0.0	0.0	0.0	0.0	0.0	0.0	0.0	0.0	0.0	0.0	0.0	0.0	0.0
chr13	29536013	29536146	19238698	19238707	Small-Int-Ep	chr13:29536013-29536146	U	0.0	0.0	0.0	0.0	0.0	0.0	0.0	0.0	0.0	0.0	0.043	0.009	0.0	0.013	0.0	0.0	0.0	0.0	0.002	0.0	0.0	0.0	0.003	0.0	0.0	0.0	0.006	0.0	0.0	0.0	0.0	0.0	0.0	0.0	0.0	0.0	0.0	0.962	0.009	0.0
chr13	33243124	33243805	19274636	19274641	Lung-Ep-Alveo	chr13:33243124-33243805	U	0.0	0.0	0.0	0.0	0.0	0.091	0.053	0.0	0.0	0.0	0.0	0.0	0.0	0.012	0.0	0.059	0.0	0.0	0.0	0.0	0.0	0.0	0.0	0.0	1.0	0.0	0.0	0.0	0.0	0.0	0.0	0.0	0.0	0.0	0.0	0.0	0.0	0.0	0.0	0.0
chr13	44765589	44765782	19364555	19364560	Small-Int-Ep	chr13:44765589-44765782	U	0.0	0.0	0.0	0.0	0.0	0.0	0.025	0.0	0.0	0.0	0.108	0.0	0.0	0.0	0.0	0.143	0.0	0.0	0.008	0.008	0.0	0.0	0.118	0.015	0.0	0.0	0.009	0.0	0.0	0.0	0.0	0.0	0.0	0.0	0.0	0.0	0.0	1.0	0.0	0.0
chr13	49280990	49281087	19402385	19402392	Thyroid-Ep	chr13:49280990-49281087	U	0.0	0.034	0.0	0.0	0.007	0.0	0.001	0.049	0.0	0.0	0.0	0.0	0.0	0.007	0.0	0.019	0.008	0.0	0.003	0.004	0.021	0.0	0.057	0.012	0.0	0.0	0.012	0.007	0.0	0.0	0.0	0.01	0.0	0.0	0.0	0.0	0.0	0.0	0.005	0.957
chr13	51811195	51811326	19426328	19426335	Blood-B	chr13:51811195-51811326	U	0.022	0.0	0.928	0.0	0.012	0.0	0.002	0.0	0.011	0.0	0.0	0.087	0.0	0.016	0.0	0.082	0.0	0.0	0.0	0.009	0.0	0.012	0.012	0.0	0.0	0.009	0.0	0.0	0.011	0.0	0.0	0.0	0.0	0.0	0.0	0.0	0.089	0.0	0.006	0.0
chr13	67886405	67886491	19525201	19525206	Head-Neck-Ep	chr13:67886405-67886491	U	0.01	0.06	0.0	0.018	0.008	0.022	0.001	0.0	0.054	0.12	0.0	0.015	0.0	0.012	0.0	0.065	0.0	0.0	0.017	0.892	0.0	0.129	0.008	0.055	0.0	0.008	0.0	0.0	0.036	0.075	0.01	0.024	0.0	0.0	0.0	0.058	0.0	0.007	0.113	0.0
chr13	85187346	85187763	19633896	19633902	Smooth-Musc	chr13:85187346-85187763	U	0.276	0.022	0.0	0.024	0.022	0.031	0.007	0.269	0.022	0.049	0.008	0.254	0.176	0.224	0.038	0.297	0.0	0.0	0.022	0.013	0.024	0.573	0.019	0.032	0.013	0.0	0.022	0.0	0.093	0.07	0.012	0.0	0.0	0.024	0.0	0.051	0.106	0.006	0.817	0.0
chr13	95433175	95433591	19700206	19700217	Kidney-Ep	chr13:95433175-95433591	U	0.0	0.0	0.01	0.0	0.0	0.004	0.003	0.099	0.0	0.0	0.002	0.0	0.015	0.008	0.108	0.153	0.096	0.0	0.0	0.001	0.0	0.016	0.948	0.0	0.006	0.0	0.003	0.0	0.18	0.0	0.005	0.156	0.01	0.0	0.0	0.0	0.181	0.003	0.009	0.0
chr13	102610449	102610891	19771189	19771194	Colon-Ep	chr13:102610449-102610891	U	0.0	0.0	0.0	0.0	0.003	0.0	0.0	0.038	0.0	0.0	0.912	0.03	0.0	0.0	0.0	0.021	0.0	0.0	0.0	0.003	0.0	0.012	0.0	0.0	0.0	0.0	0.007	0.0	0.0	0.0	0.026	0.0	0.0	0.01	0.0	0.0	0.0	0.0	0.013	0.0
chr13	103622869	103623361	19779308	19779314	Pancreas-Delta	chr13:103622869-103623361	U	0.045	0.0	0.0	0.0	0.016	0.015	0.02	0.208	0.013	0.116	0.014	0.059	0.0	0.108	0.0	0.204	0.0	0.0	0.051	0.011	0.0	0.208	0.0	0.014	0.01	0.0	0.0	0.0	0.0	0.241	0.231	0.208	0.939	0.0	0.0	0.0	0.02	0.01	0.227	0.0
chr13	106462912	106463127	19800331	19800336	Adipocytes	chr13:106462912-106463127	U	0.857	0.0	0.04	0.0	0.0	0.0	0.0	0.0	0.071	0.0	0.0	0.0	0.5	0.073	0.0	0.45	0.0	0.0	0.0	0.016	0.0	0.2	0.018	0.043	0.0	0.0	0.056	0.0	0.0	0.095	0.0	0.043	0.0	0.0	0.0	0.0	0.25	0.0	0.385	0.0
chr13	113925918	113926030	19908471	19908479	Head-Neck-Ep	chr13:113925918-113926030	U	0.006	0.037	0.0	0.0	0.006	0.0	0.002	0.0	0.075	0.066	0.0	0.013	0.0	0.001	0.17	0.144	0.0	0.0	0.002	0.918	0.0	0.0	0.0	0.0	0.0	0.153	0.0	0.007	0.006	0.0	0.014	0.027	0.0	0.006	0.0	0.072	0.0	0.0	0.0	0.0
chr14	20436010	20436162	19972335	19972344	Skeletal-Musc	chr14:20436010-20436162	U	0.0	0.022	0.078	0.0	0.009	0.0	0.001	0.0	0.0	0.0	0.0	0.018	0.0	0.002	0.0	0.061	0.0	0.0	0.002	0.008	0.0	0.018	0.0	0.0	0.0	0.0	0.004	0.02	0.0	0.01	0.0	0.0	0.0	0.0	0.0	0.005	0.631	0.0	0.022	0.0
chr14	20790608	20790664	19976971	19976977	Lung-Ep-Alveo	chr14:20790608-20790664	U	0.016	0.0	0.0	0.007	0.078	0.0	0.004	0.02	0.014	0.0	0.0	0.0	0.0	0.005	0.0	0.025	0.0	0.0	0.016	0.037	0.012	0.016	0.0	0.0	0.898	0.005	0.002	0.0	0.0	0.005	0.0	0.008	0.012	0.0	0.0	0.006	0.012	0.0	0.039	0.008
chr14	22504405	22504511	19993966	19993974	Blood-T	chr14:22504405-22504511	U	0.021	0.0	0.01	0.0	0.007	0.014	0.854	0.0	0.0	0.0	0.0	0.043	0.0	0.002	0.0	0.146	0.0	0.0	0.0	0.003	0.0	0.008	0.0	0.0	0.0	0.0	0.004	0.0	0.0	0.013	0.0	0.0	0.013	0.0	0.0	0.0	0.0	0.008	0.035	0.0
chr14	22527616	22528050	19994176	19994195	Blood-T	chr14:22527616-22528050	U	0.021	0.006	0.035	0.0	0.053	0.0	0.782	0.0	0.0	0.0	0.0	0.074	0.0	0.0	0.034	0.066	0.0	0.0	0.005	0.002	0.0	0.0	0.0	0.008	0.0	0.0	0.003	0.0	0.0	0.0	0.0	0.0	0.0	0.0	0.0	0.0	0.017	0.0	0.006	0.0
chr14	23635975	23636882	20010862	20010882	Bladder-Ep	chr14:23635975-23636882	U	0.003	0.804	0.002	0.0	0.002	0.0	0.001	0.026	0.026	0.022	0.0	0.0	0.0	0.018	0.0	0.075	0.0	0.0	0.001	0.005	0.002	0.046	0.001	0.049	0.002	0.005	0.001	0.0	0.0	0.056	0.0	0.0	0.0	0.0	0.0	0.111	0.0	0.002	0.023	0.0
chr14	24256291	24256562	20018370	20018376	Eryth-prog	chr14:24256291-24256562	U	0.0	0.0	0.0	0.0	0.005	0.0	0.006	0.0	0.0	0.0	0.0	0.0	0.0	0.0	0.0	1.0	0.0	0.0	0.0	0.0	0.0	0.0	0.0	0.008	0.0	0.0	0.006	0.017	0.0	0.0	0.0	0.0	0.0	0.0	0.0	0.0	0.0	0.0	0.0	0.0
chr14	25077733	25078330	20025821	20025828	Pancreas-Beta	chr14:25077733-25078330	U	0.0	0.0	0.0	0.0	0.029	0.0	0.014	0.0	0.0	0.0	0.0	0.0	0.0	0.0	0.0	0.125	0.0	0.0	0.0	0.0	0.0	0.062	0.0	0.0	0.0	0.0	0.0	0.0	0.0	0.0	0.0	1.0	0.0	0.0	0.0	0.0	0.0	0.0	0.048	0.0
chr14	31173042	31173255	20064095	20064102	Heart-Cardio	chr14:31173042-31173255	U	0.0	0.0	0.0	0.0	0.0	0.0	0.0	0.0	0.0	0.0	0.0	0.0	0.0	0.0	0.0	0.007	0.0	0.0	0.0	0.0	0.939	0.0	0.0	0.0	0.0	0.0	0.0	0.0	0.0	0.0	0.0	0.0	0.0	0.0	0.0	0.0	0.0	0.0	0.0	0.0
chr14	50594378	50594976	20206488	20206497	Lung-Ep-Bron	chr14:50594378-50594976	U	0.0	0.0	0.0	0.0	0.003	0.0	0.006	0.025	0.012	0.0	0.0	0.0	0.0	0.0	0.0	0.146	0.0	0.0	0.0	0.003	0.0	0.026	0.068	0.006	0.035	0.92	0.004	0.011	0.0	0.0	0.0	0.0	0.0	0.0	0.0	0.0	0.0	0.006	0.0	0.0
chr14	51025062	51025344	20211240	20211250	Gallbladder	chr14:51025062-51025344	U	0.0	0.0	0.0	0.0	0.0	0.0	0.001	0.023	0.0	0.0	0.037	0.0	0.0	0.002	0.0	0.057	0.0	1.0	0.0	0.003	0.0	0.0	0.023	0.003	0.0	0.0	0.003	0.0	0.0	0.0	0.0	0.0	0.0	0.0	0.0	0.0	0.009	0.0	0.009	0.0
chr14	52010562	52011009	20219655	20219663	Heart-Cardio	chr14:52010562-52011009	U	0.0	0.0	0.0	0.0	0.008	0.0	0.0	0.0	0.0	0.0	0.0	0.0	0.0	0.017	0.0	0.042	0.0	0.0	0.0	0.0	0.96	0.013	0.0	0.009	0.0	0.007	0.0	0.036	0.0	0.0	0.0	0.0	0.0	0.0	0.0	0.0	0.0	0.0	0.0	0.0
chr14	58509604	58510167	20276412	20276419	Gastric-Ep	chr14:58509604-58510167	U	0.0	0.0	0.0	0.0	0.0	0.0	0.0	0.0	0.0	0.0	0.006	0.0	0.0	0.0	0.0	0.02	0.0	0.0	0.974	0.0	0.0	0.0	0.0	0.0	0.0	0.0	0.0	0.0	0.0	0.0	0.0	0.0	0.0	0.0	0.0	0.0	0.0	0.0	0.0	0.0
chr14	63605482	63605662	20317242	20317248	Colon-Ep	chr14:63605482-63605662	U	0.0	0.0	0.007	0.0	0.002	0.0	0.0	0.0	0.0	0.0	0.898	0.027	0.0	0.001	0.0	0.015	0.0	0.0	0.0	0.0	0.0	0.0	0.0	0.0	0.0	0.0	0.0	0.0	0.0	0.0	0.0	0.0	0.0	0.01	0.0	0.0	0.0	0.0	0.0	0.0
chr14	81531387	81531836	20499950	20499958	Pancreas-Acinar	chr14:81531387-81531836	U	0.0	0.0	0.0	0.0	0.002	0.0	0.0	0.0	0.0	0.0	0.0	0.0	0.0	0.02	0.0	0.037	0.0	0.0	0.0	0.002	0.0	0.0	0.003	0.0	0.006	0.0	0.0	0.0	0.0	0.991	0.015	0.023	0.014	0.031	0.0	0.0	0.0	0.0	0.007	0.0
chr14	85853763	85853980	20526820	20526825	Dermal-Fibro	chr14:85853763-85853980	U	0.241	0.017	0.073	0.0	0.02	0.034	0.035	0.033	0.015	0.0	0.019	0.065	1.0	0.037	0.053	0.27	0.038	0.0	0.01	0.034	0.0	0.212	0.021	0.025	0.01	0.014	0.0	0.0	0.016	0.062	0.07	0.018	0.072	0.011	0.0	0.0	0.161	0.0	0.142	0.0
chr14	89540595	89540687	20555682	20555689	Lung-Ep-Bron	chr14:89540595-89540687	U	0.0	0.074	0.0	0.0	0.002	0.0	0.001	0.0	0.0	0.0	0.007	0.0	0.0	0.003	0.0	0.029	0.0	0.032	0.002	0.018	0.0	0.0	0.004	0.0	0.069	0.812	0.022	0.0	0.0	0.005	0.0	0.0	0.0	0.0	0.0	0.024	0.014	0.0	0.006	0.0
chr14	93188718	93189111	20603470	20603476	Pancreas-Alpha	chr14:93188718-93189111	U	0.0	0.0	0.0	0.0	0.0	0.0	0.002	0.0	0.0	0.0	0.0	0.0	0.0	0.002	0.0	0.05	0.0	0.0	0.008	0.0	0.0	0.0	0.0	0.0	0.0	0.0	0.007	0.0	0.0	0.007	0.94	0.148	0.034	0.0	0.0	0.0	0.0	0.03	0.007	0.0
chr14	96324411	96324578	20639890	20639896	Lung-Ep-Alveo	chr14:96324411-96324578	U	0.0	0.0	0.0	0.0	0.007	0.0	0.0	0.0	0.0	0.0	0.0	0.0	0.0	0.0	0.0	0.011	0.0	0.0	0.007	0.0	0.0	0.0	0.0	0.0	0.857	0.019	0.0	0.0	0.0	0.0	0.0	0.0	0.0	0.0	0.0	0.0	0.0	0.0	0.009	0.0
chr14	96493129	96493709	20641964	20641970	Blood-B	chr14:96493129-96493709	U	0.0	0.012	0.876	0.0	0.026	0.0	0.0	0.0	0.0	0.0	0.005	0.068	0.0	0.014	0.0	0.095	0.0	0.0	0.0	0.009	0.0	0.093	0.0	0.0	0.007	0.0	0.0	0.0	0.0	0.0	0.0	0.0	0.0	0.011	0.0	0.0	0.0	0.0	0.048	0.012
chr14	97457579	97457709	20652110	20652116	Smooth-Musc	chr14:97457579-97457709	U	0.341	0.041	0.0	0.0	0.005	0.0	0.0	0.273	0.009	0.011	0.009	0.115	0.342	0.099	0.024	0.122	0.072	0.0	0.0	0.066	0.008	0.315	0.097	0.004	0.006	0.007	0.221	0.0	0.173	0.014	0.009	0.0	0.0	0.0	0.0	0.052	0.078	0.0	0.556	0.008
chr14	103706582	103706629	20751588	20751594	Breast-Basal-Ep	chr14:103706582-103706629	U	0.0	0.0	0.0	0.0	0.002	0.0	0.0	0.0	0.874	0.028	0.0	0.0	0.0	0.003	0.0	0.016	0.0	0.0	0.0	0.005	0.0	0.0	0.003	0.0	0.0	0.0	0.013	0.0	0.0	0.0	0.009	0.0	0.0	0.0	0.0	0.006	0.0	0.0	0.006	0.0
chr14	105453185	105453384	20794980	20794994	Breast-Basal-Ep	chr14:105453185-105453384	U	0.0	0.0	0.0	0.0	0.0	0.0	0.0	0.0	0.908	0.0	0.0	0.0	0.0	0.001	0.0	0.0	0.0	0.0	0.0	0.001	0.077	0.0	0.006	0.002	0.0	0.005	0.002	0.0	0.005	0.0	0.0	0.0	0.0	0.0	0.0	0.0	0.0	0.0	0.0	0.0
chr14	105818742	105818947	20804209	20804218	Blood-B	chr14:105818742-105818947	U	0.0	0.005	0.956	0.014	0.01	0.015	0.003	0.02	0.007	0.008	0.007	0.086	0.0	0.01	0.027	0.122	0.0	0.036	0.007	0.004	0.0	0.079	0.015	0.007	0.005	0.0	0.037	0.023	0.006	0.012	0.0	0.01	0.033	0.0	0.0	0.0	0.0	0.005	0.064	0.0
chr14	106200669	106200796	20808729	20808739	Blood-T	chr14:106200669-106200796	U	0.017	0.004	0.053	0.026	0.07	0.078	0.954	0.0	0.007	0.037	0.005	0.078	0.014	0.005	0.0	0.121	0.0	0.0	0.016	0.002	0.011	0.049	0.016	0.011	0.0	0.006	0.013	0.0	0.0	0.038	0.025	0.03	0.034	0.005	0.0	0.014	0.03	0.008	0.058	0.0
chr15	30997585	30997917	20973866	20973877	Head-Neck-Ep	chr15:30997585-30997917	U	0.007	0.0	0.0	0.0	0.002	0.0	0.0	0.0	0.0	0.0	0.0	0.018	0.0	0.0	0.0	0.053	0.0	0.0	0.0	0.873	0.0	0.006	0.0	0.0	0.0	0.13	0.0	0.0	0.006	0.0	0.0	0.0	0.0	0.0	0.0	0.0	0.0	0.0	0.005	0.0
chr15	32701103	32701182	20994735	20994742	Colon-Ep	chr15:32701103-32701182	U	0.0	0.011	0.0	0.0	0.01	0.008	0.001	0.0	0.008	0.0	0.974	0.022	0.0	0.001	0.0	0.09	0.0	0.0	0.051	0.006	0.0	0.0	0.0	0.032	0.0	0.013	0.0	0.0	0.0	0.027	0.0	0.0	0.0	0.0	0.0	0.006	0.035	0.056	0.0	0.0
chr15	33283176	33283279	21000281	21000287	Thyroid-Ep	chr15:33283176-33283279	U	0.0	0.053	0.014	0.0	0.005	0.0	0.0	0.0	0.0	0.0	0.0	0.0	0.0	0.009	0.0	0.016	0.0	0.0	0.012	0.004	0.0	0.0	0.0	0.0	0.0	0.0	0.007	0.0	0.0	0.034	0.0	0.0	0.0	0.024	0.0	0.0	0.0	0.0	0.045	0.97
chr15	34189062	34189155	21009231	21009236	Pancreas-Duct	chr15:34189062-34189155	U	0.029	0.0	0.0	0.0	0.0	0.0	0.0	0.111	0.055	0.0	0.0	0.231	0.0	0.156	0.0	0.028	0.0	0.0	0.0	0.018	0.0	0.0	0.028	0.005	0.0	0.0	0.0	0.0	0.0	0.015	0.0	0.0	0.0	0.939	0.0	0.0	0.0	0.011	0.0	0.0
chr15	34654621	34654887	21015488	21015495	Eryth-prog	chr15:34654621-34654887	U	0.0	0.0	0.008	0.0	0.003	0.039	0.012	0.0	0.0	0.0	0.0	0.032	0.0	0.006	0.0	0.983	0.0	0.0	0.01	0.0	0.009	0.04	0.0	0.006	0.0	0.0	0.0	0.0	0.019	0.0	0.0	0.0	0.015	0.0	0.0	0.0	0.0	0.008	0.017	0.0
chr15	40386318	40386998	21060360	21060369	Thyroid-Ep	chr15:40386318-40386998	U	0.03	0.034	0.0	0.0	0.0	0.0	0.0	0.0	0.0	0.0	0.0	0.0	0.0	0.003	0.0	0.029	0.0	0.0	0.0	0.0	0.0	0.0	0.0	0.0	0.0	0.0	0.0	0.0	0.0	0.0	0.0	0.0	0.0	0.0	0.0	0.0	0.0	0.0	0.013	0.98
chr15	40559323	40559807	21063275	21063280	Eryth-prog	chr15:40559323-40559807	U	0.0	0.0	0.0	0.0	0.011	0.0	0.0	0.0	0.0	0.0	0.0	0.0	0.0	0.0	0.0	1.0	0.0	0.0	0.0	0.0	0.0	0.0	0.0	0.0	0.0	0.0	0.0	0.035	0.0	0.0	0.0	0.0	0.0	0.0	0.0	0.0	0.0	0.0	0.014	0.0
chr15	40775510	40776265	21066969	21066980	Breast-Luminal-Ep	chr15:40775510-40776265	U	0.0	0.0	0.0	0.0	0.003	0.0	0.0	0.0	0.021	0.821	0.005	0.0	0.0	0.001	0.0	0.031	0.0	0.069	0.027	0.012	0.006	0.0	0.0	0.146	0.052	0.039	0.002	0.0	0.0	0.0	0.0	0.0	0.0	0.007	0.0	0.027	0.0	0.0	0.0	0.0
chr15	41257594	41257987	21075010	21075019	Liver-Hep	chr15:41257594-41257987	U	0.0	0.0	0.0	0.0	0.007	0.0	0.0	0.0	0.0	0.0	0.0	0.0	0.0	0.003	0.0	0.035	0.0	0.0	0.002	0.002	0.0	0.007	0.0	0.979	0.0	0.0	0.0	0.0	0.0	0.0	0.0	0.0	0.0	0.0	0.0	0.0	0.016	0.0	0.0	0.0
chr15	43273882	43274053	21102248	21102253	Skeletal-Musc	chr15:43273882-43274053	U	0.0	0.0	0.0	0.0	0.009	0.0	0.0	0.0	0.0	0.0	0.0	0.053	0.0	0.005	0.0	0.118	0.0	0.0	0.028	0.008	0.0	0.0	0.0	0.0	0.0	0.0	0.0	0.0	0.0	0.0	0.0	0.0	0.0	0.0	0.0	0.02	0.688	0.02	0.023	0.0
chr15	43905616	43905951	21110562	21110572	Head-Neck-Ep	chr15:43905616-43905951	U	0.0	0.0	0.0	0.0	0.0	0.008	0.001	0.0	0.0	0.014	0.0	0.011	0.0	0.004	0.0	0.031	0.0	0.0	0.002	0.844	0.0	0.014	0.0	0.0	0.0	0.106	0.024	0.049	0.0	0.0	0.0	0.0	0.0	0.0	0.125	0.0	0.0	0.0	0.0	0.0
chr15	48396500	48396740	21147461	21147466	Megakaryocytes	chr15:48396500-48396740	U	0.0	0.0	0.0	0.0	0.0	0.0	0.036	0.0	0.0	0.0	0.0	0.0	0.0	0.0	0.0	0.222	0.0	0.0	0.0	0.0	0.0	0.0	0.0	0.0	0.0	0.0	0.0	0.0	0.0	0.0	0.0	0.0	0.0	0.0	1.0	0.0	0.0	0.0	0.0	0.0
chr15	49006062	49006842	21152133	21152147	Fallopian-Ep	chr15:49006062-49006842	U	0.0	0.107	0.0	0.005	0.0	0.0	0.0	0.0	0.006	0.019	0.0	0.0	0.0	0.0	0.0	0.053	0.901	0.0	0.002	0.008	0.0	0.005	0.049	0.0	0.004	0.0	0.0	0.0	0.149	0.0	0.0	0.0	0.0	0.0	0.0	0.061	0.0	0.0	0.0	0.0
chr15	50652883	50653280	21164625	21164632	Epid-Kerat	chr15:50652883-50653280	U	0.02	0.054	0.0	0.0	0.0	0.031	0.0	0.0	0.02	0.0	0.0	0.0	0.0	0.008	0.923	0.039	0.0	0.0	0.013	0.012	0.013	0.0	0.0	0.0	0.011	0.0	0.006	0.016	0.0	0.009	0.0	0.016	0.0	0.0	0.0	0.0	0.0	0.0	0.009	0.0
chr15	52239108	52239171	21181167	21181173	Epid-Kerat	chr15:52239108-52239171	U	0.014	0.0	0.0	0.0	0.058	0.0	0.003	0.0	0.0	0.0	0.0	0.014	0.0	0.001	0.977	0.089	0.0	0.0	0.004	0.103	0.0	0.0	0.0	0.0	0.006	0.0	0.0	0.0	0.007	0.007	0.0	0.01	0.0	0.0	0.0	0.0	0.012	0.0	0.01	0.0
chr15	55994915	55995062	21211457	21211465	Epid-Kerat	chr15:55994915-55995062	U	0.007	0.0	0.0	0.0	0.002	0.0	0.0	0.0	0.0	0.0	0.0	0.009	0.0	0.002	0.9	0.038	0.0	0.019	0.0	0.117	0.0	0.011	0.012	0.0	0.0	0.0	0.0	0.0	0.0	0.005	0.0	0.0	0.0	0.0	0.0	0.006	0.011	0.008	0.005	0.0
chr15	57333804	57334247	21221749	21221756	Lung-Ep-Alveo	chr15:57333804-57334247	U	0.0	0.011	0.0	0.0	0.007	0.0	0.001	0.0	0.0	0.013	0.0	0.016	0.0	0.003	0.05	0.105	0.0	0.0	0.0	0.015	0.03	0.009	0.0	0.0	0.962	0.008	0.0	0.0	0.033	0.0	0.0	0.0	0.0	0.0	0.0	0.008	0.0	0.0	0.0	0.0
chr15	59121792	59122053	21239393	21239399	Blood-Granul	chr15:59121792-59122053	U	0.0	0.041	0.007	0.991	0.077	0.0	0.003	0.0	0.0	0.012	0.059	0.0	0.0	0.001	0.065	0.009	0.01	0.0	0.003	0.01	0.0	0.0	0.0	0.009	0.0	0.007	0.037	0.0	0.0	0.017	0.0	0.0	0.0	0.0	0.0	0.0	0.088	0.085	0.0	0.0
chr15	59696750	59696843	21246333	21246339	Gastric-Ep	chr15:59696750-59696843	U	0.01	0.012	0.0	0.0	0.003	0.0	0.004	0.025	0.0	0.0	0.0	0.029	0.0	0.0	0.031	0.044	0.018	0.0	0.924	0.027	0.0	0.017	0.0	0.0	0.048	0.0	0.0	0.0	0.009	0.0	0.011	0.0	0.0	0.0	0.0	0.0	0.0	0.0	0.036	0.0
chr15	67436493	67436732	21334290	21334296	Head-Neck-Ep	chr15:67436493-67436732	U	0.0	0.0	0.0	0.0	0.005	0.0	0.0	0.0	0.0	0.0	0.035	0.0	0.0	0.0	0.038	0.062	0.0	0.0	0.005	0.889	0.0	0.0	0.0	0.0	0.014	0.175	0.0	0.017	0.0	0.0	0.0	0.0	0.0	0.0	0.0	0.0	0.0	0.022	0.0	0.0
chr15	74449517	74450045	21410777	21410790	Neuron	chr15:74449517-74450045	U	0.0	0.0	0.004	0.0	0.0	0.0	0.001	0.045	0.0	0.0	0.0	0.0	0.016	0.002	0.017	0.051	0.0	0.0	0.0	0.006	0.063	0.0	0.0	0.002	0.003	0.0	0.742	0.018	0.0	0.021	0.005	0.007	0.0	0.005	0.0	0.0	0.02	0.0	0.0	0.0
chr15	75138075	75138224	21421806	21421813	Breast-Basal-Ep	chr15:75138075-75138224	U	0.0	0.006	0.0	0.0	0.0	0.0	0.0	0.0	0.908	0.088	0.0	0.018	0.097	0.001	0.0	0.083	0.0	0.0	0.003	0.013	0.0	0.015	0.009	0.0	0.0	0.0	0.003	0.0	0.0	0.0	0.0	0.0	0.0	0.0	0.0	0.0	0.035	0.0	0.026	0.0
chr15	76500950	76501025	21440078	21440083	Small-Int-Ep	chr15:76500950-76501025	U	0.01	0.0	0.0	0.0	0.002	0.0	0.0	0.0	0.0	0.0	0.004	0.0	0.0	0.0	0.0	0.089	0.0	0.0	0.0	0.003	0.0	0.0	0.0	0.0	0.006	0.009	0.0	0.0	0.0	0.0	0.0	0.0	0.0	0.016	0.0	0.0	0.0	0.902	0.005	0.0
chr15	77229835	77230223	21446263	21446268	Pancreas-Acinar	chr15:77229835-77230223	U	0.0	0.0	0.0	0.0	0.004	0.035	0.0	0.0	0.0	0.0	0.0	0.032	0.0	0.002	0.0	0.053	0.0	0.0	0.0	0.0	0.0	0.0	0.0	0.0	0.0	0.0	0.0	0.0	0.0	0.964	0.0	0.0	0.0	0.0	0.0	0.0	0.0	0.0	0.0	0.0
chr15	80970595	80970695	21490402	21490407	Bladder-Ep	chr15:80970595-80970695	U	0.0	0.915	0.0	0.0	0.0	0.0	0.0	0.0	0.0	0.0	0.0	0.02	0.0	0.0	0.0	0.03	0.0	0.0	0.0	0.055	0.0	0.0	0.0	0.0	0.0	0.061	0.0	0.0	0.0	0.0	0.0	0.016	0.0	0.0	0.0	0.22	0.0	0.0	0.0	0.0
chr15	90227865	90228038	21589182	21589191	Pancreas-Acinar	chr15:90227865-90228038	U	0.023	0.0	0.0	0.0	0.0	0.0	0.0	0.0	0.0	0.0	0.004	0.0	0.0	0.001	0.0	0.0	0.0	0.0	0.0	0.0	0.029	0.0	0.0	0.004	0.0	0.0	0.003	0.008	0.0	0.963	0.0	0.0	0.0	0.0	0.0	0.0	0.036	0.0	0.0	0.0
chr15	90826965	90827098	21597574	21597584	Blood-NK	chr15:90826965-90827098	U	0.006	0.0	0.0	0.019	0.017	0.922	0.088	0.0	0.0	0.0	0.0	0.01	0.0	0.001	0.0	0.018	0.0	0.0	0.0	0.0	0.0	0.0	0.0	0.006	0.0	0.0	0.005	0.0	0.0	0.0	0.0	0.0	0.0	0.0	0.111	0.0	0.012	0.0	0.0	0.0
chr15	98717491	98717661	21676523	21676528	Eryth-prog	chr15:98717491-98717661	U	0.0	0.0	0.0	0.0	0.0	0.0	0.0	0.0	0.015	0.0	0.0	0.0	0.0	0.0	0.0	1.0	0.0	0.0	0.0	0.004	0.0	0.0	0.0	0.035	0.0	0.0	0.051	0.0	0.0	0.01	0.0	0.0	0.0	0.0	0.0	0.0	0.0	0.0	0.008	0.0
chr15	99809438	99809668	21690228	21690237	Colon-Ep	chr15:99809438-99809668	U	0.0	0.0	0.036	0.0	0.018	0.019	0.065	0.029	0.0	0.0	0.975	0.066	0.0	0.0	0.036	0.056	0.0	0.0	0.005	0.008	0.03	0.051	0.0	0.012	0.0	0.0	0.0	0.0	0.0	0.0	0.0	0.0	0.0	0.0	0.0	0.0	0.076	0.027	0.007	0.0
chr15	100614845	100615730	21700466	21700474	Colon-Ep	chr15:100614845-100615730	U	0.0	0.0	0.0	0.0	0.031	0.0	0.0	0.0	0.059	0.0	1.0	0.0	0.0	0.008	0.0	0.05	0.0	0.0	0.0	0.0	0.05	0.0	0.0	0.0	0.0	0.0	0.0	0.0	0.083	0.0	0.0	0.0	0.0	0.0	0.0	0.0	0.077	0.038	0.0	0.0
chr15	101743047	101743302	21718435	21718443	Colon-Ep	chr15:101743047-101743302	U	0.0	0.005	0.0	0.0	0.003	0.013	0.009	0.0	0.0	0.0	0.985	0.014	0.0	0.0	0.033	0.039	0.01	0.0	0.015	0.008	0.0	0.01	0.0	0.017	0.007	0.015	0.003	0.0	0.038	0.015	0.0	0.0	0.0	0.01	0.0	0.0	0.015	0.116	0.014	0.0
chr16	309017	309147	21730230	21730240	Blood-NK	chr16:309017-309147	U	0.006	0.0	0.209	0.153	0.045	0.972	0.171	0.0	0.0	0.0	0.0	0.093	0.0	0.011	0.0	0.032	0.0	0.0	0.0	0.0	0.0	0.0	0.0	0.006	0.0	0.0	0.0	0.0	0.0	0.0	0.0	0.0	0.0	0.0	0.0	0.0	0.047	0.0	0.0	0.0
chr16	399350	399449	21733367	21733372	Eryth-prog	chr16:399350-399449	U	0.0	0.0	0.0	0.0	0.007	0.06	0.004	0.033	0.014	0.0	0.0	0.0	0.0	0.0	0.031	1.0	0.0	0.0	0.007	0.01	0.0	0.0	0.0	0.0	0.007	0.008	0.008	0.0	0.0	0.015	0.0	0.0	0.0	0.0	0.0	0.0	0.0	0.007	0.0	0.0
chr16	399680	399814	21733379	21733384	Eryth-prog	chr16:399680-399814	U	0.0	0.0	0.0	0.0	0.0	0.0	0.0	0.034	0.0	0.0	0.0	0.0	0.0	0.002	0.0	0.978	0.0	0.0	0.004	0.024	0.0	0.026	0.005	0.0	0.009	0.011	0.005	0.0	0.0	0.0	0.0	0.016	0.0	0.0	0.0	0.0	0.045	0.0	0.02	0.0
chr16	516478	516643	21736703	21736711	Eryth-prog	chr16:516478-516643	U	0.006	0.0	0.0	0.008	0.002	0.018	0.001	0.0	0.0	0.009	0.0	0.0	0.0	0.006	0.0	0.98	0.018	0.0	0.004	0.004	0.006	0.0	0.0	0.003	0.0	0.0	0.011	0.012	0.0	0.006	0.0	0.0	0.02	0.0	0.0	0.006	0.01	0.004	0.0	0.0
chr16	628028	628174	21741448	21741461	Lung-Ep-Alveo	chr16:628028-628174	U	0.006	0.0	0.0	0.0	0.005	0.0	0.001	0.0	0.0	0.0	0.0	0.012	0.0	0.003	0.0	0.034	0.0	0.025	0.0	0.012	0.0	0.0	0.015	0.0	0.937	0.063	0.013	0.0	0.0	0.0	0.0	0.0	0.0	0.0	0.0	0.0	0.053	0.0	0.0	0.06
chr16	1144503	1144622	21762258	21762267	Ovary-Ep	chr16:1144503-1144622	U	0.2	0.0	0.015	0.009	0.008	0.013	0.005	0.033	0.01	0.0	0.023	0.018	0.0	0.228	0.0	0.102	0.024	0.0	0.0	0.035	0.007	0.021	0.004	0.0	0.007	0.009	0.018	0.104	0.897	0.009	0.0	0.0	0.0	0.0	0.0	0.0	0.064	0.0	0.007	0.0
chr16	1512313	1512457	21776864	21776872	Endothel	chr16:1512313-1512457	U	0.213	0.0	0.007	0.029	0.082	0.01	0.001	0.026	0.0	0.0	0.0	0.108	0.19	0.729	0.0	0.05	0.017	0.0	0.0	0.014	0.006	0.01	0.02	0.018	0.0	0.006	0.147	0.007	0.0	0.006	0.0	0.01	0.019	0.0	0.0	0.005	0.159	0.0	0.055	0.0
chr16	1820826	1820981	21786842	21786850	Eryth-prog	chr16:1820826-1820981	U	0.0	0.013	0.0	0.0	0.0	0.0	0.0	0.0	0.0	0.0	0.012	0.0	0.0	0.002	0.0	0.993	0.0	0.0	0.014	0.054	0.007	0.009	0.0	0.0	0.005	0.0	0.0	0.0	0.0	0.007	0.0	0.0	0.012	0.023	0.0	0.0	0.0	0.012	0.015	0.0
chr16	1955208	1955337	21790284	21790289	Skeletal-Musc	chr16:1955208-1955337	U	0.0	0.0	0.036	0.0	0.0	0.0	0.003	0.067	0.0	0.0	0.007	0.024	0.0	0.008	0.0	0.041	0.0	0.0	0.0	0.0	0.0	0.0	0.007	0.0	0.0	0.014	0.0	0.0	0.0	0.0	0.0	0.0	0.0	0.0	0.0	0.0	0.647	0.0	0.011	0.0
chr16	2101612	2101983	21796129	21796146	Neuron	chr16:2101612-2101983	U	0.005	0.0	0.0	0.0	0.0	0.0	0.0	0.0	0.0	0.0	0.0	0.0	0.0	0.001	0.0	0.014	0.0	0.0	0.0	0.003	0.0	0.0	0.0	0.0	0.0	0.0	0.756	0.025	0.0	0.0	0.0	0.0	0.0	0.0	0.0	0.0	0.0	0.0	0.008	0.0
chr16	3138374	3138510	21827041	21827053	Megakaryocytes	chr16:3138374-3138510	U	0.0	0.0	0.016	0.018	0.033	0.011	0.033	0.083	0.016	0.0	0.0	0.012	0.0	0.011	0.0	0.044	0.0	0.0	0.0	0.005	0.0	0.0	0.02	0.0	0.0	0.0	0.0	0.008	0.019	0.0	0.0	0.0	0.0	0.009	1.0	0.0	0.0	0.0	0.021	0.0
chr16	3790861	3791157	21840602	21840608	Megakaryocytes	chr16:3790861-3791157	U	0.064	0.0	0.0	0.065	0.084	0.039	0.0	0.0	0.0	0.0	0.0	0.0	0.0	0.014	0.0	0.214	0.0	0.0	0.0	0.0	0.016	0.0	0.006	0.0	0.0	0.0	0.083	0.031	0.0	0.0	0.0	0.0	0.0	0.0	1.0	0.0	0.027	0.0	0.012	0.0
chr16	11990411	11990649	21954312	21954318	Kidney-Ep	chr16:11990411-11990649	U	0.0	0.0	0.0	0.0	0.0	0.0	0.0	0.1	0.0	0.0	0.0	0.0	0.0	0.008	0.0	0.143	0.0	0.0	0.0	0.011	0.0	0.0	0.848	0.0	0.0	0.0	0.0	0.0	0.143	0.0	0.083	0.1	0.0	0.0	0.0	0.0	0.0	0.0	0.0	0.0
chr16	12515601	12515867	21962071	21962080	Kidney-Ep	chr16:12515601-12515867	U	0.027	0.0	0.0	0.0	0.02	0.0	0.0	0.0	0.0	0.0	0.0	0.0	0.106	0.004	0.019	0.11	0.129	0.0	0.0	0.002	0.005	0.011	0.928	0.003	0.0	0.0	0.032	0.005	0.0	0.0	0.0	0.0	0.0	0.0	0.0	0.005	0.032	0.0	0.027	0.051
chr16	15678218	15678512	22002715	22002721	Breast-Basal-Ep	chr16:15678218-15678512	U	0.0	0.0	0.0	0.0	0.0	0.0	0.0	0.0	0.889	0.031	0.0	0.0	0.0	0.0	0.0	0.014	0.0	0.0	0.0	0.006	0.0	0.0	0.0	0.004	0.0	0.0	0.05	0.0	0.0	0.0	0.0	0.0	0.0	0.0	0.0	0.0	0.0	0.0	0.0	0.0
chr16	15928730	15928958	22006650	22006660	Lung-Ep-Bron	chr16:15928730-15928958	U	0.0	0.0	0.0	0.0	0.004	0.0	0.003	0.0	0.007	0.0	0.025	0.0	0.023	0.0	0.0	0.035	0.0	0.0	0.002	0.05	0.0	0.006	0.046	0.0	0.004	0.817	0.0	0.0	0.0	0.0	0.008	0.0	0.0	0.0	0.0	0.004	0.0	0.04	0.0	0.04
chr16	19537127	19537919	22053191	22053200	Breast-Basal-Ep	chr16:19537127-19537919	U	0.0	0.0	0.0	0.0	0.0	0.0	0.0	0.0	1.0	0.0	0.0	0.0	0.0	0.0	0.0	0.0	0.0	0.0	0.0	0.0	0.0	0.0	0.0	0.0	0.0	0.0	0.067	0.1	0.0	0.0	0.0	0.0	0.0	0.0	0.0	0.0	0.0	0.0	0.0	0.0
chr16	22230918	22231246	22084583	22084589	Blood-Granul	chr16:22230918-22231246	U	0.081	0.008	0.0	1.0	0.039	0.0	0.003	0.0	0.0	0.01	0.04	0.029	0.0	0.0	0.0	0.108	0.0	0.0	0.0	0.012	0.0	0.008	0.007	0.025	0.0	0.007	0.0	0.0	0.0	0.006	0.0	0.0	0.0	0.009	0.0	0.0	0.156	0.035	0.006	0.0
chr16	22352109	22352514	22086508	22086519	Lung-Ep-Alveo	chr16:22352109-22352514	U	0.0	0.0	0.0	0.0	0.005	0.0	0.043	0.0	0.0	0.0	0.0	0.008	0.0	0.0	0.0	0.018	0.0	0.0	0.002	0.0	0.0	0.0	0.0	0.0	0.928	0.023	0.0	0.004	0.0	0.0	0.0	0.0	0.0	0.0	0.0	0.0	0.0	0.0	0.004	0.0
chr16	24821927	24822525	22114840	22114848	Blood-NK	chr16:24821927-24822525	U	0.0	0.0	0.014	0.0	0.011	0.851	0.079	0.0	0.0	0.0	0.005	0.066	0.0	0.0	0.0	0.0	0.0	0.0	0.0	0.003	0.0	0.0	0.0	0.009	0.0	0.0	0.0	0.0	0.0	0.0	0.0	0.0	0.0	0.0	0.0	0.0	0.0	0.006	0.0	0.0
chr16	25217338	25217431	22120336	22120343	Pancreas-Acinar	chr16:25217338-25217431	U	0.007	0.011	0.0	0.0	0.0	0.0	0.001	0.0	0.0	0.011	0.008	0.0	0.0	0.006	0.0	0.065	0.0	0.0	0.0	0.004	0.023	0.01	0.0	0.004	0.011	0.006	0.0	0.0	0.0	0.983	0.021	0.028	0.05	0.03	0.0	0.0	0.0	0.0	0.016	0.0
chr16	28567578	28568238	22159069	22159075	Bladder-Ep	chr16:28567578-28568238	U	0.0	0.853	0.0	0.0	0.0	0.0	0.0	0.0	0.0	0.0	0.009	0.0	0.0	0.023	0.038	0.155	0.0	0.043	0.0	0.006	0.0	0.009	0.0	0.0	0.0	0.0	0.0	0.0	0.01	0.0	0.0	0.0	0.0	0.011	0.0	0.108	0.0	0.0	0.007	0.038
chr16	28985618	28986646	22167927	22167954	Blood-T	chr16:28985618-28986646	U	0.016	0.005	0.006	0.003	0.048	0.223	0.944	0.0	0.0	0.004	0.004	0.06	0.0	0.001	0.0	0.135	0.0	0.0	0.002	0.001	0.003	0.003	0.0	0.002	0.0	0.0	0.0	0.0	0.0	0.0	0.0	0.0	0.0	0.003	0.091	0.0	0.018	0.003	0.007	0.0
chr16	29173589	29173921	22171519	22171528	Blood-Mono+Macro	chr16:29173589-29173921	U	0.203	0.012	0.059	0.0	0.894	0.0	0.0	0.0	0.0	0.0	0.0	0.023	0.0	0.011	0.0	0.182	0.0	0.0	0.0	0.0	0.014	0.0	0.0	0.0	0.0	0.0	0.032	0.026	0.0	0.03	0.018	0.033	0.0	0.0	0.0	0.0	0.056	0.0	0.027	0.0
chr16	30946810	30946969	22209249	22209262	Pancreas-Beta	chr16:30946810-30946969	U	0.005	0.0	0.0	0.0	0.002	0.0	0.0	0.0	0.0	0.0	0.0	0.0	0.016	0.001	0.0	0.0	0.0	0.0	0.002	0.006	0.0	0.0	0.0	0.0	0.0	0.0	0.067	0.0	0.0	0.009	0.074	0.952	0.028	0.0	0.0	0.0	0.0	0.0	0.0	0.0
chr16	30947060	30947237	22209263	22209278	Pancreas-Beta	chr16:30947060-30947237	U	0.0	0.0	0.0	0.0	0.0	0.0	0.0	0.0	0.009	0.0	0.004	0.0	0.0	0.003	0.0	0.0	0.0	0.0	0.0	0.0	0.0	0.0	0.0	0.0	0.0	0.0	0.028	0.0	0.0	0.007	0.021	0.922	0.091	0.007	0.0	0.0	0.0	0.0	0.0	0.0
chr16	33983242	33983304	22246848	22246853	Bladder-Ep	chr16:33983242-33983304	U	0.0	0.839	0.0	0.009	0.011	0.0	0.002	0.025	0.0	0.02	0.007	0.0	0.027	0.009	0.062	0.129	0.0	0.0	0.018	0.002	0.03	0.071	0.007	0.008	0.0	0.0	0.009	0.012	0.0	0.046	0.046	0.032	0.03	0.0	0.0	0.091	0.0	0.005	0.061	0.008
chr16	47371796	47372015	22324606	22324612	Oligodend	chr16:47371796-47372015	U	0.0	0.0	0.0	0.0	0.0	0.0	0.0	0.0	0.0	0.0	0.0	0.0	0.0	0.0	0.0	0.04	0.0	0.037	0.0	0.0	0.0	0.0	0.0	0.0	0.0	0.0	0.06	0.96	0.0	0.0	0.0	0.0	0.0	0.0	0.0	0.0	0.0	0.0	0.0	0.0
chr16	49733000	49733194	22347413	22347419	Prostate-Ep	chr16:49733000-49733194	U	0.0	0.151	0.015	0.0	0.015	0.0	0.015	0.093	0.0	0.0	0.047	0.169	0.028	0.1	0.0	0.231	0.0	0.0	0.006	0.008	0.0	0.016	0.124	0.018	0.026	0.0	0.07	0.0	0.046	0.0	0.024	0.0	0.0	0.0	0.0	0.91	0.0	0.0	0.364	0.0
chr16	53631738	53631968	22385185	22385191	Pancreas-Delta	chr16:53631738-53631968	U	0.0	0.0	0.0	0.0	0.0	0.0	0.0	0.0	0.0	0.0	0.004	0.0	0.0	0.0	0.0	0.076	0.0	0.0	0.003	0.0	0.0	0.009	0.02	0.0	0.0	0.0	0.018	0.007	0.009	0.0	0.0	0.011	0.743	0.009	0.0	0.0	0.0	0.0	0.007	0.0
chr16	66554618	66555161	22501400	22501409	Fallopian-Ep	chr16:66554618-66555161	U	0.0	0.049	0.0	0.021	0.018	0.0	0.104	0.0	0.0	0.0	0.021	0.019	0.0	0.0	0.0	0.009	0.853	0.0	0.0	0.037	0.0	0.0	0.004	0.0	0.0	0.0	0.0	0.0	0.113	0.0	0.0	0.0	0.0	0.0	0.0	0.058	0.018	0.0	0.0	0.0
chr16	66644112	66644686	22502794	22502801	Fallopian-Ep	chr16:66644112-66644686	U	0.0	0.0	0.0	0.0	0.007	0.017	0.005	0.0	0.0	0.0	0.0	0.0	0.0	0.001	0.026	0.233	0.978	0.0	0.0	0.0	0.0	0.014	0.0	0.0	0.0	0.0	0.0	0.0	0.122	0.0	0.0	0.0	0.0	0.0	0.0	0.0	0.0	0.0	0.015	0.0
chr16	67721352	67721481	22522125	22522131	Blood-Granul	chr16:67721352-67721481	U	0.011	0.0	0.013	0.99	0.075	0.024	0.004	0.034	0.0	0.0	0.009	0.0	0.0	0.009	0.115	0.009	0.0	0.0	0.006	0.028	0.0	0.0	0.0	0.021	0.008	0.048	0.0	0.0	0.0	0.025	0.0	0.0	0.0	0.0	0.0	0.007	0.163	0.007	0.024	0.0
chr16	67930002	67930446	22525964	22525976	Pancreas-Acinar	chr16:67930002-67930446	U	0.029	0.0	0.0	0.0	0.0	0.0	0.0	0.016	0.0	0.0	0.0	0.0	0.0	0.007	0.0	0.05	0.0	0.0	0.003	0.004	0.0	0.005	0.0	0.0	0.004	0.019	0.01	0.0	0.0	0.996	0.0	0.007	0.017	0.005	0.0	0.0	0.022	0.0	0.011	0.0
chr16	67930493	67931438	22525977	22526004	Pancreas-Acinar	chr16:67930493-67931438	U	0.002	0.0	0.0	0.0	0.0	0.0	0.0	0.011	0.009	0.003	0.001	0.0	0.0	0.002	0.0	0.031	0.0	0.0	0.002	0.009	0.004	0.005	0.003	0.0	0.0	0.007	0.015	0.0	0.0	0.965	0.0	0.003	0.003	0.024	0.0	0.0	0.005	0.0	0.004	0.0
chr16	71728101	71728190	22582019	22582024	Blood-B	chr16:71728101-71728190	U	0.0	0.0	0.958	0.0	0.016	0.0	0.0	0.0	0.0	0.0	0.0	0.165	0.0	0.008	0.0	0.089	0.0	0.0	0.0	0.002	0.007	0.0	0.0	0.0	0.0	0.0	0.0	0.0	0.0	0.0	0.0	0.0	0.0	0.0	0.0	0.0	0.0	0.007	0.0	0.0
chr16	71810384	71811169	22583097	22583113	Gastric-Ep	chr16:71810384-71811169	U	0.003	0.0	0.0	0.008	0.001	0.0	0.001	0.0	0.0	0.005	0.0	0.0	0.0	0.001	0.0	0.035	0.0	0.0	0.966	0.002	0.007	0.004	0.0	0.0	0.003	0.0	0.001	0.0	0.011	0.0	0.0	0.0	0.0	0.0	0.0	0.0	0.0	0.005	0.002	0.0
chr16	72924571	72924632	22594716	22594721	Pancreas-Duct	chr16:72924571-72924632	U	0.0	0.025	0.0	0.0	0.008	0.0	0.001	0.0	0.017	0.236	0.006	0.0	0.0	0.001	0.0	0.082	0.0	0.235	0.008	0.007	0.0	0.012	0.113	0.003	0.018	0.006	0.01	0.021	0.039	0.005	0.0	0.01	0.162	0.966	0.0	0.2	0.0	0.004	0.0	0.0
chr16	79140255	79140386	22665157	22665163	Heart-Fibro	chr16:79140255-79140386	U	0.0	0.0	0.0	0.0	0.0	0.0	0.0	0.0	0.0	0.018	0.0	0.0	0.0	0.0	0.0	0.118	0.0	0.0	0.004	0.003	0.04	0.883	0.005	0.0	0.0	0.0	0.0	0.0	0.0	0.0	0.0	0.0	0.0	0.0	0.0	0.0	0.151	0.0	0.058	0.0
chr16	81668249	81668377	22694985	22694994	Breast-Basal-Ep	chr16:81668249-81668377	U	0.006	0.0	0.0	0.0	0.002	0.0	0.0	0.0	0.879	0.018	0.0	0.013	0.0	0.01	0.0	0.024	0.0	0.0	0.0	0.0	0.0	0.0	0.036	0.0	0.0	0.0	0.009	0.027	0.0	0.0	0.0	0.0	0.0	0.0	0.0	0.02	0.037	0.0	0.006	0.0
chr16	81731596	81731988	22696345	22696353	Kidney-Ep	chr16:81731596-81731988	U	0.0	0.0	0.0	0.014	0.0	0.0	0.0	0.019	0.0	0.0	0.003	0.0	0.0	0.004	0.0	0.09	0.0	0.0	0.0	0.002	0.0	0.0	0.816	0.0	0.0	0.0	0.0	0.0	0.0	0.0	0.0	0.01	0.0	0.0	0.0	0.006	0.0	0.0	0.0	0.0
chr16	83880752	83880875	22718201	22718206	Ovary-Ep	chr16:83880752-83880875	U	0.035	0.0	0.023	0.0	0.01	0.019	0.012	0.042	0.026	0.057	0.11	0.0	0.0	0.009	0.0	0.062	0.128	0.0	0.026	0.048	0.0	0.043	0.007	0.016	0.041	0.108	0.0	0.0	0.779	0.043	0.067	0.0	0.0	0.0	0.0	0.0	0.0	0.033	0.035	0.0
chr16	85197025	85197199	22745489	22745498	Pancreas-Duct	chr16:85197025-85197199	U	0.235	0.0	0.0	0.0	0.006	0.009	0.017	0.067	0.007	0.007	0.003	0.1	0.0	0.112	0.0	0.12	0.0	0.195	0.004	0.015	0.0	0.006	0.035	0.0	0.004	0.005	0.002	0.027	0.056	0.067	0.028	0.0	0.0	0.948	0.0	0.028	0.023	0.004	0.031	0.0
chr16	85402124	85402258	22750631	22750640	Megakaryocytes	chr16:85402124-85402258	U	0.005	0.0	0.0	0.0	0.002	0.0	0.0	0.0	0.0	0.0	0.0	0.01	0.0	0.002	0.0	0.09	0.0	0.0	0.004	0.0	0.005	0.0	0.0	0.0	0.0	0.0	0.0	0.0	0.0	0.0	0.009	0.0	0.0	0.0	0.857	0.0	0.0	0.004	0.005	0.0
chr16	85512534	85512808	22753593	22753602	Pancreas-Delta	chr16:85512534-85512808	U	0.0	0.0	0.0	0.0	0.002	0.0	0.003	0.0	0.0	0.0	0.003	0.165	0.0	0.03	0.0	0.09	0.0	0.0	0.0	0.0	0.006	0.0	0.0	0.0	0.0	0.0	0.0	0.007	0.007	0.014	0.114	0.202	0.972	0.008	0.1	0.0	0.0	0.0	0.0	0.008
chr16	86597378	86597556	22776468	22776474	Adipocytes	chr16:86597378-86597556	U	0.703	0.025	0.0	0.008	0.002	0.0	0.009	0.0	0.022	0.01	0.006	0.079	0.075	0.243	0.0	0.195	0.009	0.0	0.013	0.014	0.037	0.424	0.02	0.071	0.039	0.006	0.022	0.0	0.0	0.093	0.078	0.028	0.073	0.034	0.0	0.0	0.293	0.014	0.375	0.0
chr16	87478225	87478632	22792620	22792629	Fallopian-Ep	chr16:87478225-87478632	U	0.0	0.004	0.0	0.0	0.005	0.0	0.0	0.0	0.0	0.0	0.0	0.0	0.0	0.002	0.0	0.139	0.917	0.0	0.0	0.0	0.01	0.012	0.0	0.0	0.0	0.0	0.108	0.0	0.065	0.01	0.0	0.0	0.0	0.0	0.0	0.0	0.0	0.062	0.0	0.0
chr16	87701324	87701777	22798518	22798538	Blood-B	chr16:87701324-87701777	U	0.0	0.0	0.951	0.0	0.01	0.0	0.005	0.0	0.003	0.0	0.002	0.068	0.0	0.015	0.0	0.013	0.0	0.0	0.002	0.003	0.009	0.0	0.0	0.002	0.0	0.0	0.025	0.0	0.0	0.0	0.0	0.0	0.0	0.0	0.0	0.003	0.0	0.0	0.0	0.0
chr16	88165639	88165867	22811421	22811431	Smooth-Musc	chr16:88165639-88165867	U	0.253	0.016	0.0	0.0	0.0	0.0	0.0	0.0	0.0	0.0	0.0	0.032	0.273	0.106	0.0	0.073	0.072	0.0	0.0	0.007	0.0	0.3	0.01	0.0	0.0	0.0	0.0	0.0	0.071	0.008	0.013	0.0	0.0	0.0	0.0	0.0	0.06	0.0	0.45	0.0
chr16	88653534	88653999	22825630	22825645	Blood-NK	chr16:88653534-88653999	U	0.003	0.0	0.01	0.0	0.016	0.886	0.091	0.074	0.0	0.0	0.0	0.0	0.014	0.004	0.111	0.076	0.0	0.0	0.0	0.059	0.0	0.009	0.004	0.0	0.0	0.004	0.0	0.0	0.0	0.003	0.0	0.0	0.0	0.0	0.0	0.0	0.0	0.0	0.01	0.0
chr16	88693774	88693870	22826921	22826928	Epid-Kerat	chr16:88693774-88693870	U	0.0	0.007	0.0	0.0	0.003	0.0	0.002	0.0	0.012	0.01	0.004	0.0	0.0	0.002	0.971	0.039	0.0	0.027	0.003	0.064	0.0	0.0	0.0	0.0	0.0	0.006	0.0	0.007	0.008	0.0	0.0	0.0	0.0	0.0	0.0	0.0	0.0	0.006	0.0	0.0
chr16	89374800	89375030	22849769	22849775	Colon-Fibro	chr16:89374800-89375030	U	0.195	0.037	0.896	0.0	0.033	0.01	0.001	0.228	0.0	0.0	0.0	0.627	0.182	0.057	0.0	0.036	0.008	0.054	0.0	0.008	0.0	0.014	0.212	0.032	0.0	0.0	0.141	0.022	0.006	0.0	0.187	0.22	0.069	0.023	0.0	0.013	0.124	0.0	0.022	0.299
chr16	89703560	89703701	22859630	22859637	Ovary-Ep	chr16:89703560-89703701	U	0.0	0.006	0.0	0.0	0.0	0.0	0.0	0.0	0.0	0.0	0.0	0.0	0.0	0.0	0.0	0.007	0.134	0.0	0.003	0.0	0.0	0.0	0.041	0.0	0.0	0.0	0.0	0.0	0.802	0.014	0.0	0.012	0.0	0.0	0.0	0.0	0.0	0.0	0.0	0.0
chr17	651052	651371	22884301	22884309	Gastric-Ep	chr17:651052-651371	U	0.0	0.0	0.0	0.0	0.0	0.0	0.0	0.0	0.0	0.0	0.006	0.053	0.0	0.001	0.0	0.052	0.006	0.026	0.969	0.015	0.0	0.0	0.0	0.0	0.005	0.0	0.0	0.0	0.091	0.047	0.008	0.01	0.065	0.033	0.0	0.0	0.0	0.005	0.0	0.0
chr17	802416	802618	22887909	22887919	Pancreas-Acinar	chr17:802416-802618	U	0.0	0.0	0.0	0.012	0.0	0.0	0.002	0.0	0.0	0.008	0.021	0.0	0.0	0.002	0.0	0.058	0.0	0.0	0.0	0.0	0.0	0.0	0.0	0.006	0.0	0.0	0.013	0.0	0.0	0.971	0.0	0.0	0.0	0.028	0.0	0.0	0.023	0.005	0.0	0.0
chr17	1307080	1307311	22902861	22902868	Kidney-Ep	chr17:1307080-1307311	U	0.082	0.005	0.0	0.0	0.0	0.0	0.005	0.0	0.0	0.017	0.0	0.138	0.061	0.167	0.067	0.156	0.067	0.029	0.002	0.005	0.018	0.025	0.878	0.0	0.0	0.0	0.0	0.0	0.06	0.007	0.008	0.01	0.0	0.033	0.0	0.036	0.035	0.0	0.091	0.0
chr17	1321365	1321794	22903332	22903344	Megakaryocytes	chr17:1321365-1321794	U	0.0	0.003	0.003	0.0	0.002	0.0	0.001	0.014	0.0	0.0	0.004	0.015	0.0	0.002	0.0	0.134	0.005	0.0	0.008	0.002	0.004	0.013	0.004	0.002	0.003	0.008	0.0	0.0	0.004	0.008	0.0	0.0	0.0	0.0	1.0	0.0	0.0	0.003	0.0	0.0
chr17	1435206	1435675	22905912	22905918	Prostate-Ep	chr17:1435206-1435675	U	0.0	0.089	0.0	0.0	0.0	0.0	0.004	0.0	0.03	0.111	0.022	0.0	0.0	0.005	0.077	0.018	0.176	0.0	0.127	0.06	0.0	0.029	0.036	0.0	0.13	0.043	0.05	0.077	0.043	0.015	0.0	0.0	0.069	0.0	0.0	0.909	0.0	0.0	0.0	0.0
chr17	1620498	1620616	22911258	22911266	Breast-Luminal-Ep	chr17:1620498-1620616	U	0.023	0.024	0.0	0.0	0.007	0.009	0.006	0.0	0.033	0.868	0.008	0.0	0.0	0.004	0.0	0.2	0.0	0.0	0.005	0.004	0.0	0.0	0.128	0.009	0.04	0.052	0.062	0.008	0.0	0.0	0.0	0.01	0.0	0.0	0.0	0.123	0.03	0.0	0.022	0.0
chr17	1888891	1889165	22918028	22918036	Heart-Cardio	chr17:1888891-1889165	U	0.0	0.0	0.0	0.0	0.0	0.0	0.0	0.0	0.006	0.0	0.0	0.021	0.0	0.019	0.0	0.043	0.0	0.026	0.002	0.003	0.943	0.022	0.002	0.0	0.004	0.0	0.01	0.0	0.0	0.0	0.007	0.0	0.007	0.0	0.0	0.0	0.0	0.0	0.007	0.0
chr17	2636560	2636691	22934106	22934111	Pancreas-Alpha	chr17:2636560-2636691	U	0.0	0.0	0.0	0.0	0.0	0.0	0.0	0.029	0.026	0.188	0.0	0.0	0.026	0.036	0.043	0.018	0.0	0.0	0.002	0.002	0.0	0.0	0.0	0.0	0.034	0.0	0.029	0.0	0.009	0.01	0.973	0.022	0.0	0.0	0.0	0.057	0.0	0.0	0.006	0.02
chr17	3000390	3001520	22942758	22942778	Breast-Luminal-Ep	chr17:3000390-3001520	U	0.0	0.0	0.0	0.0	0.0	0.0	0.036	0.0	0.159	0.957	0.022	0.0	0.2	0.017	0.053	0.263	0.0	0.0	0.011	0.082	0.154	0.064	0.187	0.0	0.021	0.0	0.0	0.0	0.0	0.0	0.027	0.043	0.056	0.0	0.0	0.011	0.0	0.0	0.038	0.0
chr17	3645576	3646077	22951413	22951424	Blood-B	chr17:3645576-3646077	U	0.0	0.0	0.911	0.043	0.021	0.0	0.009	0.0	0.0	0.0	0.037	0.038	0.0	0.014	0.0	0.082	0.0	0.0	0.003	0.017	0.0	0.0	0.108	0.0	0.0	0.0	0.0	0.0	0.0	0.0	0.0	0.0	0.0	0.0	0.0	0.0	0.03	0.072	0.0	0.0
chr17	4109586	4109869	22961783	22961790	Oligodend	chr17:4109586-4109869	U	0.0	0.0	0.0	0.0	0.002	0.0	0.001	0.0	0.0	0.0	0.0	0.0	0.0	0.0	0.0	0.015	0.0	0.0	0.0	0.0	0.0	0.0	0.0	0.0	0.0	0.0	0.056	0.952	0.0	0.005	0.0	0.0	0.0	0.0	0.0	0.0	0.0	0.005	0.0	0.0
chr17	7407119	7407280	23019330	23019339	Neuron	chr17:7407119-7407280	U	0.0	0.0	0.0	0.0	0.009	0.0	0.0	0.0	0.0	0.011	0.0	0.0	0.0	0.006	0.0	0.08	0.0	0.0	0.009	0.003	0.0	0.031	0.004	0.0	0.014	0.0	0.88	0.155	0.0	0.016	0.074	0.038	0.196	0.0	0.0	0.0	0.016	0.008	0.008	0.0
chr17	7855155	7855375	23029914	23029923	Endothel	chr17:7855155-7855375	U	0.325	0.0	0.0	0.0	0.015	0.0	0.0	0.025	0.008	0.0	0.0	0.123	0.073	0.699	0.0	0.011	0.0	0.0	0.0	0.01	0.036	0.088	0.012	0.012	0.01	0.0	0.044	0.0	0.0	0.0	0.0	0.0	0.0	0.009	0.0	0.015	0.096	0.0	0.124	0.0
chr17	8311246	8311401	23040175	23040182	Endothel	chr17:8311246-8311401	U	0.349	0.008	0.0	0.0	0.034	0.0	0.0	0.083	0.011	0.0	0.056	0.18	0.0	0.778	0.0	0.101	0.014	0.043	0.0	0.015	0.0	0.052	0.0	0.028	0.008	0.027	0.042	0.019	0.13	0.07	0.0	0.0	0.0	0.011	0.0	0.0	0.065	0.009	0.025	0.0
chr17	9219722	9219851	23054502	23054509	Small-Int-Ep	chr17:9219722-9219851	U	0.0	0.0	0.0	0.009	0.0	0.0	0.0	0.04	0.0	0.0	0.015	0.0	0.0	0.004	0.069	0.12	0.013	0.087	0.01	0.038	0.016	0.038	0.045	0.016	0.0	0.008	0.069	0.0	0.0	0.008	0.011	0.0	0.0	0.0	0.0	0.0	0.0	0.971	0.04	0.0
chr17	10907246	10907557	23077873	23077880	Heart-Fibro	chr17:10907246-10907557	U	0.062	0.0	0.0	0.0	0.003	0.0	0.006	0.059	0.0	0.0	0.0	0.0	0.0	0.006	0.0	0.194	0.0	0.048	0.0	0.003	0.021	0.884	0.0	0.006	0.0	0.0	0.031	0.011	0.0	0.01	0.012	0.013	0.0	0.0	0.0	0.0	0.1	0.0	0.122	0.0
chr17	12998827	12999309	23099452	23099463	Fallopian-Ep	chr17:12998827-12999309	U	0.006	0.0	0.0	0.0	0.0	0.0	0.0	0.0	0.0	0.0	0.0	0.009	0.0	0.009	0.0	0.012	0.942	0.0	0.0	0.002	0.0	0.006	0.007	0.0	0.0	0.0	0.0	0.005	0.012	0.0	0.0	0.009	0.052	0.0	0.0	0.0	0.021	0.0	0.0	0.0
chr17	19305680	19306079	23186010	23186017	Oligodend	chr17:19305680-19306079	U	0.013	0.0	0.0	0.0	0.007	0.0	0.002	0.0	0.0	0.032	0.0	0.045	0.0	0.019	0.0	0.034	0.0	0.0	0.0	0.009	0.021	0.0	0.0	0.0	0.0	0.01	0.054	0.97	0.0	0.0	0.0	0.0	0.0	0.0	0.0	0.008	0.0	0.01	0.0	0.0
chr17	29972250	29972587	23346362	23346381	Ovary-Ep	chr17:29972250-29972587	U	0.0	0.0	0.0	0.0	0.001	0.0	0.001	0.0	0.0	0.0	0.0	0.006	0.0	0.0	0.0	0.093	0.012	0.0	0.001	0.002	0.0	0.003	0.003	0.0	0.003	0.003	0.002	0.0	0.761	0.003	0.0	0.0	0.0	0.004	0.0	0.0	0.0	0.0	0.003	0.008
chr17	32865019	32865337	23383704	23383710	Oligodend	chr17:32865019-32865337	U	0.0	0.0	0.0	0.0	0.0	0.0	0.005	0.0	0.0	0.0	0.0	0.0	0.0	0.003	0.0	0.031	0.0	0.0	0.009	0.003	0.0	0.0	0.0	0.0	0.0	0.0	0.037	0.947	0.0	0.0	0.0	0.0	0.0	0.0	0.0	0.0	0.0	0.0	0.037	0.0
chr17	35092017	35092421	23403804	23403813	Pancreas-Duct	chr17:35092017-35092421	U	0.025	0.016	0.0	0.008	0.002	0.0	0.0	0.0	0.0	0.0	0.0	0.024	0.0	0.041	0.03	0.056	0.056	0.037	0.133	0.002	0.0	0.056	0.003	0.0	0.012	0.018	0.056	0.008	0.013	0.079	0.02	0.134	0.124	0.965	0.0	0.031	0.06	0.017	0.019	0.0
chr17	35951487	35951663	23414121	23414131	Heart-Fibro	chr17:35951487-35951663	U	0.05	0.0	0.0	0.006	0.003	0.0	0.001	0.017	0.0	0.0	0.003	0.016	0.021	0.015	0.0	0.176	0.0	0.0	0.008	0.006	0.033	0.876	0.0	0.0	0.0	0.0	0.009	0.011	0.006	0.022	0.006	0.007	0.008	0.012	0.0	0.0	0.015	0.012	0.188	0.0
chr17	38811349	38811598	23457379	23457386	Kidney-Ep	chr17:38811349-38811598	U	0.0	0.0	0.019	0.0	0.002	0.009	0.004	0.0	0.0	0.0	0.007	0.0	0.0	0.009	0.0	0.034	0.0	0.032	0.0	0.002	0.0	0.008	0.94	0.0	0.193	0.0	0.0	0.0	0.015	0.0	0.0	0.0	0.0	0.008	0.0	0.006	0.0	0.0	0.005	0.0
chr17	39550596	39550795	23469999	23470004	Blood-B	chr17:39550596-39550795	U	0.033	0.025	0.964	0.0	0.019	0.0	0.0	0.0	0.0	0.0	0.018	0.184	0.0	0.016	0.0	0.046	0.0	0.0	0.028	0.03	0.0	0.0	0.0	0.0	0.038	0.011	0.008	0.0	0.0	0.0	0.0	0.0	0.0	0.0	0.0	0.011	0.0	0.01	0.033	0.0
chr17	42167918	42168005	23508738	23508743	Blood-Mono+Macro	chr17:42167918-42168005	U	0.058	0.0	0.061	0.0	0.838	0.011	0.0	0.0	0.0	0.013	0.0	0.019	0.0	0.002	0.0	0.14	0.0	0.0	0.0	0.017	0.009	0.013	0.009	0.0	0.0	0.01	0.008	0.01	0.01	0.0	0.0	0.0	0.0	0.034	0.0	0.0	0.083	0.0	0.015	0.0
chr17	42845730	42845807	23521674	23521681	Bone-Osteob	chr17:42845730-42845807	U	0.039	0.03	0.079	0.0	0.025	0.0	0.009	0.975	0.0	0.0	0.0	0.108	0.0	0.012	0.0	0.044	0.0	0.0	0.007	0.012	0.0	0.032	0.0	0.003	0.0	0.01	0.0	0.0	0.0	0.0	0.0	0.0	0.0	0.0	0.0	0.0	0.01	0.0	0.013	0.0
chr17	45099846	45099906	23564181	23564187	Neuron	chr17:45099846-45099906	U	0.0	0.0	0.0	0.0	0.0	0.0	0.0	0.0	0.0	0.0	0.0	0.0	0.0	0.001	0.0	0.0	0.0	0.0	0.0	0.0	0.0	0.0	0.0	0.0	0.0	0.007	0.665	0.008	0.0	0.0	0.0	0.0	0.0	0.0	0.0	0.0	0.0	0.0	0.0	0.0
chr17	45131287	45131390	23564884	23564890	Bladder-Ep	chr17:45131287-45131390	U	0.023	0.94	0.0	0.0	0.0	0.0	0.001	0.085	0.048	0.0	0.003	0.019	0.0	0.001	0.0	0.052	0.0	0.029	0.004	0.076	0.0	0.0	0.003	0.0	0.028	0.033	0.017	0.0	0.0	0.005	0.0	0.0	0.0	0.0	0.0	0.179	0.011	0.0	0.005	0.0
chr17	46049795	46049907	23580414	23580419	Eryth-prog	chr17:46049795-46049907	U	0.017	0.0	0.0	0.0	0.0	0.0	0.0	0.0	0.0	0.0	0.0	0.0	0.0	0.001	0.0	0.986	0.0	0.0	0.01	0.0	0.0	0.0	0.0	0.0	0.0	0.0	0.006	0.0	0.0	0.0	0.0	0.0	0.0	0.008	0.0	0.006	0.0	0.0	0.0	0.0
chr17	47175607	47176479	23594884	23594893	Thyroid-Ep	chr17:47175607-47176479	U	0.0	0.014	0.0	0.0	0.0	0.0	0.001	0.0	0.0	0.0	0.0	0.0	0.0	0.0	0.0	0.02	0.0	0.0	0.0	0.003	0.0	0.01	0.034	0.0	0.0	0.0	0.0	0.01	0.0	0.0	0.0	0.0	0.0	0.0	0.0	0.0	0.029	0.0	0.0	0.962
chr17	47212085	47212204	23595312	23595318	Heart-Cardio	chr17:47212085-47212204	U	0.0	0.0	0.0	0.0	0.0	0.0	0.0	0.0	0.0	0.0	0.0	0.0	0.0	0.0	0.0	0.007	0.0	0.0	0.003	0.002	0.977	0.0	0.0	0.0	0.0	0.0	0.0	0.0	0.0	0.0	0.0	0.0	0.0	0.0	0.0	0.0	0.0	0.0	0.0	0.0
chr17	51149771	51149990	23656366	23656371	Head-Neck-Ep	chr17:51149771-51149990	U	0.013	0.0	0.013	0.0	0.005	0.0	0.003	0.0	0.018	0.0	0.0	0.0	0.0	0.011	0.053	0.066	0.017	0.0	0.0	0.835	0.0	0.026	0.0	0.0	0.0	0.104	0.017	0.016	0.0	0.0	0.0	0.017	0.0	0.0	0.0	0.0	0.032	0.0	0.021	0.0
chr17	55254250	55254480	23682086	23682093	Lung-Ep-Bron	chr17:55254250-55254480	U	0.0	0.0	0.0	0.0	0.0	0.0	0.003	0.0	0.0	0.0	0.0	0.0	0.0	0.001	0.0	0.148	0.0	0.0	0.008	0.024	0.006	0.008	0.0	0.0	0.06	0.905	0.0	0.0	0.015	0.008	0.0	0.0	0.0	0.0	0.0	0.0	0.017	0.0	0.013	0.0
chr17	55471873	55472198	23684371	23684376	Fallopian-Ep	chr17:55471873-55472198	U	0.1	0.0	0.0	0.0	0.043	0.0	0.0	0.0	0.0	0.0	0.0	0.0	0.0	0.023	0.0	0.105	0.923	0.0	0.0	0.189	0.0	0.0	0.0	0.0	0.0	0.0	0.0	0.0	0.125	0.0	0.0	0.0	0.0	0.0	0.0	0.0	0.0	0.0	0.053	0.0
chr17	57950211	57950303	23709580	23709586	Lung-Ep-Bron	chr17:57950211-57950303	U	0.009	0.0	0.0	0.0	0.053	0.0	0.0	0.0	0.0	0.0	0.005	0.0	0.0	0.0	0.0	0.044	0.0	0.0	0.006	0.045	0.018	0.0	0.0	0.0	0.124	0.86	0.003	0.0	0.0	0.0	0.0	0.0	0.0	0.0	0.0	0.015	0.014	0.0	0.007	0.0
chr17	59702295	59702760	23731817	23731826	Eryth-prog	chr17:59702295-59702760	U	0.0	0.0	0.0	0.0	0.0	0.0	0.0	0.0	0.0	0.0	0.0	0.0	0.0	0.0	0.0	0.972	0.0	0.0	0.002	0.0	0.0	0.0	0.0	0.0	0.0	0.0	0.0	0.0	0.0	0.0	0.0	0.0	0.008	0.0	0.0	0.0	0.0	0.0	0.004	0.0
chr17	62140188	62140461	23760558	23760573	Gallbladder	chr17:62140188-62140461	U	0.009	0.0	0.0	0.0	0.0	0.0	0.002	0.0	0.026	0.006	0.0	0.008	0.019	0.007	0.0	0.044	0.0	0.98	0.0	0.011	0.018	0.014	0.004	0.0	0.013	0.004	0.004	0.004	0.0	0.0	0.006	0.012	0.023	0.0	0.0	0.0	0.052	0.0	0.0	0.0
chr17	62140506	62140635	23760574	23760588	Gallbladder	chr17:62140506-62140635	U	0.0	0.0	0.0	0.0	0.0	0.0	0.003	0.0	0.014	0.0	0.004	0.012	0.026	0.003	0.0	0.053	0.0	1.0	0.0	0.002	0.0	0.006	0.006	0.004	0.0	0.0	0.003	0.008	0.0	0.0	0.0	0.0	0.0	0.0	0.0	0.0	0.0	0.0	0.019	0.0
chr17	62713508	62713591	23768473	23768479	Fallopian-Ep	chr17:62713508-62713591	U	0.01	0.006	0.0	0.0	0.0	0.0	0.004	0.044	0.0	0.0	0.004	0.011	0.057	0.0	0.0	0.111	0.955	0.067	0.0	0.0	0.0	0.0	0.16	0.058	0.006	0.008	0.145	0.007	0.098	0.029	0.0	0.01	0.0	0.016	0.0	0.013	0.0	0.005	0.015	0.008
chr17	63709825	63710328	23779905	23779913	Pancreas-Acinar	chr17:63709825-63710328	U	0.0	0.0	0.0	0.0	0.0	0.0	0.0	0.0	0.0	0.0	0.0	0.0	0.0	0.0	0.0	0.026	0.0	0.0	0.0	0.002	0.0	0.0	0.003	0.0	0.0	0.007	0.0	0.0	0.0	0.979	0.0	0.011	0.0	0.021	0.0	0.0	0.0	0.0	0.0	0.0
chr17	66278804	66278950	23811858	23811865	Lung-Ep-Bron	chr17:66278804-66278950	U	0.0	0.005	0.0	0.008	0.006	0.009	0.001	0.0	0.0	0.0	0.0	0.0	0.028	0.0	0.0	0.131	0.0	0.0	0.002	0.016	0.006	0.008	0.006	0.003	0.088	0.884	0.002	0.0	0.008	0.005	0.009	0.0	0.0	0.007	0.0	0.0	0.0	0.0	0.0	0.01
chr17	71234433	71234609	23864883	23864888	Dermal-Fibro	chr17:71234433-71234609	U	0.219	0.0	0.014	0.0	0.012	0.0	0.026	0.0	0.033	0.0	0.0	0.0	0.824	0.021	0.0	0.189	0.0	0.0	0.0	0.0	0.0	0.018	0.017	0.0	0.0	0.0	0.0	0.0	0.018	0.109	0.0	0.0	0.0	0.0	0.0	0.0	0.0	0.0	0.085	0.0
chr17	73319647	73319896	23888509	23888514	Pancreas-Delta	chr17:73319647-73319896	U	0.0	0.0	0.026	0.0	0.026	0.028	0.017	0.0	0.0	0.0	0.0	0.0	0.0	0.006	0.0	0.138	0.0	0.0	0.0	0.112	0.0	0.0	0.0	0.0	0.0	0.041	0.05	0.0	0.0	0.0	0.056	0.038	0.815	0.0	0.0	0.0	0.0	0.021	0.02	0.0
chr17	74464331	74464519	23907521	23907531	Blood-NK	chr17:74464331-74464519	U	0.0	0.0	0.01	0.025	0.006	0.851	0.058	0.0	0.03	0.0	0.003	0.016	0.0	0.003	0.019	0.073	0.0	0.0	0.002	0.0	0.0	0.01	0.008	0.003	0.0	0.0	0.006	0.0	0.0	0.019	0.0	0.0	0.0	0.0	0.0	0.0	0.0	0.015	0.023	0.0
chr17	75043333	75043987	23918341	23918349	Thyroid-Ep	chr17:75043333-75043987	U	0.0	0.014	0.0	0.0	0.0	0.0	0.0	0.0	0.0	0.0	0.0	0.0	0.033	0.003	0.0	0.026	0.0	0.0	0.0	0.005	0.037	0.0	0.003	0.005	0.048	0.008	0.0	0.0	0.009	0.011	0.0	0.0	0.01	0.0	0.0	0.008	0.013	0.0	0.014	0.94
chr17	76811193	76811554	23957737	23957744	Fallopian-Ep	chr17:76811193-76811554	U	0.122	0.0	0.0	0.0	0.005	0.02	0.006	0.0	0.0	0.0	0.007	0.0	0.083	0.016	0.0	0.25	0.984	0.053	0.005	0.004	0.0	0.111	0.013	0.008	0.0	0.0	0.013	0.0	0.211	0.032	0.0	0.0	0.0	0.0	0.0	0.0	0.033	0.0	0.118	0.042
chr17	79739919	79739972	24018423	24018428	Bone-Osteob	chr17:79739919-79739972	U	0.09	0.0	0.0	0.0	0.0	0.0	0.0	0.946	0.0	0.0	0.0	0.0	0.0	0.136	0.0	0.092	0.012	0.053	0.0	0.007	0.017	0.0	0.0	0.0	0.038	0.0	0.0	0.0	0.0	0.007	0.0	0.0	0.012	0.0	0.0	0.0	0.016	0.007	0.006	0.0
chr17	81199497	81199863	24057266	24057286	Breast-Basal-Ep	chr17:81199497-81199863	U	0.006	0.0	0.0	0.0	0.001	0.0	0.001	0.0	0.853	0.004	0.0	0.007	0.0	0.025	0.0	0.03	0.0	0.0	0.0	0.0	0.0	0.0	0.0	0.0	0.0	0.0	0.006	0.0	0.0	0.007	0.0	0.0	0.0	0.0	0.0	0.003	0.024	0.0	0.022	0.0
chr17	82026131	82026496	24083859	24083873	Liver-Hep	chr17:82026131-82026496	U	0.016	0.0	0.0	0.0	0.013	0.0	0.0	0.0	0.0	0.0	0.004	0.0	0.0	0.003	0.0	0.03	0.0	0.0	0.0	0.001	0.0	0.006	0.012	0.934	0.007	0.0	0.011	0.004	0.0	0.0	0.0	0.0	0.0	0.0	0.0	0.0	0.0	0.003	0.007	0.0
chr17	82126574	82126705	24087817	24087825	Blood-T	chr17:82126574-82126705	U	0.005	0.005	0.0	0.0	0.039	0.108	0.92	0.0	0.0	0.0	0.0	0.058	0.0	0.0	0.0	0.047	0.0	0.0	0.0	0.0	0.006	0.0	0.0	0.003	0.0	0.0	0.144	0.007	0.0	0.0	0.0	0.0	0.0	0.0	0.111	0.0	0.012	0.0	0.0	0.009
chr17	82126985	82127276	24087837	24087849	Blood-T	chr17:82126985-82127276	U	0.0	0.0	0.0	0.0	0.039	0.116	0.917	0.0	0.0	0.007	0.0	0.04	0.0	0.0	0.0	0.054	0.0	0.0	0.0	0.003	0.0	0.0	0.005	0.015	0.004	0.0	0.0	0.0	0.0	0.0	0.0	0.0	0.0	0.0	0.0	0.0	0.051	0.0	0.0	0.007
chr17	82177154	82177416	24088958	24088965	Thyroid-Ep	chr17:82177154-82177416	U	0.0	0.009	0.01	0.0	0.0	0.0	0.0	0.0	0.0	0.0	0.0	0.0	0.0	0.0	0.0	0.083	0.0	0.0	0.0	0.003	0.0	0.0	0.0	0.0	0.0	0.0	0.0	0.0	0.0	0.0	0.0	0.0	0.0	0.0	0.0	0.0	0.0	0.0	0.0	0.975
chr17	82437605	82437845	24097245	24097255	Pancreas-Acinar	chr17:82437605-82437845	U	0.0	0.0	0.0	0.0	0.0	0.0	0.001	0.0	0.0	0.0	0.0	0.0	0.0	0.006	0.0	0.043	0.0	0.0	0.002	0.0	0.0	0.007	0.0	0.0	0.0	0.0	0.0	0.0	0.0	0.957	0.0	0.0	0.0	0.036	0.0	0.0	0.0	0.0	0.014	0.0
chr17	82602493	82602577	24101708	24101714	Endothel	chr17:82602493-82602577	U	0.276	0.0	0.0	0.0	0.018	0.0	0.0	0.0	0.0	0.022	0.005	0.088	0.0	0.657	0.0	0.009	0.0	0.0	0.003	0.017	0.027	0.0	0.009	0.032	0.0	0.08	0.016	0.0	0.0	0.0	0.0	0.0	0.0	0.0	0.0	0.063	0.036	0.0	0.0	0.0
chr17	82844968	82845666	24108690	24108717	Endothel	chr17:82844968-82845666	U	0.379	0.021	0.0	0.0	0.03	0.004	0.0	0.0	0.012	0.0	0.002	0.213	0.0	0.754	0.029	0.023	0.0	0.0	0.004	0.01	0.01	0.039	0.022	0.019	0.0	0.006	0.032	0.025	0.004	0.003	0.0	0.005	0.0	0.004	0.0	0.019	0.14	0.0	0.054	0.005
chr17	82845784	82846313	24108718	24108739	Endothel	chr17:82845784-82846313	U	0.362	0.011	0.0	0.0	0.015	0.0	0.001	0.0	0.016	0.005	0.0	0.171	0.0	0.724	0.027	0.003	0.0	0.0	0.002	0.009	0.024	0.004	0.009	0.011	0.005	0.0	0.05	0.0	0.011	0.0	0.0	0.005	0.0	0.0	0.0	0.006	0.059	0.0	0.031	0.0
chr17	82846324	82846390	24108740	24108745	Endothel	chr17:82846324-82846390	U	0.468	0.0	0.0	0.0	0.036	0.017	0.0	0.0	0.0	0.018	0.008	0.143	0.0	0.824	0.056	0.034	0.0	0.0	0.011	0.005	0.075	0.021	0.052	0.01	0.0	0.0	0.172	0.019	0.035	0.04	0.0	0.022	0.023	0.021	0.0	0.013	0.24	0.0	0.113	0.0
chr18	2592394	2593369	24143185	24143195	Bladder-Ep	chr18:2592394-2593369	U	0.0	0.796	0.0	0.0	0.0	0.0	0.0	0.0	0.0	0.0	0.033	0.0	0.0	0.0	0.05	0.011	0.0	0.0	0.0	0.004	0.0	0.0	0.0	0.0	0.0	0.012	0.0	0.012	0.0	0.0	0.0	0.0	0.0	0.0	0.0	0.077	0.0	0.0	0.0	0.0
chr18	3580650	3580826	24155453	24155464	Ovary-Ep	chr18:3580650-3580826	U	0.0	0.004	0.0	0.0	0.007	0.0	0.003	0.0	0.005	0.0	0.0	0.014	0.017	0.0	0.0	0.07	0.229	0.0	0.0	0.0	0.004	0.0	0.025	0.0	0.0	0.0	0.003	0.0	0.914	0.014	0.017	0.0	0.0	0.005	0.0	0.0	0.0	0.0	0.0	0.0
chr18	3580865	3581957	24155465	24155483	Ovary-Ep	chr18:3580865-3581957	U	0.0	0.0	0.0	0.003	0.001	0.009	0.003	0.0	0.0	0.0	0.002	0.006	0.0	0.003	0.0	0.117	0.077	0.0	0.001	0.001	0.0	0.004	0.006	0.0	0.03	0.006	0.029	0.0	0.937	0.049	0.036	0.0	0.0	0.0	0.0	0.0	0.0	0.0	0.007	0.0
chr18	3582030	3582729	24155485	24155497	Ovary-Ep	chr18:3582030-3582729	U	0.0	0.0	0.0	0.006	0.002	0.0	0.005	0.0	0.0	0.0	0.0	0.0	0.0	0.003	0.0	0.131	0.021	0.0	0.0	0.0	0.011	0.026	0.0	0.0	0.0	0.0	0.048	0.0	0.866	0.027	0.029	0.0	0.01	0.0	0.077	0.0	0.0	0.004	0.026	0.0
chr18	5398261	5398659	24169827	24169835	Pancreas-Alpha	chr18:5398261-5398659	U	0.0	0.013	0.019	0.008	0.009	0.01	0.005	0.05	0.0	0.0	0.0	0.014	0.0	0.002	0.0	0.186	0.0	0.0	0.027	0.022	0.0	0.011	0.004	0.01	0.0	0.0	0.113	0.0	0.022	0.0	0.963	0.229	0.014	0.008	0.0	0.0	0.0	0.0	0.03	0.0
chr18	5398665	5399023	24169835	24169851	Pancreas-Alpha	chr18:5398665-5399023	U	0.0	0.0	0.0	0.0	0.0	0.004	0.002	0.0	0.0	0.0	0.001	0.034	0.0	0.002	0.0	0.114	0.0	0.0	0.004	0.001	0.0	0.011	0.0	0.0	0.0	0.0	0.005	0.0	0.007	0.015	0.908	0.005	0.006	0.0	0.067	0.0	0.0	0.0	0.011	0.0
chr18	8639633	8639798	24201349	24201356	Oligodend	chr18:8639633-8639798	U	0.0	0.0	0.0	0.0	0.0	0.0	0.0	0.0	0.0	0.0	0.0	0.0	0.0	0.0	0.0	0.041	0.0	0.0	0.002	0.0	0.0	0.0	0.0	0.0	0.0	0.0	0.035	0.948	0.0	0.0	0.0	0.0	0.0	0.007	0.0	0.0	0.0	0.0	0.0	0.0
chr18	14798183	14798394	24275531	24275536	Breast-Luminal-Ep	chr18:14798183-14798394	U	0.025	0.264	0.0	0.0	0.035	0.0	0.0	0.037	0.111	0.97	0.011	0.016	0.043	0.015	0.037	0.205	0.035	0.0	0.025	0.004	0.0	0.15	0.07	0.071	0.027	0.0	0.0	0.0	0.288	0.105	0.027	0.085	0.07	0.158	0.0	0.235	0.0	0.114	0.216	0.0
chr18	21458217	21458267	24364222	24364227	Skeletal-Musc	chr18:21458217-21458267	U	0.0	0.0	0.0	0.0	0.007	0.0	0.007	0.0	0.0	0.0	0.004	0.0	0.0	0.004	0.0	0.096	0.0	0.0	0.003	0.006	0.0	0.012	0.0	0.006	0.0	0.0	0.027	0.0	0.0	0.0	0.0	0.014	0.0	0.0	0.0	0.0	0.656	0.007	0.013	0.0
chr18	22936140	22936249	24379532	24379537	Breast-Basal-Ep	chr18:22936140-22936249	U	0.0	0.0	0.0	0.0	0.0	0.0	0.0	0.0	0.892	0.0	0.004	0.0	0.0	0.003	0.0	0.018	0.0	0.0	0.005	0.0	0.012	0.0	0.003	0.004	0.0	0.0	0.0	0.0	0.0	0.0	0.0	0.0	0.0	0.0	0.0	0.0	0.013	0.0	0.006	0.0
chr18	36699329	36700098	24486357	24486364	Breast-Luminal-Ep	chr18:36699329-36700098	U	0.0	0.0	0.0	0.017	0.009	0.0	0.003	0.0	0.053	0.946	0.0	0.0	0.0	0.015	0.105	0.193	0.0	0.0	0.029	0.009	0.0	0.043	0.0	0.045	0.0	0.034	0.006	0.0	0.0	0.019	0.0	0.0	0.0	0.05	0.0	0.0	0.0	0.014	0.0	0.0
chr18	41730194	41731032	24518412	24518422	Colon-Ep	chr18:41730194-41731032	U	0.0	0.006	0.0	0.009	0.007	0.0	0.001	0.029	0.0	0.0	0.952	0.0	0.0	0.014	0.022	0.072	0.0	0.0	0.0	0.011	0.0	0.028	0.0	0.0	0.005	0.0	0.0	0.0	0.0	0.022	0.0	0.0	0.0	0.0	0.0	0.041	0.0	0.044	0.055	0.0
chr18	44711020	44711125	24535096	24535102	Kidney-Ep	chr18:44711020-44711125	U	0.0	0.007	0.0	0.0	0.0	0.0	0.002	0.0	0.0	0.0	0.0	0.0	0.045	0.004	0.0	0.152	0.115	0.088	0.0	0.0	0.0	0.009	0.948	0.0	0.0	0.0	0.008	0.0	0.029	0.0	0.055	0.012	0.011	0.0	0.0	0.0	0.0	0.0	0.0	0.0
chr18	56851330	56851434	24639144	24639149	Pancreas-Beta	chr18:56851330-56851434	U	0.0	0.0	0.0	0.0	0.0	0.0	0.002	0.0	0.0	0.012	0.004	0.0	0.0	0.005	0.042	0.094	0.0	0.0	0.003	0.006	0.0	0.01	0.0	0.0	0.0	0.0	0.003	0.0	0.0	0.015	0.045	0.969	0.149	0.0	0.0	0.0	0.0	0.0	0.008	0.0
chr18	57654561	57654756	24647213	24647219	Gastric-Ep	chr18:57654561-57654756	U	0.0	0.036	0.0	0.0	0.003	0.0	0.0	0.0	0.012	0.0	0.047	0.0	0.0	0.0	0.0	0.054	0.0	0.0	0.979	0.006	0.0	0.0	0.004	0.0	0.0	0.0	0.0	0.0	0.0	0.0	0.0	0.0	0.0	0.0	0.0	0.0	0.0	0.006	0.0	0.0
chr18	58335377	58335665	24654854	24654864	Pancreas-Beta	chr18:58335377-58335665	U	0.0	0.0	0.0	0.0	0.001	0.0	0.009	0.0	0.005	0.0	0.0	0.0	0.0	0.003	0.028	0.039	0.0	0.0	0.002	0.0	0.019	0.01	0.032	0.0	0.0	0.0	0.009	0.0	0.0	0.008	0.055	0.907	0.007	0.0	0.0	0.004	0.0	0.0	0.011	0.0
chr18	60196247	60196600	24675364	24675373	Skeletal-Musc	chr18:60196247-60196600	U	0.009	0.005	0.0	0.0	0.006	0.0	0.003	0.041	0.0	0.0	0.0	0.0	0.02	0.003	0.0	0.141	0.0	0.0	0.002	0.0	0.0	0.021	0.0	0.024	0.0	0.0	0.16	0.056	0.0	0.005	0.015	0.0	0.0	0.0	0.0	0.01	0.696	0.0	0.042	0.0
chr18	70000748	70001258	24746237	24746243	Heart-Cardio	chr18:70000748-70001258	U	0.0	0.0	0.0	0.0	0.0	0.0	0.0	0.0	0.0	0.0	0.0	0.0	0.0	0.0	0.0	0.041	0.0	0.0	0.0	0.0	0.976	0.0	0.0	0.007	0.0	0.0	0.0	0.0	0.0	0.0	0.0	0.0	0.0	0.0	0.0	0.0	0.0	0.0	0.0	0.0
chr18	70304673	70305003	24748921	24748929	Prostate-Ep	chr18:70304673-70305003	U	0.0	0.056	0.0	0.0	0.0	0.0	0.003	0.0	0.0	0.0	0.117	0.0	0.0	0.0	0.0	0.067	0.0	0.0	0.0	0.0	0.0	0.0	0.0	0.0	0.0	0.0	0.01	0.0	0.075	0.0	0.0	0.0	0.0	0.0	0.0	0.699	0.0	0.0	0.128	0.0
chr18	75683666	75683806	24797036	24797044	Breast-Luminal-Ep	chr18:75683666-75683806	U	0.0	0.0	0.0	0.0	0.007	0.0	0.01	0.0	0.107	0.861	0.0	0.033	0.0	0.004	0.061	0.148	0.0	0.0	0.0	0.056	0.0	0.08	0.003	0.03	0.0	0.025	0.016	0.0	0.0	0.0	0.0	0.0	0.0	0.0	0.0	0.122	0.0	0.004	0.034	0.0
chr18	76507944	76508031	24807574	24807581	Blood-Granul	chr18:76507944-76508031	U	0.024	0.0	0.0	0.955	0.083	0.0	0.011	0.04	0.0	0.0	0.0	0.027	0.0	0.008	0.0	0.083	0.0	0.0	0.0	0.004	0.0	0.008	0.009	0.03	0.0	0.0	0.003	0.008	0.0	0.038	0.0	0.012	0.0	0.018	0.0	0.009	0.088	0.0	0.024	0.01
chr18	77005958	77006471	24816326	24816342	Oligodend	chr18:77005958-77006471	U	0.009	0.0	0.0	0.0	0.033	0.006	0.0	0.049	0.0	0.0	0.0	0.007	0.0	0.007	0.016	0.069	0.0	0.0	0.0	0.001	0.003	0.02	0.0	0.0	0.0	0.004	0.063	0.956	0.0	0.0	0.0	0.0	0.005	0.0	0.0	0.0	0.0	0.0	0.013	0.0
chr18	77009835	77009975	24816434	24816446	Oligodend	chr18:77009835-77009975	U	0.0	0.0	0.019	0.0	0.002	0.0	0.001	0.0	0.0	0.0	0.0	0.0	0.0	0.011	0.0	0.013	0.0	0.0	0.0	0.0	0.0	0.0	0.0	0.0	0.0	0.0	0.038	0.921	0.0	0.0	0.0	0.0	0.0	0.0	0.0	0.0	0.0	0.0	0.006	0.0
chr18	77010943	77011693	24816457	24816471	Oligodend	chr18:77010943-77011693	U	0.008	0.0	0.0	0.0	0.0	0.0	0.001	0.017	0.0	0.0	0.0	0.0	0.018	0.003	0.0	0.019	0.0	0.0	0.0	0.0	0.0	0.006	0.0	0.0	0.0	0.0	0.048	0.967	0.0	0.004	0.0	0.0	0.0	0.0	0.0	0.0	0.019	0.0	0.049	0.0
chr18	77016707	77017066	24816547	24816561	Oligodend	chr18:77016707-77017066	U	0.005	0.0	0.0	0.0	0.0	0.0	0.0	0.014	0.0	0.0	0.0	0.006	0.0	0.003	0.0	0.008	0.0	0.0	0.0	0.001	0.0	0.009	0.002	0.002	0.024	0.0	0.056	0.967	0.008	0.0	0.0	0.0	0.0	0.0	0.0	0.004	0.0	0.0	0.023	0.058
chr18	77051727	77052329	24817221	24817236	Oligodend	chr18:77051727-77052329	U	0.0	0.0	0.0	0.005	0.0	0.0	0.001	0.0	0.0	0.0	0.0	0.0	0.0	0.001	0.0	0.005	0.0	0.0	0.0	0.0	0.0	0.011	0.0	0.0	0.0	0.0	0.049	0.926	0.0	0.0	0.0	0.0	0.0	0.0	0.0	0.0	0.009	0.0	0.004	0.0
chr18	78227918	78228365	24831944	24831956	Lung-Ep-Bron	chr18:78227918-78228365	U	0.0	0.0	0.0	0.005	0.006	0.006	0.004	0.032	0.0	0.0	0.011	0.017	0.033	0.001	0.0	0.128	0.018	0.0	0.006	0.048	0.0	0.055	0.0	0.002	0.054	0.876	0.006	0.0	0.114	0.026	0.006	0.0	0.0	0.011	0.0	0.012	0.0	0.0	0.081	0.07
chr18	79254830	79255231	24850475	24850484	Oligodend	chr18:79254830-79255231	U	0.0	0.0	0.0	0.0	0.0	0.0	0.0	0.0	0.0	0.0	0.0	0.031	0.0	0.001	0.0	0.035	0.0	0.0	0.002	0.0	0.0	0.0	0.0	0.0	0.0	0.006	0.045	0.933	0.0	0.0	0.009	0.0	0.0	0.0	0.0	0.0	0.0	0.0	0.0	0.0
chr18	79699409	79699559	24863564	24863572	Colon-Ep	chr18:79699409-79699559	U	0.0	0.0	0.0	0.0	0.013	0.0	0.0	0.0	0.0	0.0	0.909	0.01	0.0	0.001	0.0	0.017	0.0	0.0	0.0	0.002	0.0	0.007	0.0	0.009	0.005	0.0	0.011	0.0	0.0	0.0	0.0	0.0	0.0	0.0	0.0	0.0	0.0	0.021	0.0	0.0
chr19	968777	968944	24907205	24907212	Kidney-Ep	chr19:968777-968944	U	0.0	0.04	0.0	0.0	0.0	0.0	0.0	0.0	0.008	0.0	0.04	0.0	0.0	0.013	0.0	0.043	0.0	0.0	0.0	0.009	0.014	0.0	0.785	0.0	0.0	0.0	0.0	0.0	0.0	0.0	0.0	0.0	0.0	0.007	0.0	0.018	0.0	0.011	0.0	0.0
chr19	1079558	1079663	24911843	24911849	Blood-T	chr19:1079558-1079663	U	0.026	0.0	0.124	0.0	0.054	0.162	0.887	0.121	0.011	0.019	0.032	0.098	0.059	0.016	0.0	0.085	0.0	0.0	0.008	0.016	0.017	0.032	0.013	0.005	0.0	0.0	0.011	0.022	0.0	0.008	0.011	0.012	0.0	0.0	0.0	0.008	0.017	0.06	0.098	0.0
chr19	1293441	1293584	24921734	24921744	Gallbladder	chr19:1293441-1293584	U	0.024	0.0	0.0	0.0	0.005	0.0	0.002	0.0	0.0	0.02	0.0	0.0	0.0	0.003	0.029	0.06	0.0	1.0	0.0	0.024	0.0	0.0	0.0	0.054	0.005	0.007	0.0	0.0	0.014	0.014	0.021	0.022	0.0	0.0	0.0	0.0	0.0	0.0	0.019	0.0
chr19	2221870	2222055	24956777	24956786	Adipocytes	chr19:2221870-2222055	U	0.56	0.0	0.0	0.0	0.0	0.0	0.002	0.0	0.306	0.009	0.0	0.014	0.192	0.04	0.0	0.007	0.0	0.0	0.0	0.0	0.11	0.068	0.0	0.0	0.0	0.0	0.059	0.0	0.0	0.0	0.0	0.0	0.0	0.0	0.0	0.0	0.0	0.0	0.214	0.0
chr19	2790822	2791242	24975234	24975252	Liver-Hep	chr19:2790822-2791242	U	0.011	0.0	0.0	0.0	0.006	0.0	0.0	0.0	0.0	0.0	0.003	0.006	0.011	0.004	0.0	0.027	0.0	0.0	0.0	0.0	0.003	0.004	0.01	0.942	0.0	0.0	0.0	0.0	0.0	0.005	0.0	0.0	0.011	0.004	0.0	0.003	0.0	0.012	0.0	0.004
chr19	3442503	3442688	24993552	24993559	Skeletal-Musc	chr19:3442503-3442688	U	0.0	0.0	0.0	0.0	0.0	0.0	0.0	0.0	0.0	0.0	0.0	0.014	0.0	0.002	0.0	0.067	0.0	0.0	0.006	0.002	0.0	0.0	0.0	0.005	0.0	0.008	0.029	0.0	0.0	0.0	0.014	0.095	0.01	0.0	0.0	0.0	0.667	0.0	0.0	0.0
chr19	4090759	4091052	25014760	25014778	Breast-Basal-Ep	chr19:4090759-4091052	U	0.005	0.0	0.0	0.0	0.018	0.0	0.0	0.0	0.915	0.015	0.0	0.056	0.0	0.046	0.0	0.017	0.0	0.0	0.002	0.003	0.0	0.0	0.0	0.0	0.0	0.0	0.009	0.0	0.0	0.0	0.0	0.0	0.0	0.0	0.0	0.0	0.0	0.0	0.0	0.0
chr19	4111122	4111729	25015444	25015460	Lung-Ep-Alveo	chr19:4111122-4111729	U	0.0	0.0	0.0	0.0	0.003	0.0	0.0	0.0	0.0	0.0	0.0	0.0	0.0	0.003	0.0	0.004	0.0	0.0	0.0	0.002	0.0	0.0	0.0	0.003	0.824	0.005	0.002	0.0	0.0	0.0	0.006	0.0	0.0	0.0	0.0	0.0	0.0	0.0	0.0	0.0
chr19	4507741	4507866	25026336	25026341	Adipocytes	chr19:4507741-4507866	U	0.773	0.013	0.0	0.0	0.005	0.0	0.003	0.0	0.0	0.029	0.026	0.158	0.0	0.131	0.167	0.097	0.0	0.0	0.015	0.029	0.016	0.06	0.0	0.008	0.014	0.014	0.028	0.018	0.0	0.0	0.0	0.0	0.02	0.0	0.0	0.0	0.118	0.045	0.41	0.0
chr19	4676141	4676426	25030891	25030906	Thyroid-Ep	chr19:4676141-4676426	U	0.0	0.0	0.0	0.0	0.0	0.0	0.0	0.0	0.0	0.0	0.0	0.0	0.0	0.003	0.0	0.009	0.0	0.0	0.002	0.001	0.0	0.0	0.01	0.0	0.0	0.009	0.012	0.048	0.0	0.0	0.006	0.0	0.0	0.0	0.0	0.0	0.0	0.0	0.0	0.965
chr19	5121274	5121827	25043284	25043306	Neuron	chr19:5121274-5121827	U	0.0	0.0	0.0	0.0	0.0	0.0	0.001	0.0	0.0	0.0	0.0	0.0	0.0	0.001	0.011	0.017	0.0	0.0	0.0	0.0	0.0	0.004	0.0	0.002	0.0	0.0	0.731	0.044	0.0	0.0	0.0	0.005	0.0	0.0	0.067	0.0	0.0	0.0	0.0	0.0
chr19	5603460	5603696	25054221	25054227	Pancreas-Duct	chr19:5603460-5603696	U	0.0	0.0	0.0	0.0	0.0	0.0	0.0	0.0	0.0	0.0	0.0	0.0	0.0	0.002	0.0	0.0	0.0	0.0	0.0	0.0	0.0	0.0	0.004	0.0	0.0	0.0	0.081	0.0	0.0	0.132	0.012	0.067	0.197	0.96	0.0	0.0	0.0	0.0	0.0	0.0
chr19	5714961	5715175	25057324	25057330	Adipocytes	chr19:5714961-5715175	U	0.616	0.027	0.0	0.0	0.013	0.0	0.002	0.062	0.032	0.024	0.012	0.053	0.333	0.244	0.042	0.096	0.031	0.0	0.009	0.062	0.012	0.137	0.012	0.0	0.0	0.013	0.019	0.0	0.0	0.014	0.0	0.016	0.0	0.0	0.0	0.013	0.182	0.0	0.137	0.042
chr19	5871265	5871649	25061623	25061631	Liver-Hep	chr19:5871265-5871649	U	0.022	0.01	0.006	0.0	0.024	0.009	0.001	0.0	0.0	0.0	0.003	0.061	0.0	0.019	0.0	0.057	0.0	0.0	0.002	0.018	0.0	0.013	0.0	0.952	0.014	0.014	0.0	0.0	0.054	0.006	0.009	0.0	0.0	0.0	0.0	0.0	0.0	0.0	0.005	0.009
chr19	5996927	5997037	25064793	25064801	Eryth-prog	chr19:5996927-5997037	U	0.0	0.007	0.0	0.0	0.0	0.0	0.003	0.0	0.0	0.0	0.0	0.013	0.0	0.006	0.0	0.993	0.0	0.0	0.008	0.007	0.0	0.0	0.0	0.0	0.0	0.0	0.003	0.0	0.0	0.007	0.0	0.0	0.0	0.0	0.0	0.0	0.0	0.0	0.011	0.0
chr19	6219872	6220006	25068894	25068901	Endothel	chr19:6219872-6220006	U	0.398	0.034	0.0	0.031	0.036	0.0	0.0	0.0	0.022	0.0	0.009	0.2	0.034	0.76	0.033	0.035	0.048	0.0	0.006	0.054	0.1	0.205	0.148	0.026	0.199	0.139	0.101	0.0	0.073	0.0	0.0	0.0	0.0	0.0	0.0	0.029	0.246	0.0	0.137	0.0
chr19	7312949	7313207	25090332	25090339	Endothel	chr19:7312949-7313207	U	0.36	0.014	0.0	0.0	0.034	0.0	0.004	0.0	0.012	0.0	0.0	0.203	0.053	0.697	0.0	0.198	0.01	0.0	0.0	0.011	0.01	0.275	0.133	0.014	0.0	0.0	0.013	0.0	0.017	0.0	0.011	0.0	0.0	0.0	0.0	0.008	0.057	0.0	0.2	0.014
chr19	8000023	8000119	25107623	25107629	Kidney-Ep	chr19:8000023-8000119	U	0.0	0.0	0.006	0.0	0.003	0.0	0.0	0.0	0.012	0.0	0.0	0.0	0.0	0.0	0.0	0.039	0.056	0.0	0.0	0.01	0.0	0.0	0.84	0.0	0.0	0.018	0.005	0.0	0.064	0.0	0.014	0.0	0.0	0.0	0.0	0.0	0.0	0.0	0.013	0.019
chr19	8138179	8138304	25110465	25110474	Skeletal-Musc	chr19:8138179-8138304	U	0.014	0.0	0.005	0.0	0.0	0.0	0.0	0.0	0.0	0.0	0.003	0.049	0.0	0.016	0.0	0.118	0.008	0.0	0.005	0.0	0.0	0.008	0.0	0.004	0.0	0.0	0.014	0.0	0.0	0.0	0.0	0.04	0.0	0.0	0.0	0.0	0.661	0.0	0.035	0.0
chr19	11236837	11236958	25172396	25172403	Liver-Hep	chr19:11236837-11236958	U	0.024	0.0	0.0	0.0	0.011	0.0	0.003	0.0	0.0	0.0	0.0	0.0	0.0	0.005	0.0	0.048	0.058	0.0	0.0	0.002	0.0	0.0	0.019	0.955	0.007	0.0	0.0	0.0	0.0	0.0	0.0	0.0	0.0	0.0	0.0	0.0	0.0	0.006	0.006	0.0
chr19	11438074	11438224	25177115	25177122	Blood-B	chr19:11438074-11438224	U	0.0	0.0	0.941	0.0	0.031	0.0	0.0	0.018	0.007	0.0	0.0	0.13	0.0	0.02	0.0	0.029	0.0	0.0	0.0	0.004	0.0	0.014	0.0	0.0	0.004	0.0	0.079	0.0	0.0	0.0	0.0	0.0	0.011	0.0	0.0	0.0	0.0	0.0	0.0	0.0
chr19	13929553	13929607	25226137	25226142	Breast-Basal-Ep	chr19:13929553-13929607	U	0.0	0.009	0.0	0.0	0.0	0.0	0.002	0.0	0.848	0.0	0.0	0.0	0.037	0.03	0.0	0.031	0.0	0.0	0.0	0.006	0.0	0.0	0.0	0.0	0.019	0.036	0.0	0.0	0.0	0.0	0.0	0.0	0.0	0.0	0.0	0.0	0.0	0.0	0.0	0.0
chr19	13929968	13930191	25226151	25226165	Breast-Basal-Ep	chr19:13929968-13930191	U	0.008	0.0	0.0	0.0	0.003	0.0	0.0	0.091	0.936	0.022	0.0	0.0	0.032	0.002	0.0	0.017	0.0	0.0	0.0	0.014	0.0	0.0	0.005	0.0	0.007	0.024	0.127	0.013	0.0	0.0	0.013	0.0	0.0	0.0	0.0	0.0	0.0	0.0	0.0	0.0
chr19	14203853	14204053	25233396	25233408	Neuron	chr19:14203853-14204053	U	0.005	0.0	0.0	0.0	0.0	0.0	0.0	0.0	0.0	0.0	0.0	0.0	0.027	0.001	0.0	0.055	0.0	0.0	0.0	0.0	0.0	0.0	0.0	0.004	0.0	0.0	0.752	0.021	0.0	0.0	0.0	0.0	0.0	0.0	0.0	0.0	0.051	0.0	0.005	0.0
chr19	16385053	16385220	25272240	25272247	Heart-Cardio	chr19:16385053-16385220	U	0.0	0.0	0.0	0.0	0.0	0.0	0.0	0.0	0.0	0.0	0.0	0.0	0.0	0.001	0.0	0.042	0.0	0.0	0.0	0.0	0.945	0.008	0.0	0.004	0.01	0.0	0.028	0.0	0.0	0.0	0.009	0.0	0.01	0.0	0.0	0.0	0.0	0.0	0.011	0.041
chr19	16507291	16507404	25274694	25274700	Breast-Basal-Ep	chr19:16507291-16507404	U	0.0	0.0	0.0	0.0	0.002	0.008	0.002	0.0	0.91	0.022	0.0	0.0	0.067	0.002	0.018	0.058	0.0	0.0	0.0	0.002	0.006	0.006	0.0	0.0	0.0	0.005	0.005	0.0	0.0	0.0	0.0	0.0	0.0	0.0	0.0	0.0	0.0	0.0	0.019	0.0
chr19	16551268	16551615	25275974	25275982	Thyroid-Ep	chr19:16551268-16551615	U	0.0	0.024	0.0	0.009	0.0	0.0	0.003	0.0	0.0	0.0	0.0	0.0	0.0	0.0	0.021	0.017	0.0	0.0	0.002	0.024	0.008	0.0	0.003	0.004	0.033	0.015	0.003	0.0	0.0	0.0	0.021	0.03	0.0	0.0	0.0	0.007	0.019	0.0	0.0	0.944
chr19	16986697	16986922	25283954	25283960	Prostate-Ep	chr19:16986697-16986922	U	0.009	0.006	0.0	0.0	0.002	0.0	0.004	0.104	0.018	0.269	0.0	0.023	0.1	0.01	0.0	0.153	0.0	0.0	0.002	0.131	0.0	0.03	0.01	0.021	0.0	0.0	0.003	0.0	0.069	0.018	0.018	0.0	0.011	0.0	0.0	0.824	0.047	0.006	0.057	0.0
chr19	18108028	18108208	25310674	25310679	Blood-B	chr19:18108028-18108208	U	0.0	0.0	0.964	0.0	0.033	0.0	0.0	0.0	0.0	0.0	0.0	0.172	0.0	0.021	0.0	0.094	0.0	0.0	0.0	0.042	0.0	0.01	0.027	0.013	0.126	0.009	0.141	0.0	0.024	0.0	0.0	0.0	0.0	0.0	0.0	0.0	0.055	0.009	0.022	0.0
chr19	18202467	18202545	25313417	25313423	Neuron	chr19:18202467-18202545	U	0.0	0.0	0.0	0.0	0.0	0.0	0.0	0.0	0.0	0.0	0.0	0.0	0.0	0.001	0.0	0.113	0.0	0.0	0.0	0.004	0.011	0.0	0.016	0.0	0.0	0.0	0.816	0.0	0.007	0.005	0.0	0.009	0.02	0.0	0.0	0.0	0.036	0.0	0.032	0.0
chr19	18202683	18202732	25313433	25313438	Neuron	chr19:18202683-18202732	U	0.068	0.0	0.0	0.0	0.009	0.0	0.0	0.04	0.02	0.0	0.009	0.031	0.038	0.016	0.0	0.032	0.0	0.0	0.003	0.015	0.035	0.052	0.034	0.0	0.017	0.0	0.854	0.08	0.012	0.0	0.0	0.0	0.062	0.027	0.0	0.016	0.114	0.007	0.037	0.0
chr19	18970338	18970653	25334008	25334014	Head-Neck-Ep	chr19:18970338-18970653	U	0.0	0.184	0.0	0.0	0.003	0.0	0.002	0.0	0.096	0.0	0.0	0.0	0.0	0.002	0.071	0.083	0.0	0.0	0.0	0.866	0.01	0.0	0.025	0.0	0.0	0.113	0.005	0.0	0.0	0.0	0.0	0.0	0.0	0.0	0.0	0.021	0.016	0.0	0.0	0.0
chr19	19285726	19286051	25340610	25340620	Eryth-prog	chr19:19285726-19286051	U	0.006	0.004	0.0	0.0	0.0	0.0	0.0	0.016	0.0	0.0	0.0	0.0	0.0	0.0	0.0	0.969	0.0	0.0	0.002	0.0	0.0	0.015	0.0	0.0	0.0	0.0	0.0	0.0	0.0	0.0	0.0	0.0	0.0	0.0	0.0	0.0	0.0	0.012	0.007	0.0
chr19	32544638	32544679	25502588	25502593	Pancreas-Beta	chr19:32544638-32544679	U	0.0	0.012	0.0	0.0	0.012	0.0	0.003	0.0	0.0	0.0	0.0	0.0	0.0	0.003	0.0	0.174	0.009	0.0	0.007	0.0	0.0	0.071	0.022	0.0	0.0	0.0	0.003	0.0	0.125	0.056	0.067	1.0	0.025	0.0	0.0	0.008	0.0	0.037	0.051	0.0
chr19	32711850	32712114	25505759	25505765	Lung-Ep-Alveo	chr19:32711850-32712114	U	0.0	0.0	0.0	0.0	0.005	0.0	0.0	0.0	0.0	0.0	0.005	0.029	0.056	0.0	0.038	0.06	0.0	0.0	0.0	0.003	0.0	0.009	0.004	0.0	0.892	0.069	0.011	0.0	0.0	0.0	0.0	0.0	0.0	0.0	0.0	0.009	0.0	0.0	0.015	0.0
chr19	32788729	32789005	25506785	25506790	Smooth-Musc	chr19:32788729-32789005	U	0.163	0.0	0.093	0.0	0.012	0.067	0.063	0.133	0.019	0.0	0.0	0.086	0.467	0.152	0.077	0.25	0.542	0.0	0.013	0.033	0.0	0.37	0.051	0.0	0.017	0.0	0.074	0.021	0.14	0.041	0.023	0.0	0.0	0.0	0.0	0.0	0.121	0.0	0.693	0.163
chr19	32864456	32864717	25507975	25507987	Prostate-Ep	chr19:32864456-32864717	U	0.0	0.005	0.0	0.0	0.0	0.0	0.0	0.0	0.288	0.028	0.017	0.0	0.041	0.004	0.021	0.105	0.0	0.0	0.0	0.09	0.0	0.021	0.0	0.0	0.0	0.052	0.0	0.0	0.006	0.023	0.007	0.0	0.009	0.0	0.0	0.815	0.0	0.004	0.042	0.0
chr19	34230907	34231539	25530535	25530548	Oligodend	chr19:34230907-34231539	U	0.005	0.0	0.0	0.0	0.0	0.011	0.0	0.0	0.0	0.0	0.0	0.0	0.0	0.0	0.0	0.004	0.0	0.0	0.0	0.001	0.004	0.0	0.0	0.0	0.0	0.007	0.034	0.914	0.0	0.0	0.0	0.0	0.006	0.005	0.0	0.0	0.007	0.0	0.015	0.0
chr19	38204490	38204821	25598481	25598490	Pancreas-Alpha	chr19:38204490-38204821	U	0.0	0.0	0.0	0.0	0.0	0.0	0.0	0.0	0.007	0.0	0.003	0.011	0.0	0.002	0.0	0.116	0.0	0.0	0.013	0.002	0.0	0.0	0.0	0.0	0.0	0.0	0.005	0.0	0.0	0.026	0.891	0.105	0.133	0.0	0.0	0.0	0.0	0.0	0.0	0.0
chr19	39817980	39818528	25630333	25630343	Skeletal-Musc	chr19:39817980-39818528	U	0.043	0.0	0.0	0.019	0.0	0.011	0.003	0.0	0.0	0.0	0.0	0.0	0.062	0.01	0.025	0.156	0.0	0.0	0.0	0.007	0.0	0.027	0.037	0.004	0.0	0.007	0.0	0.0	0.0	0.0	0.0	0.0	0.0	0.0	0.0	0.0	0.731	0.0	0.048	0.0
chr19	41161392	41161739	25654317	25654325	Gastric-Ep	chr19:41161392-41161739	U	0.0	0.006	0.007	0.0	0.002	0.01	0.008	0.0	0.009	0.0	0.0	0.013	0.029	0.012	0.0	0.075	0.0	0.077	0.954	0.002	0.007	0.008	0.007	0.004	0.011	0.013	0.0	0.008	0.0	0.014	0.01	0.053	0.034	0.0	0.0	0.024	0.0	0.046	0.02	0.0
chr19	41436235	41437198	25659927	25659938	Small-Int-Ep	chr19:41436235-41437198	U	0.0	0.0	0.0	0.0	0.0	0.0	0.0	0.0	0.0	0.0	0.006	0.0	0.0	0.0	0.0	0.055	0.0	0.0	0.0	0.0	0.0	0.0	0.003	0.0	0.0	0.0	0.0	0.0	0.0	0.0	0.017	0.0	0.0	0.0	0.0	0.0	0.0	0.973	0.0	0.0
chr19	44026287	44027108	25695961	25695971	Bladder-Ep	chr19:44026287-44027108	U	0.0	0.865	0.0	0.0	0.0	0.0	0.002	0.0	0.0	0.012	0.0	0.0	0.0	0.0	0.0	0.051	0.0	0.0	0.0	0.003	0.0	0.0	0.0	0.0	0.0	0.0	0.0	0.0	0.0	0.0	0.0	0.0	0.0	0.0	0.0	0.144	0.0	0.0	0.0	0.0
chr19	44557415	44557515	25701538	25701543	Epid-Kerat	chr19:44557415-44557515	U	0.0	0.072	0.013	0.0	0.0	0.0	0.003	0.087	0.163	0.127	0.0	0.034	0.0	0.005	0.956	0.156	0.0	0.0	0.0	0.026	0.0	0.031	0.097	0.0	0.005	0.0	0.003	0.0	0.083	0.034	0.0	0.0	0.0	0.009	0.0	0.006	0.0	0.085	0.078	0.0
chr19	45065555	45065810	25711767	25711775	Pancreas-Beta	chr19:45065555-45065810	U	0.0	0.0	0.0	0.0	0.0	0.0	0.0	0.0	0.0	0.011	0.0	0.0	0.0	0.0	0.0	0.0	0.0	0.0	0.0	0.0	0.0	0.0	0.0	0.004	0.0	0.0	0.003	0.0	0.0	0.0	0.009	0.916	0.033	0.0	0.0	0.0	0.0	0.0	0.0	0.0
chr19	49457984	49458092	25810371	25810376	Colon-Fibro	chr19:49457984-49458092	U	0.5	0.008	0.237	0.0	0.129	0.354	0.127	0.821	0.011	0.0	0.0	0.646	0.7	0.19	0.0	0.075	0.0	0.0	0.007	0.008	0.036	0.144	0.012	0.014	0.008	0.0	0.013	0.069	0.0	0.0	0.011	0.043	0.0	0.018	0.0	0.035	0.078	0.0	0.124	0.0
chr19	51355396	51355656	25852379	25852384	Prostate-Ep	chr19:51355396-51355656	U	0.032	0.022	0.0	0.0	0.017	0.0	0.189	0.0	0.055	0.132	0.01	0.0	0.0	0.007	0.25	0.089	0.019	0.0	0.02	0.027	0.021	0.023	0.007	0.0	0.064	0.017	0.075	0.231	0.0	0.016	0.0	0.0	0.0	0.018	0.0	0.859	0.065	0.046	0.029	0.0
chr19	51811466	51811655	25858892	25858900	Blood-Mono+Macro	chr19:51811466-51811655	U	0.113	0.025	0.089	0.0	0.815	0.0	0.003	0.0	0.0	0.0	0.004	0.04	0.0	0.009	0.0	0.165	0.0	0.0	0.005	0.007	0.007	0.009	0.007	0.017	0.016	0.0	0.014	0.0	0.0	0.013	0.0	0.0	0.0	0.01	0.0	0.0	0.066	0.0	0.067	0.0
chr19	52603376	52603811	25869648	25869659	Thyroid-Ep	chr19:52603376-52603811	U	0.025	0.017	0.0	0.0	0.0	0.0	0.001	0.0	0.0	0.0	0.003	0.0	0.0	0.007	0.023	0.063	0.0	0.0	0.0	0.008	0.0	0.025	0.096	0.0	0.021	0.0	0.005	0.0	0.006	0.0	0.0	0.0	0.0	0.0	0.0	0.0	0.011	0.0	0.035	0.984
chr19	53845768	53845907	25890777	25890785	Blood-Mono+Macro	chr19:53845768-53845907	U	0.086	0.011	0.0	0.0	0.801	0.0	0.001	0.0	0.0	0.0	0.007	0.034	0.0	0.006	0.0	0.076	0.009	0.0	0.002	0.004	0.012	0.0	0.009	0.004	0.005	0.0	0.01	0.016	0.0	0.042	0.0	0.0	0.01	0.0	0.0	0.0	0.071	0.0	0.0	0.0
chr19	53850251	53850369	25890902	25890907	Blood-Mono+Macro	chr19:53850251-53850369	U	0.078	0.0	0.0	0.0	0.757	0.0	0.002	0.0	0.0	0.0	0.0	0.0	0.0	0.003	0.0	0.081	0.0	0.0	0.008	0.0	0.016	0.0	0.007	0.012	0.005	0.013	0.017	0.039	0.0	0.024	0.011	0.0	0.0	0.008	0.0	0.0	0.016	0.0	0.0	0.0
chr19	54916734	54916857	25912127	25912135	Blood-NK	chr19:54916734-54916857	U	0.129	0.0	0.024	0.0	0.026	0.956	0.112	0.0	0.0	0.01	0.0	0.075	0.027	0.167	0.0	0.13	0.0	0.0	0.006	0.002	0.0	0.036	0.0	0.022	0.0	0.0	0.003	0.009	0.0	0.03	0.052	0.022	0.0	0.0	0.0	0.006	0.0	0.0	0.035	0.0
chr19	55227059	55227372	25919921	25919935	Gallbladder	chr19:55227059-55227372	U	0.0	0.0	0.0	0.0	0.0	0.0	0.0	0.0	0.0	0.0	0.0	0.0	0.0	0.0	0.0	0.0	0.0	1.0	0.0	0.0	0.0	0.0	0.0	0.0	0.0	0.005	0.056	0.0	0.0	0.005	0.0	0.0	0.0	0.0	0.0	0.0	0.0	0.0	0.0	0.0
chr19	55227412	55227802	25919935	25919947	Gallbladder	chr19:55227412-55227802	U	0.008	0.0	0.014	0.009	0.0	0.01	0.0	0.0	0.019	0.0	0.004	0.012	0.0	0.003	0.033	0.021	0.0	1.0	0.0	0.015	0.0	0.0	0.012	0.0	0.0	0.0	0.024	0.0	0.0	0.01	0.012	0.012	0.0	0.0	0.0	0.0	0.0	0.0	0.0	0.0
chr19	55533775	55533830	25928768	25928775	Eryth-prog	chr19:55533775-55533830	U	0.0	0.0	0.0	0.0	0.002	0.0	0.004	0.0	0.0	0.0	0.0	0.013	0.0	0.004	0.017	0.989	0.0	0.0	0.002	0.0	0.013	0.0	0.003	0.0	0.0	0.0	0.0	0.0	0.0	0.006	0.0	0.0	0.009	0.0	0.0	0.0	0.0	0.0	0.028	0.0
chr19	56943315	56943582	25953022	25953031	Bone-Osteob	chr19:56943315-56943582	U	0.0	0.0	0.0	0.0	0.002	0.007	0.001	0.9	0.0	0.0	0.01	0.011	0.0	0.001	0.0	0.104	0.0	0.0	0.006	0.0	0.0	0.011	0.003	0.003	0.016	0.0	0.0	0.0	0.0	0.006	0.0	0.0	0.0	0.0	0.0	0.01	0.0	0.0	0.042	0.0
chr19	57935881	57936067	25967496	25967504	Oligodend	chr19:57935881-57936067	U	0.0	0.005	0.0	0.0	0.0	0.0	0.001	0.0	0.0	0.0	0.0	0.086	0.0	0.003	0.0	0.05	0.0	0.0	0.0	0.0	0.0	0.0	0.0	0.0	0.0	0.0	0.053	0.969	0.0	0.0	0.0	0.0	0.0	0.0	0.0	0.0	0.012	0.0	0.014	0.008
chr20	4156009	4156120	26037255	26037260	Gallbladder	chr20:4156009-4156120	U	0.0	0.0	0.0	0.0	0.0	0.0	0.004	0.0	0.053	0.0	0.0	0.0	0.0	0.0	0.0	0.021	0.0	0.972	0.0	0.004	0.0	0.011	0.036	0.0	0.0	0.0	0.005	0.0	0.0	0.0	0.0	0.0	0.0	0.0	0.0	0.0	0.0	0.0	0.009	0.0
chr20	11943629	11944187	26099672	26099681	Dermal-Fibro	chr20:11943629-11944187	U	0.111	0.0	0.007	0.007	0.005	0.068	0.04	0.1	0.018	0.0	0.008	0.105	0.842	0.127	0.0	0.219	0.0	0.0	0.0	0.0	0.0	0.168	0.014	0.0	0.014	0.0	0.236	0.0	0.018	0.0	0.0	0.0	0.0	0.0	0.0	0.0	0.067	0.006	0.201	0.0
chr20	16392383	16392649	26130981	26130989	Blood-B	chr20:16392383-16392649	U	0.0	0.013	0.983	0.0	0.047	0.0	0.003	0.0	0.0	0.0	0.0	0.165	0.0	0.018	0.0	0.038	0.052	0.056	0.002	0.0	0.005	0.006	0.0	0.003	0.0	0.0	0.002	0.01	0.0	0.0	0.0	0.0	0.0	0.0	0.0	0.0	0.0	0.0	0.0	0.0
chr20	34072138	34072318	26331153	26331160	Oligodend	chr20:34072138-34072318	U	0.007	0.0	0.0	0.0	0.0	0.0	0.0	0.0	0.0	0.0	0.01	0.017	0.0	0.0	0.0	0.019	0.007	0.0	0.0	0.0	0.0	0.0	0.0	0.0	0.01	0.0	0.048	0.958	0.0	0.0	0.0	0.0	0.0	0.0	0.0	0.0	0.0	0.0	0.005	0.0
chr20	34408178	34409073	26336340	26336349	Liver-Hep	chr20:34408178-34409073	U	0.0	0.0	0.0	0.0	0.01	0.0	0.001	0.0	0.0	0.0	0.0	0.0	0.0	0.001	0.0	0.0	0.0	0.0	0.0	0.002	0.0	0.0	0.0	0.944	0.0	0.0	0.0	0.0	0.0	0.049	0.0	0.0	0.0	0.0	0.0	0.006	0.0	0.0	0.005	0.0
chr20	34556614	34556976	26338353	26338361	Head-Neck-Ep	chr20:34556614-34556976	U	0.0	0.007	0.0	0.0	0.005	0.0	0.0	0.0	0.011	0.0	0.065	0.0	0.0	0.0	0.107	0.076	0.0	0.0	0.044	0.841	0.0	0.017	0.003	0.0	0.006	0.141	0.081	0.0	0.016	0.007	0.0	0.0	0.0	0.0	0.0	0.014	0.0	0.012	0.007	0.0
chr20	34871503	34871778	26342543	26342548	Neuron	chr20:34871503-34871778	U	0.021	0.0	0.0	0.0	0.0	0.0	0.0	0.0	0.0	0.0	0.0	0.033	0.0	0.004	0.0	0.114	0.0	0.0	0.006	0.0	0.025	0.0	0.0	0.0	0.0	0.0	0.909	0.087	0.0	0.0	0.0	0.0	0.0	0.0	0.0	0.0	0.24	0.0	0.0	0.0
chr20	36866376	36866585	26372872	26372879	Megakaryocytes	chr20:36866376-36866585	U	0.046	0.0	0.014	0.149	0.047	0.064	0.007	0.0	0.0	0.0	0.0	0.009	0.0	0.007	0.0	0.152	0.0	0.0	0.005	0.002	0.017	0.008	0.0	0.01	0.015	0.013	0.0	0.0	0.0	0.01	0.0	0.0	0.0	0.0	1.0	0.0	0.0	0.005	0.009	0.0
chr20	36960057	36960183	26374341	26374349	Megakaryocytes	chr20:36960057-36960183	U	0.0	0.0	0.005	0.006	0.011	0.047	0.003	0.0	0.0	0.007	0.0	0.033	0.0	0.018	0.019	0.149	0.0	0.0	0.004	0.003	0.0	0.015	0.008	0.0	0.026	0.005	0.004	0.0	0.0	0.005	0.0	0.0	0.017	0.0	0.923	0.0	0.012	0.0	0.013	0.0
chr20	37230242	37230411	26378359	26378364	Head-Neck-Ep	chr20:37230242-37230411	U	0.0	0.0	0.01	0.0	0.0	0.0	0.0	0.0	0.012	0.0	0.01	0.0	0.0	0.0	0.0	0.021	0.0	0.0	0.0	0.799	0.0	0.0	0.0	0.0	0.024	0.131	0.0	0.0	0.012	0.012	0.014	0.018	0.0	0.0	0.0	0.029	0.0	0.0	0.009	0.0
chr20	37379756	37379853	26380664	26380672	Gallbladder	chr20:37379756-37379853	U	0.01	0.0	0.008	0.0	0.003	0.0	0.005	0.0	0.0	0.011	0.009	0.04	0.0	0.005	0.0	0.068	0.0	1.0	0.015	0.008	0.0	0.011	0.008	0.005	0.006	0.0	0.007	0.0	0.0	0.024	0.014	0.0	0.015	0.0	0.0	0.008	0.0	0.071	0.0	0.013
chr20	39395436	39395774	26404886	26404895	Endothel	chr20:39395436-39395774	U	0.256	0.044	0.007	0.0	0.017	0.011	0.019	0.107	0.019	0.0	0.0	0.169	0.098	0.688	0.036	0.234	0.0	0.0	0.023	0.014	0.006	0.29	0.016	0.024	0.019	0.0	0.006	0.0	0.008	0.182	0.0	0.02	0.0	0.017	0.0	0.019	0.076	0.0	0.244	0.0
chr20	41175302	41175792	26418347	26418353	Breast-Basal-Ep	chr20:41175302-41175792	U	0.0	0.0	0.0	0.0	0.0	0.0	0.0	0.0	1.0	0.053	0.0	0.0	0.0	0.0	0.0	0.114	0.0	0.0	0.026	0.009	0.0	0.042	0.0	0.0	0.0	0.0	0.0	0.0	0.0	0.0	0.0	0.0	0.0	0.0	0.0	0.0	0.12	0.0	0.0	0.0
chr20	41547392	41547610	26422298	26422303	Small-Int-Ep	chr20:41547392-41547610	U	0.0	0.0	0.0	0.0	0.0	0.0	0.0	0.048	0.0	0.0	0.081	0.0	0.0	0.009	0.0	0.099	0.0	0.042	0.0	0.0	0.0	0.014	0.0	0.006	0.008	0.0	0.0	0.0	0.0	0.0	0.0	0.0	0.0	0.0	0.0	0.0	0.0	0.972	0.049	0.0
chr20	42569904	42570263	26430231	26430236	Pancreas-Delta	chr20:42569904-42570263	U	0.0	0.038	0.0	0.0	0.005	0.0	0.0	0.167	0.0	0.0	0.009	0.0	0.125	0.025	0.0	0.189	0.021	0.0	0.007	0.012	0.0	0.065	0.02	0.032	0.056	0.0	0.033	0.0	0.0	0.0	0.186	0.268	0.909	0.018	0.0	0.0	0.0	0.099	0.209	0.0
chr20	43491153	43492002	26438978	26438999	Head-Neck-Ep	chr20:43491153-43492002	U	0.019	0.0	0.004	0.0	0.001	0.005	0.003	0.013	0.005	0.0	0.0	0.0	0.0	0.003	0.0	0.089	0.0	0.0	0.001	0.863	0.0	0.009	0.0	0.005	0.0	0.173	0.002	0.0	0.004	0.004	0.0	0.0	0.018	0.008	0.0	0.014	0.0	0.003	0.009	0.005
chr20	48606045	48606188	26507137	26507142	Dermal-Fibro	chr20:48606045-48606188	U	0.306	0.096	0.014	0.0	0.006	0.0	0.027	0.333	0.043	0.031	0.037	0.148	0.947	0.17	0.167	0.333	0.048	0.062	0.006	0.028	0.0	0.143	0.139	0.011	0.051	0.0	0.016	0.0	0.356	0.233	0.023	0.029	0.0	0.028	0.0	0.0	0.042	0.062	0.254	0.0
chr20	48952668	48952903	26512404	26512410	Heart-Cardio	chr20:48952668-48952903	U	0.0	0.0	0.0	0.0	0.0	0.0	0.0	0.0	0.0	0.0	0.0	0.0	0.0	0.022	0.0	0.034	0.0	0.0	0.011	0.009	1.0	0.042	0.0	0.016	0.0	0.0	0.047	0.0	0.029	0.034	0.0	0.0	0.0	0.0	0.0	0.032	0.0	0.0	0.0	0.0
chr20	49509927	49510050	26520237	26520242	Skeletal-Musc	chr20:49509927-49510050	U	0.159	0.047	0.0	0.013	0.026	0.0	0.017	0.08	0.0	0.0	0.03	0.0	0.133	0.04	0.043	0.153	0.021	0.0	0.01	0.019	0.0	0.198	0.091	0.056	0.035	0.0	0.06	0.018	0.143	0.131	0.038	0.0	0.023	0.0	0.0	0.0	0.724	0.025	0.086	0.138
chr20	49654325	49654694	26522226	26522234	Blood-Granul	chr20:49654325-49654694	U	0.018	0.0	0.0	1.0	0.087	0.071	0.036	0.0	0.0	0.0	0.0	0.0	0.0	0.0	0.0	0.019	0.0	0.0	0.019	0.003	0.0	0.0	0.0	0.005	0.0	0.0	0.015	0.0	0.0	0.007	0.0	0.0	0.0	0.0	0.0	0.0	0.088	0.0	0.0	0.0
chr20	49708478	49708789	26522798	26522803	Pancreas-Duct	chr20:49708478-49708789	U	0.0	0.0	0.04	0.062	0.0	0.0	0.008	0.0	0.0	0.0	0.0	0.125	0.111	0.021	0.0	0.0	0.13	0.0	0.0	0.006	0.0	0.02	0.056	0.0	0.0	0.0	0.008	0.0	0.067	0.018	0.0	0.0	0.0	0.84	0.0	0.019	0.036	0.047	0.012	0.0
chr20	51506974	51507057	26551188	26551193	Heart-Cardio	chr20:51506974-51507057	U	0.0	0.008	0.0	0.0	0.003	0.0	0.002	0.0	0.012	0.0	0.0	0.0	0.067	0.024	0.026	0.058	0.049	0.0	0.006	0.0	0.976	0.0	0.0	0.0	0.0	0.0	0.031	0.053	0.0	0.0	0.011	0.0	0.0	0.0	0.0	0.0	0.08	0.0	0.0	0.0
chr20	60659373	60659431	26662117	26662122	Smooth-Musc	chr20:60659373-60659431	U	0.101	0.038	0.005	0.0	0.002	0.0	0.006	0.121	0.019	0.009	0.007	0.437	0.31	0.157	0.0	0.217	0.0	0.0	0.018	0.008	0.008	0.55	0.021	0.027	0.0	0.0	0.027	0.0	0.008	0.152	0.062	0.041	0.028	0.015	0.1	0.047	0.18	0.0	0.707	0.0
chr20	62951535	62951698	26713879	26713884	Blood-Granul	chr20:62951535-62951698	U	0.009	0.006	0.0	1.0	0.113	0.0	0.086	0.0	0.0	0.0	0.0	0.021	0.0	0.005	0.024	0.067	0.0	0.0	0.0	0.01	0.0	0.008	0.0	0.004	0.0	0.006	0.0	0.0	0.0	0.0	0.0	0.0	0.0	0.0	0.0	0.0	0.096	0.0	0.006	0.0
chr20	63180668	63180745	26721002	26721007	Neuron	chr20:63180668-63180745	U	0.01	0.0	0.0	0.0	0.0	0.0	0.018	0.0	0.0	0.0	0.0	0.0	0.0	0.004	0.074	0.056	0.018	0.0	0.0	0.0	0.007	0.0	0.01	0.0	0.017	0.0	0.78	0.01	0.0	0.0	0.0	0.0	0.0	0.0	0.0	0.009	0.0	0.009	0.0	0.0
chr20	63891394	63892084	26744627	26744646	Small-Int-Ep	chr20:63891394-63892084	U	0.005	0.0	0.0	0.003	0.0	0.0	0.001	0.0	0.0	0.0	0.003	0.0	0.0	0.0	0.0	0.029	0.025	0.0	0.002	0.007	0.0	0.0	0.0	0.0	0.0	0.019	0.001	0.0	0.0	0.0	0.0	0.0	0.0	0.0	0.0	0.002	0.0	0.915	0.004	0.0
chr21	20298323	20299668	26903192	26903200	Smooth-Musc	chr21:20298323-20299668	U	0.038	0.182	0.185	0.02	0.042	0.044	0.105	0.167	0.038	0.0	0.022	0.164	0.0	0.068	0.036	0.279	0.0	0.033	0.064	0.087	0.01	0.462	0.012	0.259	0.0	0.047	0.012	0.0	0.08	0.469	0.09	0.048	0.04	0.034	0.0	0.057	0.034	0.045	0.617	0.0
chr21	25850860	25850958	26939931	26939937	Heart-Fibro	chr21:25850860-25850958	U	0.007	0.004	0.0	0.0	0.003	0.0	0.001	0.081	0.0	0.0	0.0	0.0	0.0	0.037	0.058	0.125	0.0	0.0	0.002	0.008	0.014	0.925	0.0	0.0	0.005	0.0	0.152	0.006	0.0	0.021	0.0	0.0	0.0	0.0	0.0	0.005	0.045	0.0	0.16	0.0
chr21	31803068	31803363	26988658	26988665	Lung-Ep-Alveo	chr21:31803068-31803363	U	0.0	0.0	0.0	0.0	0.005	0.0	0.009	0.047	0.0	0.0	0.0	0.011	0.0	0.001	0.045	0.171	0.0	0.0	0.003	0.002	0.0	0.101	0.003	0.004	0.978	0.081	0.0	0.021	0.0	0.035	0.0	0.0	0.0	0.0	0.0	0.0	0.0	0.0	0.063	0.009
chr21	33296236	33296396	27007591	27007597	Blood-B	chr21:33296236-33296396	U	0.01	0.0	0.958	0.0	0.023	0.0	0.0	0.0	0.0	0.0	0.0	0.136	0.0	0.035	0.0	0.09	0.0	0.0	0.0	0.005	0.0	0.021	0.0	0.0	0.0	0.0	0.014	0.0	0.0	0.0	0.013	0.0	0.0	0.0	0.0	0.0	0.032	0.0	0.006	0.0
chr21	33819281	33819594	27014860	27014866	Lung-Ep-Alveo	chr21:33819281-33819594	U	0.0	0.0	0.017	0.0	0.005	0.0	0.003	0.0	0.0	0.0	0.004	0.041	0.0	0.002	0.0	0.029	0.0	0.0	0.003	0.002	0.0	0.0	0.011	0.0	0.868	0.065	0.0	0.008	0.017	0.007	0.011	0.0	0.0	0.009	0.0	0.0	0.0	0.0	0.0	0.0
chr21	34820415	34820453	27026739	27026744	Lung-Ep-Bron	chr21:34820415-34820453	U	0.0	0.0	0.0	0.0	0.011	0.0	0.0	0.0	0.011	0.0	0.0	0.016	0.0	0.002	0.0	0.078	0.0	0.0	0.003	0.112	0.0	0.0	0.0	0.0	0.022	0.842	0.004	0.0	0.0	0.026	0.0	0.013	0.0	0.0	0.0	0.008	0.016	0.007	0.0	0.0
chr21	36207899	36208101	27040516	27040525	Pancreas-Alpha	chr21:36207899-36208101	U	0.0	0.075	0.005	0.0	0.007	0.0	0.025	0.0	0.0	0.0	0.0	0.054	0.0	0.004	0.0	0.133	0.015	0.0	0.012	0.009	0.199	0.106	0.002	0.0	0.016	0.018	0.137	0.0	0.0	0.012	0.977	0.0	0.015	0.0	0.0	0.015	0.011	0.0	0.012	0.0
chr21	37484817	37485503	27059535	27059541	Blood-Granul	chr21:37484817-37485503	U	0.083	0.091	0.0	1.0	0.0	0.0	0.0	0.0	0.0	0.0	0.0	0.0	0.0	0.012	0.0	0.0	0.0	0.0	0.0	0.0	0.0	0.056	0.0	0.0	0.0	0.0	0.0	0.077	0.0	0.0	0.0	0.0	0.0	0.0	0.0	0.0	0.0	0.0	0.0	0.0
chr21	38649164	38649231	27070691	27070696	Dermal-Fibro	chr21:38649164-38649231	U	0.075	0.02	0.007	0.0	0.0	0.0	0.001	0.053	0.0	0.0	0.0	0.143	0.724	0.003	0.0	0.152	0.0	0.0	0.006	0.005	0.0	0.008	0.004	0.009	0.006	0.0	0.006	0.0	0.0	0.029	0.031	0.0	0.0	0.0	0.0	0.028	0.0	0.0	0.036	0.0
chr21	39667800	39668183	27083497	27083506	Pancreas-Duct	chr21:39667800-39668183	U	0.0	0.0	0.0	0.0	0.008	0.0	0.001	0.0	0.0	0.008	0.009	0.0	0.0	0.004	0.0	0.132	0.008	0.107	0.004	0.0	0.0	0.019	0.02	0.02	0.0	0.0	0.0	0.0	0.0	0.016	0.107	0.052	0.119	0.931	0.0	0.0	0.0	0.014	0.03	0.0
chr21	42405797	42406160	27119853	27119867	Blood-T	chr21:42405797-42406160	U	0.022	0.0	0.006	0.0	0.047	0.0	0.848	0.089	0.0	0.0	0.0	0.045	0.0	0.012	0.0	0.107	0.0	0.0	0.0	0.006	0.0	0.134	0.078	0.027	0.0	0.0	0.0	0.0	0.007	0.07	0.0	0.0	0.0	0.007	0.0	0.0	0.043	0.0	0.087	0.0
chr21	43954972	43955170	27153665	27153678	Heart-Cardio	chr21:43954972-43955170	U	0.004	0.0	0.0	0.0	0.001	0.0	0.0	0.0	0.0	0.005	0.0	0.0	0.0	0.003	0.0	0.0	0.0	0.0	0.0	0.008	0.931	0.009	0.0	0.0	0.027	0.015	0.0	0.004	0.0	0.0	0.0	0.0	0.0	0.0	0.0	0.0	0.0	0.0	0.006	0.0
chr21	44063365	44063738	27156096	27156108	Fallopian-Ep	chr21:44063365-44063738	U	0.0	0.0	0.0	0.0	0.0	0.0	0.029	0.0	0.0	0.0	0.0	0.007	0.0	0.0	0.0	0.009	0.975	0.0	0.0	0.012	0.0	0.0	0.0	0.0	0.004	0.01	0.013	0.0	0.057	0.0	0.0	0.007	0.0	0.011	0.0	0.005	0.0	0.004	0.007	0.0
chr21	44915448	44915517	27177066	27177073	Blood-Granul	chr21:44915448-44915517	U	0.008	0.016	0.0	0.986	0.036	0.012	0.024	0.0	0.0	0.0	0.0	0.0	0.0	0.017	0.0	0.027	0.0	0.0	0.0	0.0	0.008	0.01	0.0	0.0	0.0	0.0	0.0	0.0	0.0	0.041	0.053	0.0	0.036	0.0	0.0	0.0	0.159	0.0	0.008	0.012
chr21	46555499	46556082	27215914	27215937	Heart-Cardio	chr21:46555499-46556082	U	0.0	0.0	0.0	0.0	0.0	0.0	0.0	0.0	0.0	0.0	0.0	0.0	0.0	0.0	0.0	0.036	0.0	0.0	0.001	0.0	0.946	0.0	0.0	0.0	0.0	0.0	0.002	0.0	0.0	0.0	0.0	0.0	0.0	0.0	0.0	0.0	0.031	0.0	0.0	0.0
chr22	17062081	17062319	27287830	27287835	Smooth-Musc	chr22:17062081-17062319	U	0.288	0.069	0.017	0.01	0.017	0.053	0.094	0.413	0.01	0.0	0.023	0.16	0.195	0.106	0.0	0.339	0.081	0.15	0.0	0.109	0.131	0.448	0.138	0.305	0.013	0.084	0.057	0.044	0.033	0.382	0.451	0.207	0.103	0.216	0.0	0.007	0.091	0.084	0.683	0.189
chr22	17731329	17731404	27299866	27299872	Liver-Hep	chr22:17731329-17731404	U	0.0	0.0	0.0	0.009	0.003	0.0	0.0	0.0	0.0	0.0	0.0	0.0	0.0	0.0	0.0	0.026	0.0	0.0	0.0	0.0	0.0	0.0	0.0	0.938	0.0	0.0	0.032	0.0	0.0	0.0	0.0	0.0	0.0	0.0	0.0	0.0	0.0	0.0	0.0	0.0
chr22	17794463	17794770	27301554	27301565	Breast-Basal-Ep	chr22:17794463-17794770	U	0.009	0.0	0.0	0.0	0.004	0.006	0.001	0.0	0.888	0.063	0.0	0.0	0.018	0.001	0.0	0.013	0.0	0.0	0.0	0.012	0.033	0.021	0.002	0.0	0.003	0.017	0.0	0.0	0.0	0.0	0.0	0.0	0.0	0.0	0.0	0.022	0.0	0.0	0.008	0.0
chr22	21758064	21758417	27376279	27376286	Endothel	chr22:21758064-21758417	U	0.343	0.006	0.0	0.0	0.02	0.0	0.0	0.0	0.108	0.038	0.004	0.103	0.0	0.735	0.0	0.008	0.0	0.0	0.0	0.007	0.059	0.359	0.038	0.017	0.0	0.0	0.157	0.025	0.0	0.007	0.0	0.0	0.0	0.019	0.143	0.015	0.103	0.0	0.022	0.0
chr22	24532971	24533374	27415982	27415989	Lung-Ep-Alveo	chr22:24532971-24533374	U	0.0	0.008	0.0	0.0	0.003	0.0	0.002	0.0	0.0	0.0	0.0	0.0	0.0	0.005	0.0	0.052	0.0	0.0	0.0	0.005	0.016	0.009	0.011	0.0	0.97	0.1	0.0	0.0	0.0	0.0	0.0	0.0	0.0	0.008	0.0	0.008	0.0	0.006	0.0	0.149
chr22	26562850	26562927	27443027	27443032	Pancreas-Acinar	chr22:26562850-26562927	U	0.0	0.0	0.0	0.0	0.0	0.0	0.002	0.0	0.0	0.0	0.0	0.0	0.0	0.0	0.0	0.014	0.0	0.0	0.0	0.0	0.0	0.0	0.0	0.005	0.0	0.0	0.0	0.0	0.0	0.976	0.0	0.0	0.0	0.042	0.0	0.0	0.0	0.0	0.02	0.0
chr22	29193086	29193391	27473866	27473874	Smooth-Musc	chr22:29193086-29193391	U	0.281	0.018	0.007	0.0	0.007	0.0	0.011	0.0	0.016	0.0	0.007	0.087	0.341	0.064	0.0	0.019	0.0	0.024	0.002	0.004	0.012	0.041	0.005	0.0	0.006	0.0	0.015	0.03	0.0	0.0	0.008	0.011	0.0	0.0	0.0	0.006	0.207	0.016	0.505	0.0
chr22	31126726	31126875	27503604	27503610	Thyroid-Ep	chr22:31126726-31126875	U	0.0	0.024	0.014	0.0	0.004	0.0	0.003	0.0	0.0	0.0	0.0	0.029	0.0	0.0	0.0	0.088	0.0	0.0	0.0	0.0	0.0	0.02	0.0	0.0	0.0	0.0	0.0	0.0	0.0	0.0	0.0	0.0	0.02	0.0	0.0	0.0	0.0	0.0	0.032	0.983
chr22	31145279	31145352	27503900	27503905	Ovary-Ep	chr22:31145279-31145352	U	0.0	0.007	0.0	0.0	0.0	0.0	0.004	0.0	0.0	0.0	0.0	0.024	0.0	0.003	0.0	0.07	0.057	0.0	0.0	0.017	0.0	0.019	0.012	0.028	0.007	0.008	0.0	0.0	0.78	0.009	0.0	0.0	0.0	0.0	0.0	0.0	0.0	0.0	0.008	0.081
chr22	31463641	31463978	27508459	27508476	Megakaryocytes	chr22:31463641-31463978	U	0.0	0.0	0.0	0.0	0.001	0.0	0.0	0.0	0.0	0.0	0.0	0.0	0.0	0.002	0.0	0.18	0.0	0.0	0.0	0.0	0.003	0.031	0.0	0.009	0.0	0.0	0.001	0.004	0.0	0.0	0.0	0.0	0.0	0.0	1.0	0.0	0.0	0.0	0.0	0.0
chr22	32167100	32167535	27518663	27518672	Prostate-Ep	chr22:32167100-32167535	U	0.0	0.236	0.006	0.0	0.0	0.033	0.018	0.0	0.0	0.0	0.019	0.015	0.065	0.007	0.0	0.231	0.037	0.0	0.011	0.035	0.0	0.118	0.0	0.0	0.0	0.021	0.0	0.0	0.233	0.019	0.0	0.0	0.0	0.0	0.0	0.916	0.0	0.006	0.105	0.0
chr22	32232883	32233040	27519702	27519709	Pancreas-Beta	chr22:32232883-32233040	U	0.0	0.011	0.006	0.0	0.0	0.0	0.002	0.023	0.0	0.0	0.0	0.059	0.018	0.007	0.068	0.073	0.0	0.0	0.0	0.014	0.0	0.038	0.003	0.0	0.0	0.0	0.024	0.073	0.092	0.059	0.024	0.973	0.0	0.0	0.0	0.006	0.0	0.0	0.07	0.0
chr22	36298590	36298965	27565476	27565490	Liver-Hep	chr22:36298590-36298965	U	0.0	0.0	0.0	0.0	0.0	0.0	0.001	0.0	0.017	0.0	0.004	0.021	0.0	0.006	0.0	0.009	0.0	0.0	0.0	0.0	0.0	0.005	0.006	0.917	0.0	0.0	0.014	0.0	0.0	0.0	0.006	0.0	0.0	0.0	0.0	0.0	0.008	0.0	0.0	0.0
chr22	37816476	37817115	27595161	27595183	Liver-Hep	chr22:37816476-37817115	U	0.003	0.0	0.006	0.0	0.012	0.0	0.003	0.0	0.017	0.0	0.002	0.009	0.0	0.002	0.0	0.029	0.0	0.0	0.001	0.004	0.013	0.0	0.029	0.919	0.0	0.003	0.0	0.0	0.0	0.028	0.003	0.013	0.015	0.0	0.0	0.005	0.006	0.0	0.002	0.004
chr22	39903375	39904872	27636252	27636271	Blood-T	chr22:39903375-39904872	U	0.054	0.004	0.009	0.007	0.03	0.153	0.923	0.02	0.0	0.0	0.006	0.083	0.0	0.006	0.0	0.079	0.0	0.0	0.005	0.005	0.013	0.113	0.0	0.015	0.0	0.005	0.0	0.0	0.006	0.005	0.0	0.0	0.0	0.0	0.062	0.0	0.062	0.004	0.054	0.0
chr22	42144557	42144830	27674459	27674466	Liver-Hep	chr22:42144557-42144830	U	0.0	0.0	0.0	0.0	0.0	0.015	0.002	0.0	0.0	0.0	0.0	0.019	0.0	0.0	0.0	0.051	0.0	0.053	0.0	0.0	0.0	0.0	0.004	0.965	0.0	0.0	0.0	0.0	0.0	0.0	0.0	0.0	0.0	0.0	0.0	0.0	0.0	0.008	0.0	0.0
chr22	42707421	42707992	27685816	27685823	Megakaryocytes	chr22:42707421-42707992	U	0.0	0.026	0.029	0.0	0.023	0.0	0.012	0.0	0.0	0.0	0.0	0.0	0.167	0.0	0.0	0.028	0.0	0.0	0.0	0.064	0.1	0.04	0.0	0.0	0.0	0.053	0.0	0.0	0.0	0.158	0.0	0.0	0.0	0.0	1.0	0.0	0.154	0.0	0.0	0.0
chr22	45130671	45130742	27731251	27731260	Head-Neck-Ep	chr22:45130671-45130742	U	0.0	0.0	0.0	0.0	0.0	0.0	0.0	0.0	0.0	0.0	0.004	0.0	0.0	0.001	0.026	0.119	0.0	0.0	0.007	0.887	0.0	0.0	0.0	0.0	0.0	0.125	0.0	0.0	0.0	0.0	0.0	0.0	0.024	0.0	0.0	0.0	0.0	0.005	0.006	0.0
chr22	45713915	45714378	27741926	27741933	Lung-Ep-Alveo	chr22:45713915-45714378	U	0.067	0.0	0.0	0.0	0.016	0.0	0.0	0.0	0.0	0.0	0.0	0.0	0.0	0.0	0.0	0.065	0.0	0.0	0.0	0.008	0.0	0.0	0.0	0.0	0.958	0.139	0.052	0.152	0.0	0.0	0.0	0.0	0.0	0.0	0.0	0.0	0.0	0.0	0.0	0.0
chr22	45882543	45882763	27744039	27744053	Ovary-Ep	chr22:45882543-45882763	U	0.0	0.038	0.0	0.0	0.0	0.013	0.002	0.0	0.0	0.019	0.016	0.0	0.0	0.001	0.095	0.065	0.033	0.0	0.002	0.08	0.0	0.007	0.007	0.0	0.0	0.011	0.0	0.0	0.871	0.011	0.0	0.0	0.0	0.0	0.0	0.026	0.0	0.0	0.0	0.007
chr22	46801732	46801785	27767809	27767815	Lung-Ep-Alveo	chr22:46801732-46801785	U	0.008	0.0	0.0	0.008	0.01	0.0	0.0	0.0	0.019	0.038	0.0	0.013	0.0	0.002	0.022	0.062	0.0	0.029	0.0	0.018	0.0	0.016	0.003	0.0	0.952	0.087	0.003	0.0	0.049	0.007	0.143	0.029	0.033	0.0	0.0	0.0	0.0	0.0	0.006	0.0
chr22	47040657	47040968	27772271	27772282	Head-Neck-Ep	chr22:47040657-47040968	U	0.005	0.011	0.0	0.0	0.0	0.0	0.0	0.0	0.0	0.0	0.005	0.016	0.0	0.0	0.0	0.06	0.035	0.0	0.0	0.902	0.0	0.0	0.008	0.0	0.0	0.127	0.0	0.0	0.0	0.0	0.0	0.0	0.008	0.0	0.0	0.031	0.017	0.003	0.036	0.005
chr22	47053281	47053522	27772569	27772576	Pancreas-Beta	chr22:47053281-47053522	U	0.0	0.0	0.0	0.0	0.0	0.0	0.0	0.0	0.0	0.0	0.0	0.0	0.0	0.0	0.0	0.053	0.0	0.0	0.0	0.004	0.0	0.0	0.0	0.0	0.0	0.014	0.0	0.0	0.0	0.0	0.0	0.946	0.02	0.0	0.0	0.0	0.0	0.0	0.011	0.0
chr22	47118738	47118925	27773908	27773914	Pancreas-Acinar	chr22:47118738-47118925	U	0.0	0.0	0.0	0.0	0.0	0.0	0.0	0.0	0.0	0.0	0.004	0.0	0.0	0.0	0.0	0.035	0.0	0.0	0.0	0.0	0.0	0.0	0.0	0.0	0.0	0.0	0.0	0.0	0.0	0.964	0.0	0.0	0.0	0.019	0.0	0.0	0.014	0.0	0.007	0.0
chr22	50206330	50206529	27835583	27835600	Liver-Hep	chr22:50206330-50206529	U	0.0	0.009	0.012	0.006	0.013	0.0	0.0	0.0	0.0	0.0	0.012	0.0	0.0	0.001	0.0	0.0	0.0	0.0	0.003	0.0	0.015	0.0	0.031	0.932	0.003	0.0	0.0	0.004	0.0	0.0	0.0	0.009	0.0	0.006	0.0	0.0	0.0	0.003	0.0	0.0
chrX	25253472	25253922	28111829	28111836	Dermal-Fibro	chrX:25253472-25253922	U	0.192	0.0	0.008	0.0	0.008	0.0	0.002	0.0	0.0	0.035	0.019	0.036	0.789	0.05	0.091	0.218	0.042	0.032	0.015	0.029	0.0	0.172	0.018	0.023	0.0	0.0	0.033	0.0	0.04	0.041	0.046	0.031	0.014	0.0	0.0	0.0	0.027	0.0	0.149	0.04
chrX	36327354	36327586	28188157	28188162	Dermal-Fibro	chrX:36327354-36327586	U	0.176	0.0	0.103	0.0	0.045	0.0	0.064	0.25	0.113	0.083	0.01	0.2	1.0	0.052	0.0	0.342	0.021	0.0	0.064	0.014	0.0	0.387	0.014	0.067	0.022	0.0	0.014	0.0	0.132	0.048	0.1	0.143	0.173	0.083	0.0	0.0	0.045	0.0	0.365	0.132
chrX	84862149	84862263	28630556	28630566	Epid-Kerat	chrX:84862149-84862263	U	0.0	0.0	0.0	0.0	0.003	0.0	0.0	0.0	0.021	0.023	0.0	0.022	0.0	0.001	0.957	0.128	0.008	0.0	0.0	0.0	0.0	0.049	0.0	0.0	0.01	0.0	0.0	0.011	0.0	0.0	0.011	0.0	0.019	0.009	0.0	0.033	0.0	0.0	0.014	0.0
chrX	130412738	130412841	28944481	28944490	Dermal-Fibro	chrX:130412738-130412841	U	0.152	0.017	0.0	0.0	0.003	0.0	0.0	0.042	0.014	0.0	0.003	0.0	0.833	0.03	0.0	0.069	0.008	0.0	0.004	0.0	0.0	0.056	0.004	0.005	0.0	0.0	0.192	0.0	0.006	0.0	0.008	0.007	0.015	0.008	0.0	0.0	0.015	0.0	0.201	0.0
