	Classifier	Labeling Scheme	Prior	Feature Scheme	Deconvolver	Calibrator	method	method_key	pseudobulk_r2	tcs	tcs_per_sample	rank_pseudobulk	rank_tcs	avg_rank	rank_r2	rank_cosine_sim	rank_mse	rank_mae	rank_kl	rank_max_error	rank_loa_width	rank_worst_class_loa_width
0	methylbert	soft_labels_with_pooling		top156	psls	linear_simplex_projection	methylbert / soft_labels_with_pooling / top156 / psls / linear_simplex_projection	methylbert|soft_labels_with_pooling||top156|psls|linear_simplex_projection	0.9889460568421344	0.7123821700160654	0.7022123076923077	6.0	27.0	16.5	6.0	10.0	6.0	8.0	53.0	41.0	6.0	3.0
1	methylbert	soft_labels_with_pooling		top156	swn	linear_simplex_projection	methylbert / soft_labels_with_pooling / top156 / swn / linear_simplex_projection	methylbert|soft_labels_with_pooling||top156|swn|linear_simplex_projection	0.9849812605861028	0.7249655177910103	0.7185180769230769	35.0	10.0	22.5	35.0	79.0	35.0	71.0	172.0	36.0	35.0	30.0
2	methylbert	soft_labels_with_pooling		top156	swn	linear_clip_normalize	methylbert / soft_labels_with_pooling / top156 / swn / linear_clip_normalize	methylbert|soft_labels_with_pooling||top156|swn|linear_clip_normalize	0.9859499421023464	0.7129535363514738	0.7061134622614188	26.0	23.0	24.5	26.0	67.0	26.0	43.0	14.0	24.0	26.0	21.0
3	methylbert	soft_labels_with_pooling		top156	swn	vector_scaling	methylbert / soft_labels_with_pooling / top156 / swn / vector_scaling	methylbert|soft_labels_with_pooling||top156|swn|vector_scaling	0.9837954924267952	0.7247388694619842	0.7178153846153846	51.0	11.0	31.0	51.0	127.0	51.0	86.0	1.0	29.0	51.0	10.0
4	methylbert	soft_labels_with_pooling		top156	nnls	linear_simplex_projection	methylbert / soft_labels_with_pooling / top156 / nnls / linear_simplex_projection	methylbert|soft_labels_with_pooling||top156|nnls|linear_simplex_projection	0.9893797481101504	0.6960109317498391	0.6872346153846154	1.0	64.0	32.5	1.0	5.0	1.0	2.0	37.0	13.0	1.0	1.0
5	dismir	hard_labels		top156	nnls	linear_simplex_projection	dismir / hard_labels / top156 / nnls / linear_simplex_projection	dismir|hard_labels||top156|nnls|linear_simplex_projection	0.9868485685376084	0.6986625865471543	0.687325	17.0	59.0	38.0	17.0	23.0	17.0	13.0	85.0	85.0	17.0	26.0
6	dismir	soft_labels_without_pooling		top156	swn	linear_clip_normalize	dismir / soft_labels_without_pooling / top156 / swn / linear_clip_normalize	dismir|soft_labels_without_pooling||top156|swn|linear_clip_normalize	0.9841781135562466	0.7106805385291166	0.7018250005210014	45.0	32.0	38.5	45.0	71.0	45.0	59.0	27.0	148.0	45.0	102.0
7	methylbert	soft_labels_with_pooling		top156	swn	uncalibrated	methylbert / soft_labels_with_pooling / top156 / swn / uncalibrated	methylbert|soft_labels_with_pooling||top156|swn|uncalibrated	0.984948289629694	0.7070784457064805	0.699760000900166	36.0	42.0	39.0	36.0	83.0	36.0	36.0	2.0	102.0	36.0	35.0
8	methylbert	soft_labels_with_pooling		top156	mlp	linear_simplex_projection	methylbert / soft_labels_with_pooling / top156 / mlp / linear_simplex_projection	methylbert|soft_labels_with_pooling||top156|mlp|linear_simplex_projection	0.9852368929266168	0.6990076999905004	0.6932373076923077	32.0	58.0	45.0	32.0	50.0	32.0	48.0	227.0	39.0	32.0	41.0
9	dismir	soft_labels_without_pooling		top156	swn	linear_simplex_projection	dismir / soft_labels_without_pooling / top156 / swn / linear_simplex_projection	dismir|soft_labels_without_pooling||top156|swn|linear_simplex_projection	0.9836535123455566	0.710351101787718	0.7014661538461537	57.0	34.0	45.5	57.0	77.0	57.0	74.0	164.0	154.0	57.0	116.0
10	dismir	soft_labels_without_pooling		top156	nnls	linear_simplex_projection	dismir / soft_labels_without_pooling / top156 / nnls / linear_simplex_projection	dismir|soft_labels_without_pooling||top156|nnls|linear_simplex_projection	0.9889154605791995	0.6878419654377618	0.6788646153846153	7.0	87.0	47.0	7.0	3.0	7.0	5.0	40.0	8.0	7.0	11.0
11	dismir	soft_labels_without_pooling		top156	psls	linear_simplex_projection	dismir / soft_labels_without_pooling / top156 / psls / linear_simplex_projection	dismir|soft_labels_without_pooling||top156|psls|linear_simplex_projection	0.9887841368623989	0.6849057868330028	0.6756738461538461	8.0	93.0	50.5	8.0	4.0	8.0	7.0	49.0	11.0	8.0	12.0
12	dismir	soft_labels_without_pooling		top156	swn	vector_scaling	dismir / soft_labels_without_pooling / top156 / swn / vector_scaling	dismir|soft_labels_without_pooling||top156|swn|vector_scaling	0.982872426127438	0.7126930106627609	0.7038234615384615	76.0	25.0	50.5	76.0	122.0	76.0	99.0	4.0	116.0	76.0	64.0
13	dismir	soft_labels_without_pooling		top156	swn	uncalibrated	dismir / soft_labels_without_pooling / top156 / swn / uncalibrated	dismir|soft_labels_without_pooling||top156|swn|uncalibrated	0.982377574272848	0.7132983962140551	0.7044523070765883	84.0	22.0	53.0	84.0	96.0	84.0	60.0	9.0	222.0	84.0	126.0
14	cancerdetector		train_freq_prior	top156	mlp	linear_simplex_projection	cancerdetector / train_freq_prior / top156 / mlp / linear_simplex_projection	cancerdetector||train_freq_prior|top156|mlp|linear_simplex_projection	0.9828124201171644	0.7121625413638448	0.7069042307692307	79.0	29.0	54.0	79.0	129.0	79.0	92.0	240.0	127.0	79.0	68.0
15	cancerdetector		train_freq_prior	top156	swn	vector_scaling	cancerdetector / train_freq_prior / top156 / swn / vector_scaling	cancerdetector||train_freq_prior|top156|swn|vector_scaling	0.9832055782196714	0.705622812597497	0.6984576923076924	64.0	45.0	54.5	64.0	91.0	64.0	77.0	5.0	23.0	64.0	103.0
17	cancerdetector		train_freq_prior	top156	swn	linear_simplex_projection	cancerdetector / train_freq_prior / top156 / swn / linear_simplex_projection	cancerdetector||train_freq_prior|top156|swn|linear_simplex_projection	0.983689885239182	0.701142929506541	0.6953703846153845	56.0	54.0	55.0	56.0	41.0	56.0	28.0	185.0	110.0	56.0	165.0
16	cancerdetector		train_freq_prior	top156	mlp	vector_scaling	cancerdetector / train_freq_prior / top156 / mlp / vector_scaling	cancerdetector||train_freq_prior|top156|mlp|vector_scaling	0.9828818738250352	0.7102737142639475	0.7034988461538461	75.0	35.0	55.0	75.0	157.0	75.0	110.0	32.0	121.0	75.0	45.0
19	methylbert	soft_labels_with_pooling		top156	mlp	vector_scaling	methylbert / soft_labels_with_pooling / top156 / mlp / vector_scaling	methylbert|soft_labels_with_pooling||top156|mlp|vector_scaling	0.9846232754470337	0.6935521795428772	0.6863373076923077	40.0	74.0	57.0	40.0	98.0	40.0	69.0	6.0	19.0	40.0	20.0
18	methylbert	soft_labels_with_pooling		top156	psls	linear_clip_normalize	methylbert / soft_labels_with_pooling / top156 / psls / linear_clip_normalize	methylbert|soft_labels_with_pooling||top156|psls|linear_clip_normalize	0.986105276492809	0.687050291341878	0.678221923076923	25.0	89.0	57.0	25.0	17.0	25.0	18.0	46.0	96.0	25.0	36.0
20	cancerdetector		train_freq_prior	top156	nnls	linear_simplex_projection	cancerdetector / train_freq_prior / top156 / nnls / linear_simplex_projection	cancerdetector||train_freq_prior|top156|nnls|linear_simplex_projection	0.987350519490976	0.680367774601671	0.6729999999999999	10.0	106.0	58.0	10.0	16.0	10.0	9.0	68.0	56.0	10.0	44.0
21	dismir	soft_labels_without_pooling		top156	nnls	linear_clip_normalize	dismir / soft_labels_without_pooling / top156 / nnls / linear_clip_normalize	dismir|soft_labels_without_pooling||top156|nnls|linear_clip_normalize	0.9858092080687354	0.6844412666035502	0.6754011538461538	27.0	95.0	61.0	27.0	13.0	27.0	25.0	63.0	82.0	27.0	54.0
22	dismir	hard_labels		top156	nnls	linear_clip_normalize	dismir / hard_labels / top156 / nnls / linear_clip_normalize	dismir|hard_labels||top156|nnls|linear_clip_normalize	0.9835807218534274	0.6967781482933035	0.6853465384615385	60.0	62.0	61.0	60.0	32.0	60.0	79.0	129.0	55.0	60.0	61.0
23	methylbert	soft_labels_with_pooling		top156	nnls	vector_scaling	methylbert / soft_labels_with_pooling / top156 / nnls / vector_scaling	methylbert|soft_labels_with_pooling||top156|nnls|vector_scaling	0.9818302664893322	0.711851707357511	0.7005984615384615	93.0	31.0	62.0	93.0	166.0	93.0	160.0	48.0	14.0	93.0	23.0
24	methylbert	soft_labels_without_pooling		top156	psls	linear_simplex_projection	methylbert / soft_labels_without_pooling / top156 / psls / linear_simplex_projection	methylbert|soft_labels_without_pooling||top156|psls|linear_simplex_projection	0.986159372696786	0.6808805615882352	0.66916	24.0	105.0	64.5	24.0	25.0	24.0	23.0	167.0	27.0	24.0	40.0
26	methylbert	soft_labels_with_pooling		top156	psls	vector_scaling	methylbert / soft_labels_with_pooling / top156 / psls / vector_scaling	methylbert|soft_labels_with_pooling||top156|psls|vector_scaling	0.9807113683565536	0.7162803067930814	0.705601923076923	112.0	19.0	65.5	112.0	148.0	112.0	163.0	51.0	163.0	112.0	120.0
25	dismir	soft_labels_without_pooling		top156	mlp	vector_scaling	dismir / soft_labels_without_pooling / top156 / mlp / vector_scaling	dismir|soft_labels_without_pooling||top156|mlp|vector_scaling	0.9831470412789792	0.6960772846712647	0.6914230769230768	68.0	63.0	65.5	68.0	128.0	68.0	81.0	23.0	190.0	68.0	95.0
27	dismir	soft_labels_without_pooling		top156	psls	linear_clip_normalize	dismir / soft_labels_without_pooling / top156 / psls / linear_clip_normalize	dismir|soft_labels_without_pooling||top156|psls|linear_clip_normalize	0.9856631476970092	0.6815175252333353	0.6722342307692308	29.0	102.0	65.5	29.0	12.0	29.0	22.0	82.0	111.0	29.0	57.0
28	methylbert	soft_labels_with_pooling		top156	mlp	linear_clip_normalize	methylbert / soft_labels_with_pooling / top156 / mlp / linear_clip_normalize	methylbert|soft_labels_with_pooling||top156|mlp|linear_clip_normalize	0.9843897694680924	0.686273511572954	0.6798769236740413	42.0	91.0	66.5	42.0	60.0	42.0	56.0	119.0	62.0	42.0	34.0
29	dismir	soft_labels_without_pooling		top156	nnls	vector_scaling	dismir / soft_labels_without_pooling / top156 / nnls / vector_scaling	dismir|soft_labels_without_pooling||top156|nnls|vector_scaling	0.9832634395494776	0.6926011955593835	0.6838034615384615	62.0	77.0	69.5	62.0	132.0	62.0	154.0	24.0	9.0	62.0	15.0
30	cancerdetector		train_freq_prior	top156	psls	linear_simplex_projection	cancerdetector / train_freq_prior / top156 / psls / linear_simplex_projection	cancerdetector||train_freq_prior|top156|psls|linear_simplex_projection	0.9890178950463075	0.6703633513070539	0.6625573076923077	5.0	135.0	70.0	5.0	8.0	5.0	6.0	71.0	5.0	5.0	4.0
31	dismir	soft_labels_with_pooling		top156	swn	linear_clip_normalize	dismir / soft_labels_with_pooling / top156 / swn / linear_clip_normalize	dismir|soft_labels_with_pooling||top156|swn|linear_clip_normalize	0.9852290863402268	0.6793922260344323	0.6652573084826142	33.0	108.0	70.5	33.0	51.0	33.0	33.0	29.0	47.0	33.0	78.0
33	cancerdetector		uniform_prior	top156	xgb	linear_simplex_projection	cancerdetector / uniform_prior / top156 / xgb / linear_simplex_projection	cancerdetector||uniform_prior|top156|xgb|linear_simplex_projection	0.9798343417460448	0.7266449019994848	0.7173861538461538	134.0	8.0	71.0	134.0	49.0	134.0	31.0	145.0	225.0	134.0	156.0
32	dismir	hard_labels		top156	swn	linear_clip_normalize	dismir / hard_labels / top156 / swn / linear_clip_normalize	dismir|hard_labels||top156|swn|linear_clip_normalize	0.9811902220699448	0.7097373891726142	0.697409615703537	106.0	36.0	71.0	106.0	154.0	106.0	111.0	54.0	136.0	106.0	157.0
35	dismir	soft_labels_with_pooling		top156	swn	linear_simplex_projection	dismir / soft_labels_with_pooling / top156 / swn / linear_simplex_projection	dismir|soft_labels_with_pooling||top156|swn|linear_simplex_projection	0.9850257506909972	0.6790194425399453	0.6649326923076923	34.0	109.0	71.5	34.0	54.0	34.0	53.0	162.0	46.0	34.0	73.0
34	methylbert	soft_labels_with_pooling		top156	nnls	linear_clip_normalize	methylbert / soft_labels_with_pooling / top156 / nnls / linear_clip_normalize	methylbert|soft_labels_with_pooling||top156|nnls|linear_clip_normalize	0.9869778774295486	0.6732129714840747	0.6652723076923077	15.0	128.0	71.5	15.0	11.0	15.0	11.0	65.0	37.0	15.0	14.0
36	cancerdetector		uniform_prior	top156	swn	vector_scaling	cancerdetector / uniform_prior / top156 / swn / vector_scaling	cancerdetector||uniform_prior|top156|swn|vector_scaling	0.9833298389001331	0.6893681069051981	0.6810211538461538	61.0	83.0	72.0	61.0	92.0	61.0	73.0	8.0	99.0	61.0	130.0
37	cancerdetector		train_freq_prior	top156	xgb	linear_simplex_projection	cancerdetector / train_freq_prior / top156 / xgb / linear_simplex_projection	cancerdetector||train_freq_prior|top156|xgb|linear_simplex_projection	0.979632501947134	0.7434190065379813	0.7349215384615384	141.0	6.0	73.5	141.0	66.0	141.0	37.0	152.0	224.0	141.0	199.0
38	cancerdetector		train_freq_prior	top156	mlp	linear_clip_normalize	cancerdetector / train_freq_prior / top156 / mlp / linear_clip_normalize	cancerdetector||train_freq_prior|top156|mlp|linear_clip_normalize	0.981660000507572	0.701797398542555	0.6960126918514735	95.0	53.0	74.0	95.0	140.0	95.0	132.0	165.0	126.0	95.0	70.0
39	dismir	soft_labels_with_pooling		top156	swn	vector_scaling	dismir / soft_labels_with_pooling / top156 / swn / vector_scaling	dismir|soft_labels_with_pooling||top156|swn|vector_scaling	0.9837692930958752	0.6825836810657926	0.6684284615384615	52.0	100.0	76.0	52.0	112.0	52.0	78.0	3.0	104.0	52.0	65.0
40	cancerdetector		train_freq_prior	top156	nnls	vector_scaling	cancerdetector / train_freq_prior / top156 / nnls / vector_scaling	cancerdetector||train_freq_prior|top156|nnls|vector_scaling	0.9810469193165378	0.7045942606679875	0.6953461538461538	107.0	46.0	76.5	107.0	177.0	107.0	211.0	41.0	18.0	107.0	16.0
41	cancerdetector		train_freq_prior	top156	swn	linear_clip_normalize	cancerdetector / train_freq_prior / top156 / swn / linear_clip_normalize	cancerdetector||train_freq_prior|top156|swn|linear_clip_normalize	0.9829437743455788	0.6891716163047088	0.6829373086860028	72.0	84.0	78.0	72.0	45.0	72.0	42.0	81.0	57.0	72.0	154.0
42	cancerdetector		uniform_prior	top156	nnls	vector_scaling	cancerdetector / uniform_prior / top156 / nnls / vector_scaling	cancerdetector||uniform_prior|top156|nnls|vector_scaling	0.9814413717183622	0.6977102491006516	0.6863703846153846	97.0	60.0	78.5	97.0	169.0	97.0	212.0	38.0	6.0	97.0	33.0
43	cancerdetector		uniform_prior	top156	nnls	linear_simplex_projection	cancerdetector / uniform_prior / top156 / nnls / linear_simplex_projection	cancerdetector||uniform_prior|top156|nnls|linear_simplex_projection	0.9863738891374152	0.6703546347969845	0.6615534615384616	22.0	136.0	79.0	22.0	18.0	22.0	10.0	69.0	34.0	22.0	90.0
44	methylbert	soft_labels_without_pooling		top156	nnls	linear_simplex_projection	methylbert / soft_labels_without_pooling / top156 / nnls / linear_simplex_projection	methylbert|soft_labels_without_pooling||top156|nnls|linear_simplex_projection	0.9847556186856392	0.6753600813966922	0.6649076923076922	38.0	122.0	80.0	38.0	36.0	38.0	34.0	170.0	38.0	38.0	81.0
45	cancerdetector		uniform_prior	top156	swn	linear_simplex_projection	cancerdetector / uniform_prior / top156 / swn / linear_simplex_projection	cancerdetector||uniform_prior|top156|swn|linear_simplex_projection	0.9835916154749578	0.6812156243816571	0.6742369230769231	59.0	103.0	81.0	59.0	44.0	59.0	27.0	192.0	155.0	59.0	203.0
46	dismir	hard_labels		top156	swn	uncalibrated	dismir / hard_labels / top156 / swn / uncalibrated	dismir|hard_labels||top156|swn|uncalibrated	0.9797723909074189	0.7122726267562383	0.6998461543489469	137.0	28.0	82.5	137.0	176.0	137.0	102.0	26.0	187.0	137.0	162.0
48	dismir	hard_labels		top156	swn	linear_simplex_projection	dismir / hard_labels / top156 / swn / linear_simplex_projection	dismir|hard_labels||top156|swn|linear_simplex_projection	0.9799322848818434	0.7095915379304734	0.6972342307692307	130.0	38.0	84.0	130.0	161.0	130.0	158.0	221.0	144.0	130.0	161.0
47	dismir	soft_labels_with_pooling		top156	swn	uncalibrated	dismir / soft_labels_with_pooling / top156 / swn / uncalibrated	dismir|soft_labels_with_pooling||top156|swn|uncalibrated	0.9831518896307424	0.6817703481230568	0.6675138445536082	67.0	101.0	84.0	67.0	89.0	67.0	51.0	7.0	113.0	67.0	112.0
50	dismir	hard_labels		top156	nnls	vector_scaling	dismir / hard_labels / top156 / nnls / vector_scaling	dismir|hard_labels||top156|nnls|vector_scaling	0.9788966544936244	0.7172651565577153	0.7046188461538461	155.0	18.0	86.5	155.0	226.0	155.0	240.0	60.0	20.0	155.0	32.0
49	dismir	soft_labels_without_pooling		top156	psls	vector_scaling	dismir / soft_labels_without_pooling / top156 / psls / vector_scaling	dismir|soft_labels_without_pooling||top156|psls|vector_scaling	0.9822944495832155	0.6870671558652415	0.6781961538461537	85.0	88.0	86.5	85.0	125.0	85.0	159.0	42.0	117.0	85.0	87.0
51	cancerdetector		uniform_prior	top156	psls	vector_scaling	cancerdetector / uniform_prior / top156 / psls / vector_scaling	cancerdetector||uniform_prior|top156|psls|vector_scaling	0.984580310494928	0.6707232403506403	0.6612642307692307	41.0	134.0	87.5	41.0	99.0	41.0	113.0	30.0	1.0	41.0	31.0
53	cancerdetector		train_freq_prior	top156	psls	vector_scaling	cancerdetector / train_freq_prior / top156 / psls / vector_scaling	cancerdetector||train_freq_prior|top156|psls|vector_scaling	0.9836001700093824	0.6756306051719915	0.6680861538461539	58.0	119.0	88.5	58.0	116.0	58.0	125.0	33.0	12.0	58.0	29.0
52	dismir	hard_labels		diagbckg	psls	linear_simplex_projection	dismir / hard_labels / diagbckg / psls / linear_simplex_projection	dismir|hard_labels||diagbckg|psls|linear_simplex_projection	0.9869943425098922	0.6649849528307514	0.6496676923076923	13.0	164.0	88.5	13.0	26.0	13.0	15.0	105.0	112.0	13.0	55.0
54	dismir	hard_labels		top156	psls	linear_simplex_projection	dismir / hard_labels / top156 / psls / linear_simplex_projection	dismir|hard_labels||top156|psls|linear_simplex_projection	0.9869892145877386	0.6649751037272349	0.6496561538461538	14.0	165.0	89.5	14.0	27.0	14.0	16.0	106.0	114.0	14.0	56.0
55	dismir	soft_labels_without_pooling		top156	mlp	linear_simplex_projection	dismir / soft_labels_without_pooling / top156 / mlp / linear_simplex_projection	dismir|soft_labels_without_pooling||top156|mlp|linear_simplex_projection	0.9812424391721184	0.6925236185034693	0.6878873076923077	103.0	78.0	90.5	103.0	146.0	103.0	84.0	218.0	170.0	103.0	186.0
57	lookup	soft_labels_with_pooling		top156	psls	linear_simplex_projection	lookup / soft_labels_with_pooling / top156 / psls / linear_simplex_projection	lookup|soft_labels_with_pooling||top156|psls|linear_simplex_projection	0.9826997913401808	0.681118549776542	0.6700673076923078	80.0	104.0	92.0	80.0	64.0	80.0	68.0	142.0	60.0	80.0	198.0
56	methylbert	soft_labels_without_pooling		top156	swn	linear_simplex_projection	methylbert / soft_labels_without_pooling / top156 / swn / linear_simplex_projection	methylbert|soft_labels_without_pooling||top156|swn|linear_simplex_projection	0.9820231859008456	0.6857475295076899	0.6763773076923077	92.0	92.0	92.0	92.0	111.0	92.0	91.0	247.0	131.0	92.0	160.0
58	dismir	soft_labels_without_pooling		top156	nnls	uncalibrated	dismir / soft_labels_without_pooling / top156 / nnls / uncalibrated	dismir|soft_labels_without_pooling||top156|nnls|uncalibrated	0.9813013973861524	0.6864645017775176	0.6771373076923077	102.0	90.0	96.0	102.0	52.0	102.0	80.0	136.0	185.0	102.0	208.0
60	dismir	soft_labels_with_pooling		top156	psls	linear_simplex_projection	dismir / soft_labels_with_pooling / top156 / psls / linear_simplex_projection	dismir|soft_labels_with_pooling||top156|psls|linear_simplex_projection	0.9891630590482507	0.6564182801828252	0.6445242307692308	3.0	189.0	96.0	3.0	2.0	3.0	4.0	47.0	4.0	3.0	6.0
61	dismir	hard_labels		diagbckg	nnls	linear_simplex_projection	dismir / hard_labels / diagbckg / nnls / linear_simplex_projection	dismir|hard_labels||diagbckg|nnls|linear_simplex_projection	0.987257017059692	0.6583739473098351	0.6426611538461539	11.0	181.0	96.0	11.0	24.0	11.0	12.0	99.0	84.0	11.0	38.0
59	methylbert	soft_labels_without_pooling		top156	swn	vector_scaling	methylbert / soft_labels_without_pooling / top156 / swn / vector_scaling	methylbert|soft_labels_without_pooling||top156|swn|vector_scaling	0.981658490076706	0.6844006665632985	0.6746457692307691	96.0	96.0	96.0	96.0	168.0	96.0	147.0	35.0	35.0	96.0	94.0
62	cancerdetector		uniform_prior	top156	psls	linear_simplex_projection	cancerdetector / uniform_prior / top156 / psls / linear_simplex_projection	cancerdetector||uniform_prior|top156|psls|linear_simplex_projection	0.9890876453238968	0.6563678551537846	0.6474657692307693	4.0	190.0	97.0	4.0	6.0	4.0	3.0	62.0	2.0	4.0	17.0
64	dismir	hard_labels		top156	swn	vector_scaling	dismir / hard_labels / top156 / swn / vector_scaling	dismir|hard_labels||top156|swn|vector_scaling	0.9779629343288112	0.7125569227677906	0.700208076923077	169.0	26.0	97.5	169.0	217.0	169.0	184.0	18.0	161.0	169.0	164.0
63	dismir	hard_labels		diagbckg	swn	linear_clip_normalize	dismir / hard_labels / diagbckg / swn / linear_clip_normalize	dismir|hard_labels||diagbckg|swn|linear_clip_normalize	0.9804430237147964	0.6927832050857812	0.6811938467875173	119.0	76.0	97.5	119.0	145.0	119.0	98.0	57.0	177.0	119.0	193.0
65	Celfie					linear_simplex_projection	Celfie / linear_simplex_projection	celfie|||||linear_simplex_projection	0.9803476202961432	0.6936058209151715	0.6880905111394333	124.0	73.0	98.5	124.0	191.0	124.0	112.0	290.0	26.0	124.0	62.0
66	cancerdetector		uniform_prior	top156	xgb	vector_scaling	cancerdetector / uniform_prior / top156 / xgb / vector_scaling	cancerdetector||uniform_prior|top156|xgb|vector_scaling	0.9768027073176336	0.7343327997852893	0.7224292307692307	191.0	7.0	99.0	191.0	199.0	191.0	208.0	16.0	191.0	191.0	83.0
67	methylbert	soft_labels_without_pooling		top156	psls	vector_scaling	methylbert / soft_labels_without_pooling / top156 / psls / vector_scaling	methylbert|soft_labels_without_pooling||top156|psls|vector_scaling	0.9799297714803068	0.6950720073858603	0.6816457692307691	131.0	69.0	100.0	131.0	183.0	131.0	225.0	130.0	140.0	131.0	115.0
68	dismir	soft_labels_without_pooling		top156	xgb	linear_simplex_projection	dismir / soft_labels_without_pooling / top156 / xgb / linear_simplex_projection	dismir|soft_labels_without_pooling||top156|xgb|linear_simplex_projection	0.9770935328615714	0.7215117715586513	0.7135446153846154	187.0	14.0	100.5	187.0	131.0	187.0	52.0	117.0	241.0	187.0	260.0
70	lookup	soft_labels_with_pooling		top156	nnls	linear_simplex_projection	lookup / soft_labels_with_pooling / top156 / nnls / linear_simplex_projection	lookup|soft_labels_with_pooling||top156|nnls|linear_simplex_projection	0.981216342704616	0.6842811698151092	0.674483846153846	104.0	98.0	101.0	104.0	78.0	104.0	76.0	150.0	128.0	104.0	235.0
69	methylbert	soft_labels_with_pooling		top156	mlp	uncalibrated	methylbert / soft_labels_with_pooling / top156 / mlp / uncalibrated	methylbert|soft_labels_with_pooling||top156|mlp|uncalibrated	0.982221558205212	0.6770168640297656	0.6705923072646467	88.0	114.0	101.0	88.0	103.0	88.0	72.0	21.0	67.0	88.0	48.0
71	cancerdetector		train_freq_prior	top156	xgb	vector_scaling	cancerdetector / train_freq_prior / top156 / xgb / vector_scaling	cancerdetector||train_freq_prior|top156|xgb|vector_scaling	0.9760427000261344	0.7513263165309906	0.7404303846153846	203.0	4.0	103.5	203.0	215.0	203.0	217.0	19.0	173.0	203.0	122.0
72	cancerdetector		train_freq_prior	top156	xgb	linear_clip_normalize	cancerdetector / train_freq_prior / top156 / xgb / linear_clip_normalize	cancerdetector||train_freq_prior|top156|xgb|linear_clip_normalize	0.9766338013697982	0.7231077500335187	0.7145353846102246	196.0	12.0	104.0	196.0	70.0	196.0	89.0	91.0	242.0	196.0	213.0
73	cancerdetector		uniform_prior	top156	swn	linear_clip_normalize	cancerdetector / uniform_prior / top156 / swn / linear_clip_normalize	cancerdetector||uniform_prior|top156|swn|linear_clip_normalize	0.9830785391673836	0.6701383431598213	0.6628342300810448	70.0	139.0	104.5	70.0	48.0	70.0	39.0	95.0	132.0	70.0	184.0
74	methylbert	soft_labels_without_pooling		top156	nnls	vector_scaling	methylbert / soft_labels_without_pooling / top156 / nnls / vector_scaling	methylbert|soft_labels_without_pooling||top156|nnls|vector_scaling	0.9796782871031138	0.6947570210652172	0.6818142307692308	140.0	70.0	105.0	140.0	209.0	140.0	246.0	143.0	33.0	140.0	49.0
76	methylbert	soft_labels_without_pooling		top156	swn	linear_clip_normalize	methylbert / soft_labels_without_pooling / top156 / swn / linear_clip_normalize	methylbert|soft_labels_without_pooling||top156|swn|linear_clip_normalize	0.9820920925346164	0.6756062720785508	0.6661761542083694	91.0	120.0	105.5	91.0	107.0	91.0	87.0	125.0	63.0	91.0	117.0
75	dismir	soft_labels_with_pooling		top156	nnls	linear_simplex_projection	dismir / soft_labels_with_pooling / top156 / nnls / linear_simplex_projection	dismir|soft_labels_with_pooling||top156|nnls|linear_simplex_projection	0.989289450219986	0.6442277368567579	0.6325903846153846	2.0	209.0	105.5	2.0	1.0	2.0	1.0	39.0	3.0	2.0	8.0
77	cancerdetector		uniform_prior	top156	mlp	vector_scaling	cancerdetector / uniform_prior / top156 / mlp / vector_scaling	cancerdetector||uniform_prior|top156|mlp|vector_scaling	0.9804754700434992	0.6847091454603098	0.6790034615384616	118.0	94.0	106.0	118.0	185.0	118.0	137.0	50.0	220.0	118.0	89.0
78	cancerdetector		train_freq_prior	top156	psls	linear_clip_normalize	cancerdetector / train_freq_prior / top156 / psls / linear_clip_normalize	cancerdetector||train_freq_prior|top156|psls|linear_clip_normalize	0.9868087447454158	0.6550901208111577	0.6478080769230768	19.0	194.0	106.5	19.0	15.0	19.0	20.0	67.0	21.0	19.0	24.0
79	lookup	soft_labels_with_pooling		top156	psls	vector_scaling	lookup / soft_labels_with_pooling / top156 / psls / vector_scaling	lookup|soft_labels_with_pooling||top156|psls|vector_scaling	0.9773333061051004	0.7103595079306159	0.6971834615384616	181.0	33.0	107.0	181.0	243.0	181.0	271.0	104.0	17.0	181.0	138.0
81	dismir	soft_labels_with_pooling		top156	psls	linear_clip_normalize	dismir / soft_labels_with_pooling / top156 / psls / linear_clip_normalize	dismir|soft_labels_with_pooling||top156|psls|linear_clip_normalize	0.9862724891764136	0.6543865521488783	0.6425888461538459	23.0	195.0	109.0	23.0	9.0	23.0	14.0	79.0	87.0	23.0	42.0
80	dismir	hard_labels		top156	nnls	uncalibrated	dismir / hard_labels / top156 / nnls / uncalibrated	dismir|hard_labels||top156|nnls|uncalibrated	0.9786096154394216	0.6975560488583235	0.6860907692307693	157.0	61.0	109.0	157.0	85.0	157.0	201.0	198.0	176.0	157.0	204.0
83	lookup	soft_labels_with_pooling		top156	nnls	vector_scaling	lookup / soft_labels_with_pooling / top156 / nnls / vector_scaling	lookup|soft_labels_with_pooling||top156|nnls|vector_scaling	0.9765698612591258	0.7133779644656215	0.6994503846153847	198.0	21.0	109.5	198.0	252.0	198.0	278.0	94.0	28.0	198.0	125.0
82	dismir	soft_labels_without_pooling		top156	mlp	linear_clip_normalize	dismir / soft_labels_without_pooling / top156 / mlp / linear_clip_normalize	dismir|soft_labels_without_pooling||top156|mlp|linear_clip_normalize	0.9797018215182416	0.6909421196971394	0.686168463157726	138.0	81.0	109.5	138.0	159.0	138.0	115.0	153.0	169.0	138.0	191.0
86	dismir	hard_labels		diagbckg	swn	linear_simplex_projection	dismir / hard_labels / diagbckg / swn / linear_simplex_projection	dismir|hard_labels||diagbckg|swn|linear_simplex_projection	0.9794732836853818	0.6920570000852393	0.6804665384615385	144.0	79.0	111.5	144.0	156.0	144.0	128.0	201.0	217.0	144.0	209.0
85	cancerdetector		train_freq_prior	top156	mlp	uncalibrated	cancerdetector / train_freq_prior / top156 / mlp / uncalibrated	cancerdetector||train_freq_prior|top156|mlp|uncalibrated	0.979082433271408	0.6936114898550142	0.6874815380937014	151.0	72.0	111.5	151.0	200.0	151.0	149.0	75.0	130.0	151.0	107.0
84	dismir	soft_labels_without_pooling		top156	xgb	vector_scaling	dismir / soft_labels_without_pooling / top156 / xgb / vector_scaling	dismir|soft_labels_without_pooling||top156|xgb|vector_scaling	0.9750552420295132	0.7254349749590714	0.7174219230769231	214.0	9.0	111.5	214.0	240.0	214.0	216.0	20.0	244.0	214.0	247.0
88	dismir	hard_labels		diagbckg	swn	uncalibrated	dismir / hard_labels / diagbckg / swn / uncalibrated	dismir|hard_labels||diagbckg|swn|uncalibrated	0.9786256617977156	0.6951156950753312	0.6834638459899275	156.0	68.0	112.0	156.0	171.0	156.0	82.0	22.0	223.0	156.0	214.0
87	dismir	soft_labels_without_pooling		top156	psls	uncalibrated	dismir / soft_labels_without_pooling / top156 / psls / uncalibrated	dismir|soft_labels_without_pooling||top156|psls|uncalibrated	0.9803274484511604	0.6834242317744672	0.6738303846153846	125.0	99.0	112.0	125.0	80.0	125.0	67.0	131.0	227.0	125.0	228.0
89	dismir	hard_labels		top156	xgb	linear_simplex_projection	dismir / hard_labels / top156 / xgb / linear_simplex_projection	dismir|hard_labels||top156|xgb|linear_simplex_projection	0.9773103878220638	0.7073160972251501	0.6959561538461538	184.0	41.0	112.5	184.0	87.0	184.0	41.0	122.0	234.0	184.0	200.0
90	dismir	hard_labels		diagbckg	psls	linear_clip_normalize	dismir / hard_labels / diagbckg / psls / linear_clip_normalize	dismir|hard_labels||diagbckg|psls|linear_clip_normalize	0.983764952139134	0.6621274464228923	0.6466515384615386	53.0	173.0	113.0	53.0	37.0	53.0	57.0	96.0	137.0	53.0	127.0
91	dismir	hard_labels		top156	psls	linear_clip_normalize	dismir / hard_labels / top156 / psls / linear_clip_normalize	dismir|hard_labels||top156|psls|linear_clip_normalize	0.9837599251167772	0.6621166126258149	0.646635	54.0	174.0	114.0	54.0	38.0	54.0	58.0	98.0	135.0	54.0	128.0
92	cancerdetector		uniform_prior	top156	psls	linear_clip_normalize	cancerdetector / uniform_prior / top156 / psls / linear_clip_normalize	cancerdetector||uniform_prior|top156|psls|linear_clip_normalize	0.9868623675587782	0.641340431095511	0.6332123076923077	16.0	215.0	115.5	16.0	14.0	16.0	17.0	58.0	22.0	16.0	39.0
93	cancerdetector		train_freq_prior	top156	nnls	linear_clip_normalize	cancerdetector / train_freq_prior / top156 / nnls / linear_clip_normalize	cancerdetector||train_freq_prior|top156|nnls|linear_clip_normalize	0.984040711745099	0.6571662704308798	0.6499149999999999	48.0	184.0	116.0	48.0	19.0	48.0	64.0	108.0	44.0	48.0	79.0
95	dismir	soft_labels_with_pooling		top156	nnls	linear_clip_normalize	dismir / soft_labels_with_pooling / top156 / nnls / linear_clip_normalize	dismir|soft_labels_with_pooling||top156|nnls|linear_clip_normalize	0.986384951948504	0.642348810234722	0.6307942307692308	21.0	213.0	117.0	21.0	7.0	21.0	19.0	61.0	69.0	21.0	47.0
94	dismir	hard_labels		top156	xgb	vector_scaling	dismir / hard_labels / top156 / xgb / vector_scaling	dismir|hard_labels||top156|xgb|vector_scaling	0.9760195854400396	0.7119998123344566	0.7002934615384615	204.0	30.0	117.0	204.0	213.0	204.0	213.0	15.0	207.0	204.0	145.0
97	cancerdetector		uniform_prior	top156	xgb	linear_clip_normalize	cancerdetector / uniform_prior / top156 / xgb / linear_clip_normalize	cancerdetector||uniform_prior|top156|xgb|linear_clip_normalize	0.9766659997653994	0.7079071674744601	0.6985238448018207	195.0	40.0	117.5	195.0	59.0	195.0	88.0	89.0	245.0	195.0	177.0
96	lookup	soft_labels_with_pooling		top156	swn	vector_scaling	lookup / soft_labels_with_pooling / top156 / swn / vector_scaling	lookup|soft_labels_with_pooling||top156|swn|vector_scaling	0.9773286987460434	0.7021958488902637	0.6887515384615385	183.0	52.0	117.5	183.0	216.0	183.0	209.0	55.0	146.0	183.0	254.0
98	dismir	hard_labels		diagbckg	nnls	linear_clip_normalize	dismir / hard_labels / diagbckg / nnls / linear_clip_normalize	dismir|hard_labels||diagbckg|nnls|linear_clip_normalize	0.9841770760545284	0.6560648513146908	0.6402180769230769	46.0	191.0	118.5	46.0	33.0	46.0	50.0	77.0	129.0	46.0	104.0
99	dismir	canonical_soft_labels		diagbckg	xgb	linear_simplex_projection	dismir / canonical_soft_labels / diagbckg / xgb / linear_simplex_projection	dismir|canonical_soft_labels||diagbckg|xgb|linear_simplex_projection	0.9775590426722108	0.6958977880897396	0.6842773076923078	174.0	65.0	119.5	174.0	81.0	174.0	66.0	114.0	175.0	174.0	159.0
100	dismir	soft_labels_without_pooling		top156	xgb	linear_clip_normalize	dismir / soft_labels_without_pooling / top156 / xgb / linear_clip_normalize	dismir|soft_labels_without_pooling||top156|xgb|linear_clip_normalize	0.9739834016169916	0.7212546960796313	0.713276539725652	225.0	15.0	120.0	225.0	141.0	225.0	105.0	86.0	243.0	225.0	267.0
101	methylbert	soft_labels_without_pooling		top156	psls	linear_clip_normalize	methylbert / soft_labels_without_pooling / top156 / psls / linear_clip_normalize	methylbert|soft_labels_without_pooling||top156|psls|linear_clip_normalize	0.982559297000932	0.6661310099478934	0.655195	82.0	160.0	121.0	82.0	40.0	82.0	93.0	194.0	138.0	82.0	99.0
102	dismir	hard_labels		diagbckg	swn	vector_scaling	dismir / hard_labels / diagbckg / swn / vector_scaling	dismir|hard_labels||diagbckg|swn|vector_scaling	0.9778444595289544	0.6943264381855573	0.6828334615384615	172.0	71.0	121.5	172.0	207.0	172.0	157.0	13.0	206.0	172.0	190.0
103	dismir	hard_labels		diagbckg	xgb	linear_simplex_projection	dismir / hard_labels / diagbckg / xgb / linear_simplex_projection	dismir|hard_labels||diagbckg|xgb|linear_simplex_projection	0.9765897981824097	0.7037961046350992	0.6921573076923077	197.0	47.0	122.0	197.0	82.0	197.0	61.0	139.0	231.0	197.0	172.0
104	dismir	soft_labels_with_pooling		top156	nnls	vector_scaling	dismir / soft_labels_with_pooling / top156 / nnls / vector_scaling	dismir|soft_labels_with_pooling||top156|nnls|vector_scaling	0.9838973132214656	0.6542890149270473	0.6419188461538461	50.0	196.0	123.0	50.0	118.0	50.0	134.0	28.0	7.0	50.0	9.0
106	methylbert	canonical_soft_labels		top156	psls	linear_simplex_projection	methylbert / canonical_soft_labels / top156 / psls / linear_simplex_projection	methylbert|canonical_soft_labels||top156|psls|linear_simplex_projection	0.9876851201881738	0.6176072220370314	0.6044380769230769	9.0	238.0	123.5	9.0	20.0	9.0	24.0	180.0	16.0	9.0	2.0
105	cancerdetector		train_freq_prior	top156	psls	uncalibrated	cancerdetector / train_freq_prior / top156 / psls / uncalibrated	cancerdetector||train_freq_prior|top156|psls|uncalibrated	0.9841311782241052	0.6530689025169166	0.6444592307692307	47.0	200.0	123.5	47.0	31.0	47.0	30.0	72.0	98.0	47.0	84.0
108	methylbert	soft_labels_with_pooling		top156	psls	uncalibrated	methylbert / soft_labels_with_pooling / top156 / psls / uncalibrated	methylbert|soft_labels_with_pooling||top156|psls|uncalibrated	0.9798861183349042	0.6758383419938149	0.666856923076923	132.0	118.0	125.0	132.0	113.0	132.0	55.0	160.0	198.0	132.0	232.0
109	cancerdetector		train_freq_prior	top156	swn	uncalibrated	cancerdetector / train_freq_prior / top156 / swn / uncalibrated	cancerdetector||train_freq_prior|top156|swn|uncalibrated	0.9802211467677368	0.6752821747845923	0.6688638467100994	127.0	123.0	125.0	127.0	105.0	127.0	65.0	31.0	51.0	127.0	181.0
107	dismir	soft_labels_with_pooling		top156	psls	vector_scaling	dismir / soft_labels_with_pooling / top156 / psls / vector_scaling	dismir|soft_labels_with_pooling||top156|psls|vector_scaling	0.9825844964685124	0.6637410467717538	0.6514257692307692	81.0	169.0	125.0	81.0	120.0	81.0	142.0	44.0	122.0	81.0	85.0
110	cancerdetector		uniform_prior	top156	mlp	linear_simplex_projection	cancerdetector / uniform_prior / top156 / mlp / linear_simplex_projection	cancerdetector||uniform_prior|top156|mlp|linear_simplex_projection	0.9802740854956724	0.6743315963619897	0.67142	126.0	126.0	126.0	126.0	158.0	126.0	114.0	261.0	201.0	126.0	146.0
112	dismir	hard_labels		diagbckg	xgb	vector_scaling	dismir / hard_labels / diagbckg / xgb / vector_scaling	dismir|hard_labels||diagbckg|xgb|vector_scaling	0.9750802694776136	0.7084710551124028	0.696466153846154	213.0	39.0	126.0	213.0	225.0	213.0	239.0	25.0	199.0	213.0	109.0
111	cancerdetector		train_freq_prior	top156	xgb	uncalibrated	cancerdetector / train_freq_prior / top156 / xgb / uncalibrated	cancerdetector||train_freq_prior|top156|xgb|uncalibrated	0.9732355891473864	0.714414956312825	0.705072307526699	232.0	20.0	126.0	232.0	106.0	232.0	171.0	92.0	251.0	232.0	220.0
113	dismir	soft_labels_with_pooling		top156	xgb	linear_simplex_projection	dismir / soft_labels_with_pooling / top156 / xgb / linear_simplex_projection	dismir|soft_labels_with_pooling||top156|xgb|linear_simplex_projection	0.9806680452291556	0.6690283422787259	0.6563988461538461	113.0	145.0	129.0	113.0	63.0	113.0	32.0	90.0	195.0	113.0	149.0
114	methylbert	canonical_soft_labels		top156	nnls	linear_simplex_projection	methylbert / canonical_soft_labels / top156 / nnls / linear_simplex_projection	methylbert|canonical_soft_labels||top156|nnls|linear_simplex_projection	0.9871204340063896	0.6111243094464621	0.5986238461538461	12.0	247.0	129.5	12.0	22.0	12.0	21.0	177.0	106.0	12.0	13.0
115	methylbert	soft_labels_with_pooling		top156	nnls	uncalibrated	methylbert / soft_labels_with_pooling / top156 / nnls / uncalibrated	methylbert|soft_labels_with_pooling||top156|nnls|uncalibrated	0.9816791395729584	0.6649128896179174	0.656725	94.0	166.0	130.0	94.0	73.0	94.0	49.0	144.0	171.0	94.0	196.0
116	lookup	soft_labels_with_pooling		top156	swn	linear_simplex_projection	lookup / soft_labels_with_pooling / top156 / swn / linear_simplex_projection	lookup|soft_labels_with_pooling||top156|swn|linear_simplex_projection	0.9774023998041356	0.6881704904958728	0.6766353846153846	177.0	85.0	131.0	177.0	172.0	177.0	122.0	235.0	216.0	177.0	271.0
117	dismir	soft_labels_without_pooling		top156	xgb	uncalibrated	dismir / soft_labels_without_pooling / top156 / xgb / uncalibrated	dismir|soft_labels_without_pooling||top156|xgb|uncalibrated	0.9708033620331116	0.720986597006923	0.7129888478560761	247.0	16.0	131.5	247.0	178.0	247.0	192.0	123.0	252.0	247.0	273.0
118	cancerdetector		uniform_prior	top156	psls	uncalibrated	cancerdetector / uniform_prior / top156 / psls / uncalibrated	cancerdetector||uniform_prior|top156|psls|uncalibrated	0.9843862743774644	0.6363427545801509	0.6271419230769231	43.0	223.0	133.0	43.0	28.0	43.0	26.0	64.0	58.0	43.0	88.0
119	dismir	canonical_soft_labels		diagbckg	xgb	vector_scaling	dismir / canonical_soft_labels / diagbckg / xgb / vector_scaling	dismir|canonical_soft_labels||diagbckg|xgb|vector_scaling	0.9751857294745768	0.7004907465039463	0.6885607692307691	212.0	55.0	133.5	212.0	235.0	212.0	243.0	17.0	147.0	212.0	82.0
120	dismir	hard_labels		top156	mlp	vector_scaling	dismir / hard_labels / top156 / mlp / vector_scaling	dismir|hard_labels||top156|mlp|vector_scaling	0.978940164418224	0.6767790978037843	0.6699769230769231	154.0	115.0	134.5	154.0	232.0	154.0	189.0	59.0	156.0	154.0	168.0
121	cancerdetector		uniform_prior	top156	nnls	linear_clip_normalize	cancerdetector / uniform_prior / top156 / nnls / linear_clip_normalize	cancerdetector||uniform_prior|top156|nnls|linear_clip_normalize	0.983154443917095	0.6476315026262078	0.6392926923076924	66.0	205.0	135.5	66.0	21.0	66.0	70.0	116.0	59.0	66.0	143.0
123	methylbert	soft_labels_with_pooling		top156	xgb	vector_scaling	methylbert / soft_labels_with_pooling / top156 / xgb / vector_scaling	methylbert|soft_labels_with_pooling||top156|xgb|vector_scaling	0.976450915096682	0.6933736096814853	0.686125	199.0	75.0	137.0	199.0	228.0	199.0	219.0	10.0	166.0	199.0	132.0
122	methylbert	soft_labels_without_pooling		top156	swn	uncalibrated	methylbert / soft_labels_without_pooling / top156 / swn / uncalibrated	methylbert|soft_labels_without_pooling||top156|swn|uncalibrated	0.9798672390073936	0.6696223262453173	0.659522692869247	133.0	141.0	137.0	133.0	152.0	133.0	120.0	56.0	143.0	133.0	141.0
124	dismir	hard_labels		top156	xgb	linear_clip_normalize	dismir / hard_labels / top156 / xgb / linear_clip_normalize	dismir|hard_labels||top156|xgb|linear_clip_normalize	0.973610604084756	0.7068123605188965	0.6954515381821971	231.0	43.0	137.0	231.0	100.0	231.0	106.0	93.0	249.0	231.0	216.0
125	methylbert	soft_labels_with_pooling		top156	xgb	linear_simplex_projection	methylbert / soft_labels_with_pooling / top156 / xgb / linear_simplex_projection	methylbert|soft_labels_with_pooling||top156|xgb|linear_simplex_projection	0.980944122726126	0.6640366902358195	0.6602673076923076	110.0	168.0	139.0	110.0	61.0	110.0	35.0	74.0	182.0	110.0	97.0
126	dismir	soft_labels_without_pooling		top156	mlp	uncalibrated	dismir / soft_labels_without_pooling / top156 / mlp / uncalibrated	dismir|soft_labels_without_pooling||top156|mlp|uncalibrated	0.9764086488091552	0.6901217466455418	0.6851784616050001	200.0	82.0	141.0	200.0	224.0	200.0	176.0	88.0	167.0	200.0	218.0
127	dismir	canonical_soft_labels		top156	xgb	linear_simplex_projection	dismir / canonical_soft_labels / top156 / xgb / linear_simplex_projection	dismir|canonical_soft_labels||top156|xgb|linear_simplex_projection	0.9793386185128596	0.6702325180415744	0.6596153846153846	146.0	137.0	141.5	146.0	74.0	146.0	45.0	87.0	178.0	146.0	151.0
128	lookup	soft_labels_without_pooling		top156	nnls	linear_simplex_projection	lookup / soft_labels_without_pooling / top156 / nnls / linear_simplex_projection	lookup|soft_labels_without_pooling||top156|nnls|linear_simplex_projection	0.9667271546141532	0.7183075189043423	0.7170526923076923	267.0	17.0	142.0	267.0	258.0	267.0	285.0	285.0	259.0	267.0	279.0
129	dismir	hard_labels		diagbckg	xgb	linear_clip_normalize	dismir / hard_labels / diagbckg / xgb / linear_clip_normalize	dismir|hard_labels||diagbckg|xgb|linear_clip_normalize	0.9723504660456116	0.7033101797908973	0.6916784611608396	238.0	48.0	143.0	238.0	94.0	238.0	145.0	124.0	248.0	238.0	183.0
130	cancerdetector		uniform_prior	top156	xgb	uncalibrated	cancerdetector / uniform_prior / top156 / xgb / uncalibrated	cancerdetector||uniform_prior|top156|xgb|uncalibrated	0.9731315402732034	0.6990493837423102	0.6887450002605942	233.0	57.0	145.0	233.0	97.0	233.0	172.0	100.0	247.0	233.0	194.0
131	dismir	hard_labels		top156	mlp	linear_simplex_projection	dismir / hard_labels / top156 / mlp / linear_simplex_projection	dismir|hard_labels||top156|mlp|linear_simplex_projection	0.9785064306073984	0.6714110509871994	0.6647492307692309	159.0	131.0	145.0	159.0	210.0	159.0	153.0	260.0	152.0	159.0	233.0
132	lookup	soft_labels_with_pooling		top156	mlp	vector_scaling	lookup / soft_labels_with_pooling / top156 / mlp / vector_scaling	lookup|soft_labels_with_pooling||top156|mlp|vector_scaling	0.9754691905199364	0.6915648246992887	0.6846638461538462	211.0	80.0	145.5	211.0	247.0	211.0	228.0	109.0	164.0	211.0	253.0
133	dismir	soft_labels_with_pooling		top156	psls	uncalibrated	dismir / soft_labels_with_pooling / top156 / psls / uncalibrated	dismir|soft_labels_with_pooling||top156|psls|uncalibrated	0.9813715851970044	0.6557486594359956	0.6438265384615385	100.0	192.0	146.0	100.0	62.0	100.0	54.0	115.0	188.0	100.0	205.0
134	dismir	canonical_soft_labels		diagbckg	xgb	linear_clip_normalize	dismir / canonical_soft_labels / diagbckg / xgb / linear_clip_normalize	dismir|canonical_soft_labels||diagbckg|xgb|linear_clip_normalize	0.9736809700843962	0.6955380210633877	0.683923845988857	229.0	66.0	147.5	229.0	90.0	229.0	151.0	97.0	214.0	229.0	178.0
135	methylbert	canonical_soft_labels		top156	psls	linear_clip_normalize	methylbert / canonical_soft_labels / top156 / psls / linear_clip_normalize	methylbert|canonical_soft_labels||top156|psls|linear_clip_normalize	0.9849191774188348	0.6049219807491361	0.5923192307692309	37.0	258.0	147.5	37.0	30.0	37.0	83.0	176.0	15.0	37.0	18.0
136	dismir	hard_labels		top156	xgb	uncalibrated	dismir / hard_labels / top156 / xgb / uncalibrated	dismir|hard_labels||top156|xgb|uncalibrated	0.9699191916349742	0.706525089059916	0.6951576922346037	252.0	44.0	148.0	252.0	139.0	252.0	199.0	120.0	257.0	252.0	225.0
137	dismir	soft_labels_with_pooling		top156	nnls	uncalibrated	dismir / soft_labels_with_pooling / top156 / nnls / uncalibrated	dismir|soft_labels_with_pooling||top156|nnls|uncalibrated	0.9822749314087466	0.6438097903366182	0.6321669230769231	87.0	211.0	149.0	87.0	39.0	87.0	63.0	126.0	174.0	87.0	179.0
138	Celfie					vector_scaling	Celfie / vector_scaling	celfie|||||vector_scaling	0.9635550868181862	0.7220204637654729	0.7158435296866071	285.0	13.0	149.0	285.0	305.0	285.0	306.0	220.0	119.0	285.0	137.0
139	methylbert	canonical_soft_labels		top156	swn	vector_scaling	methylbert / canonical_soft_labels / top156 / swn / vector_scaling	methylbert|canonical_soft_labels||top156|swn|vector_scaling	0.9821579724375664	0.6441188076975395	0.627941923076923	90.0	210.0	150.0	90.0	163.0	90.0	170.0	52.0	49.0	90.0	53.0
140	methylbert	soft_labels_without_pooling		top156	nnls	linear_clip_normalize	methylbert / soft_labels_without_pooling / top156 / nnls / linear_clip_normalize	methylbert|soft_labels_without_pooling||top156|nnls|linear_clip_normalize	0.9804408533761014	0.6586523796358668	0.6488746153846154	120.0	180.0	150.0	120.0	56.0	120.0	136.0	206.0	142.0	120.0	153.0
141	methylbert	canonical_soft_labels		diagbckg	nnls	linear_simplex_projection	methylbert / canonical_soft_labels / diagbckg / nnls / linear_simplex_projection	methylbert|canonical_soft_labels||diagbckg|nnls|linear_simplex_projection	0.9868094402971151	0.5505825151259623	0.5362803846153845	18.0	283.0	150.5	18.0	29.0	18.0	29.0	182.0	54.0	18.0	22.0
142	methylbert	canonical_soft_labels		top156	nnls	vector_scaling	methylbert / canonical_soft_labels / top156 / nnls / vector_scaling	methylbert|canonical_soft_labels||top156|nnls|vector_scaling	0.9830870074970576	0.6264060172383212	0.6104503846153846	69.0	234.0	151.5	69.0	150.0	69.0	182.0	140.0	25.0	69.0	7.0
143	dismir	canonical_soft_labels		diagbckg	psls	linear_simplex_projection	dismir / canonical_soft_labels / diagbckg / psls / linear_simplex_projection	dismir|canonical_soft_labels||diagbckg|psls|linear_simplex_projection	0.9781010086608808	0.670151564523591	0.656756923076923	165.0	138.0	151.5	165.0	233.0	165.0	116.0	238.0	303.0	165.0	287.0
144	cancerdetector		uniform_prior	top156	swn	uncalibrated	cancerdetector / uniform_prior / top156 / swn / uncalibrated	cancerdetector||uniform_prior|top156|swn|uncalibrated	0.9805007391709556	0.6567059254658996	0.6489584610395606	117.0	187.0	152.0	117.0	110.0	117.0	62.0	34.0	93.0	117.0	215.0
145	lookup	soft_labels_without_pooling		top156	nnls	vector_scaling	lookup / soft_labels_without_pooling / top156 / nnls / vector_scaling	lookup|soft_labels_without_pooling||top156|nnls|vector_scaling	0.9545518529588478	0.7727869481312041	0.7657061538461539	303.0	1.0	152.0	303.0	314.0	303.0	315.0	281.0	133.0	303.0	163.0
146	dismir	soft_labels_with_pooling		top156	xgb	vector_scaling	dismir / soft_labels_with_pooling / top156 / xgb / vector_scaling	dismir|soft_labels_with_pooling||top156|xgb|vector_scaling	0.9773790615357516	0.6736093333078064	0.660745	180.0	127.0	153.5	180.0	208.0	180.0	204.0	11.0	165.0	180.0	69.0
147	methylbert	canonical_soft_labels		top156	psls	vector_scaling	methylbert / canonical_soft_labels / top156 / psls / vector_scaling	methylbert|canonical_soft_labels||top156|psls|vector_scaling	0.982844896606184	0.6292697477008016	0.6137600000000001	78.0	230.0	154.0	78.0	138.0	78.0	173.0	113.0	10.0	78.0	25.0
148	dismir	hard_labels		diagbckg	xgb	uncalibrated	dismir / hard_labels / diagbckg / xgb / uncalibrated	dismir|hard_labels||diagbckg|xgb|uncalibrated	0.9682010458059002	0.7029891907313631	0.6913592302345091	258.0	50.0	154.0	258.0	130.0	258.0	233.0	147.0	255.0	258.0	210.0
149	dismir	hard_labels		top156	mlp	linear_clip_normalize	dismir / hard_labels / top156 / mlp / linear_clip_normalize	dismir|hard_labels||top156|mlp|linear_clip_normalize	0.977398819429422	0.6713344592436614	0.6647188452754701	178.0	132.0	155.0	178.0	220.0	178.0	180.0	191.0	153.0	178.0	226.0
150	cancerdetector		uniform_prior	top156	mlp	linear_clip_normalize	cancerdetector / uniform_prior / top156 / mlp / linear_clip_normalize	cancerdetector||uniform_prior|top156|mlp|linear_clip_normalize	0.979263830724825	0.6651766755448876	0.6618757680289349	147.0	163.0	155.0	147.0	167.0	147.0	140.0	187.0	196.0	147.0	144.0
151	lookup	soft_labels_without_pooling		top156	swn	vector_scaling	lookup / soft_labels_without_pooling / top156 / swn / vector_scaling	lookup|soft_labels_without_pooling||top156|swn|vector_scaling	0.951283992382522	0.7495925365242709	0.7453380769230769	306.0	5.0	155.5	306.0	313.0	306.0	312.0	295.0	192.0	306.0	240.0
152	lookup	soft_labels_without_pooling		top156	psls	vector_scaling	lookup / soft_labels_without_pooling / top156 / psls / vector_scaling	lookup|soft_labels_without_pooling||top156|psls|vector_scaling	0.9491287089053384	0.7638584499115328	0.7571488461538461	309.0	2.0	155.5	309.0	318.0	309.0	319.0	294.0	256.0	309.0	290.0
153	dismir	canonical_soft_labels		top156	mlp	linear_simplex_projection	dismir / canonical_soft_labels / top156 / mlp / linear_simplex_projection	dismir|canonical_soft_labels||top156|mlp|linear_simplex_projection	0.9794664069208232	0.663546415425269	0.65213	145.0	170.0	157.5	145.0	193.0	145.0	118.0	219.0	270.0	145.0	108.0
154	dismir	canonical_soft_labels		top156	nnls	linear_simplex_projection	dismir / canonical_soft_labels / top156 / nnls / linear_simplex_projection	dismir|canonical_soft_labels||top156|nnls|linear_simplex_projection	0.9761271359807264	0.6774909980459737	0.6670896153846153	202.0	113.0	157.5	202.0	256.0	202.0	130.0	229.0	336.0	202.0	304.0
155	dismir	canonical_soft_labels		top156	xgb	vector_scaling	dismir / canonical_soft_labels / top156 / xgb / vector_scaling	dismir|canonical_soft_labels||top156|xgb|vector_scaling	0.9767653328172508	0.6749427207783316	0.6640569230769231	192.0	125.0	158.5	192.0	222.0	192.0	227.0	12.0	124.0	192.0	77.0
157	cancerdetector		train_freq_prior	top156	nnls	uncalibrated	cancerdetector / train_freq_prior / top156 / nnls / uncalibrated	cancerdetector||train_freq_prior|top156|nnls|uncalibrated	0.9806589471247688	0.6482791729690589	0.6399673076923077	114.0	204.0	159.0	114.0	46.0	114.0	148.0	166.0	107.0	114.0	139.0
156	dismir	canonical_soft_labels		diagbckg	nnls	linear_simplex_projection	dismir / canonical_soft_labels / diagbckg / nnls / linear_simplex_projection	dismir|canonical_soft_labels||diagbckg|nnls|linear_simplex_projection	0.9797941366257849	0.657645863898668	0.643541153846154	136.0	182.0	159.0	136.0	212.0	136.0	95.0	225.0	304.0	136.0	275.0
158	methylbert	canonical_soft_labels		top156	nnls	linear_clip_normalize	methylbert / canonical_soft_labels / top156 / nnls / linear_clip_normalize	methylbert|canonical_soft_labels||top156|nnls|linear_clip_normalize	0.9837247156394178	0.5934525774323025	0.5816742307692307	55.0	265.0	160.0	55.0	35.0	55.0	94.0	188.0	73.0	55.0	46.0
159	methylbert	canonical_soft_labels		diagbckg	psls	linear_simplex_projection	methylbert / canonical_soft_labels / diagbckg / psls / linear_simplex_projection	methylbert|canonical_soft_labels||diagbckg|psls|linear_simplex_projection	0.986601024308086	0.5111037646731131	0.4958569230769231	20.0	301.0	160.5	20.0	34.0	20.0	38.0	189.0	61.0	20.0	27.0
160	dismir	canonical_soft_labels		diagbckg	xgb	uncalibrated	dismir / canonical_soft_labels / diagbckg / xgb / uncalibrated	dismir|canonical_soft_labels||diagbckg|xgb|uncalibrated	0.9694516044598344	0.6951962165789081	0.6835792312439968	254.0	67.0	160.5	254.0	134.0	254.0	237.0	132.0	237.0	254.0	192.0
161	methylbert	hard_labels		top156	psls	linear_simplex_projection	methylbert / hard_labels / top156 / psls / linear_simplex_projection	methylbert|hard_labels||top156|psls|linear_simplex_projection	0.985412564321376	0.5257553671659034	0.5107096153846153	30.0	292.0	161.0	30.0	55.0	30.0	46.0	209.0	91.0	30.0	59.0
162	dismir	canonical_soft_labels		top156	nnls	vector_scaling	dismir / canonical_soft_labels / top156 / nnls / vector_scaling	dismir|canonical_soft_labels||top156|nnls|vector_scaling	0.9661020828716184	0.7026188192321847	0.6906438461538462	272.0	51.0	161.5	272.0	301.0	272.0	283.0	331.0	340.0	272.0	298.0
163	dismir	soft_labels_with_pooling		top156	xgb	linear_clip_normalize	dismir / soft_labels_with_pooling / top156 / xgb / linear_clip_normalize	dismir|soft_labels_with_pooling||top156|xgb|linear_clip_normalize	0.9774028420149322	0.6688940779418842	0.6562588463624145	176.0	148.0	162.0	176.0	72.0	176.0	90.0	70.0	226.0	176.0	169.0
165	lookup	soft_labels_without_pooling		top156	mlp	vector_scaling	lookup / soft_labels_without_pooling / top156 / mlp / vector_scaling	lookup|soft_labels_without_pooling||top156|mlp|vector_scaling	0.9271902958941048	0.7544008261887544	0.7482376923076923	322.0	3.0	162.5	322.0	324.0	322.0	324.0	310.0	278.0	322.0	285.0
164	methylbert	canonical_soft_labels		top156	swn	linear_simplex_projection	methylbert / canonical_soft_labels / top156 / swn / linear_simplex_projection	methylbert|canonical_soft_labels||top156|swn|linear_simplex_projection	0.9809928321035246	0.6404301931405051	0.6247261538461538	109.0	216.0	162.5	109.0	137.0	109.0	144.0	253.0	115.0	109.0	111.0
166	methylbert	canonical_soft_labels		top156	swn	linear_clip_normalize	methylbert / canonical_soft_labels / top156 / swn / linear_clip_normalize	methylbert|canonical_soft_labels||top156|swn|linear_clip_normalize	0.9813723366118896	0.6314337684303575	0.6160515375981607	99.0	228.0	163.5	99.0	133.0	99.0	150.0	168.0	97.0	99.0	80.0
167	dismir	hard_labels		diagbckg	nnls	vector_scaling	dismir / hard_labels / diagbckg / nnls / vector_scaling	dismir|hard_labels||diagbckg|nnls|vector_scaling	0.979627066779678	0.6565459803009593	0.639718076923077	142.0	188.0	165.0	142.0	196.0	142.0	200.0	178.0	88.0	142.0	63.0
169	dismir	soft_labels_with_pooling		top156	mlp	vector_scaling	dismir / soft_labels_with_pooling / top156 / mlp / vector_scaling	dismir|soft_labels_with_pooling||top156|mlp|vector_scaling	0.9822765508417632	0.6124656614938736	0.6014669230769231	86.0	245.0	165.5	86.0	160.0	86.0	109.0	43.0	100.0	86.0	135.0
168	methylbert	canonical_soft_labels		diagbckg	nnls	linear_clip_normalize	methylbert / canonical_soft_labels / diagbckg / nnls / linear_clip_normalize	methylbert|canonical_soft_labels||diagbckg|nnls|linear_clip_normalize	0.984223076380641	0.5434255559166933	0.5296811538461539	44.0	287.0	165.5	44.0	42.0	44.0	97.0	173.0	42.0	44.0	43.0
172	methylbert	hard_labels		top156	nnls	linear_simplex_projection	methylbert / hard_labels / top156 / nnls / linear_simplex_projection	methylbert|hard_labels||top156|nnls|linear_simplex_projection	0.984739195046728	0.5233788471790006	0.5086330769230769	39.0	293.0	166.0	39.0	58.0	39.0	44.0	205.0	64.0	39.0	91.0
170	lookup	soft_labels_with_pooling		top156	swn	linear_clip_normalize	lookup / soft_labels_with_pooling / top156 / swn / linear_clip_normalize	lookup|soft_labels_with_pooling||top156|swn|linear_clip_normalize	0.9743648331089833	0.6775814822309097	0.666276154042246	220.0	112.0	166.0	220.0	190.0	220.0	155.0	146.0	209.0	220.0	274.0
171	lookup	soft_labels_without_pooling		top156	psls	linear_simplex_projection	lookup / soft_labels_without_pooling / top156 / psls / linear_simplex_projection	lookup|soft_labels_without_pooling||top156|psls|linear_simplex_projection	0.9656479576434596	0.6990788204177236	0.6965600000000001	276.0	56.0	166.0	276.0	266.0	276.0	288.0	288.0	268.0	276.0	292.0
173	methylbert	canonical_soft_labels		diagbckg	swn	vector_scaling	methylbert / canonical_soft_labels / diagbckg / swn / vector_scaling	methylbert|canonical_soft_labels||diagbckg|swn|vector_scaling	0.982899943244847	0.6013484554524894	0.5868815384615385	73.0	261.0	167.0	73.0	121.0	73.0	119.0	36.0	81.0	73.0	72.0
174	dismir	canonical_soft_labels		top156	mlp	vector_scaling	dismir / canonical_soft_labels / top156 / mlp / vector_scaling	dismir|canonical_soft_labels||top156|mlp|vector_scaling	0.9773795776439388	0.6673286115065853	0.6557938461538461	179.0	158.0	168.5	179.0	236.0	179.0	174.0	45.0	273.0	179.0	152.0
175	dismir	canonical_soft_labels		top156	mlp	linear_clip_normalize	dismir / canonical_soft_labels / top156 / mlp / linear_clip_normalize	dismir|canonical_soft_labels||top156|mlp|linear_clip_normalize	0.9779678663224952	0.6629403185271456	0.651593461993588	168.0	171.0	169.5	168.0	201.0	168.0	138.0	156.0	272.0	168.0	158.0
176	methylbert	soft_labels_without_pooling		top156	mlp	linear_simplex_projection	methylbert / soft_labels_without_pooling / top156 / mlp / linear_simplex_projection	methylbert|soft_labels_without_pooling||top156|mlp|linear_simplex_projection	0.9785283924415028	0.6572977347851529	0.6512342307692308	158.0	183.0	170.5	158.0	194.0	158.0	166.0	289.0	211.0	158.0	201.0
177	methylbert	hard_labels		diagbckg	nnls	linear_simplex_projection	methylbert / hard_labels / diagbckg / nnls / linear_simplex_projection	methylbert|hard_labels||diagbckg|nnls|linear_simplex_projection	0.985728591092212	0.4592436299080625	0.4387353846153846	28.0	314.0	171.0	28.0	47.0	28.0	40.0	199.0	92.0	28.0	58.0
178	methylbert	canonical_soft_labels		diagbckg	nnls	vector_scaling	methylbert / canonical_soft_labels / diagbckg / nnls / vector_scaling	methylbert|canonical_soft_labels||diagbckg|nnls|vector_scaling	0.983170357082346	0.5650872106731323	0.5472630769230769	65.0	279.0	172.0	65.0	142.0	65.0	165.0	135.0	32.0	65.0	5.0
179	lookup	soft_labels_without_pooling		top156	swn	linear_simplex_projection	lookup / soft_labels_without_pooling / top156 / swn / linear_simplex_projection	lookup|soft_labels_without_pooling||top156|swn|linear_simplex_projection	0.9508201515085526	0.7096787567336592	0.708145	308.0	37.0	172.5	308.0	309.0	308.0	308.0	315.0	288.0	308.0	291.0
181	dismir	canonical_soft_labels		top156	xgb	linear_clip_normalize	dismir / canonical_soft_labels / top156 / xgb / linear_clip_normalize	dismir|canonical_soft_labels||top156|xgb|linear_clip_normalize	0.9757295182000468	0.6699139637102154	0.6593015382819429	206.0	140.0	173.0	206.0	88.0	206.0	117.0	76.0	194.0	206.0	173.0
180	methylbert	canonical_soft_labels		diagbckg	swn	linear_simplex_projection	methylbert / canonical_soft_labels / diagbckg / swn / linear_simplex_projection	methylbert|canonical_soft_labels||diagbckg|swn|linear_simplex_projection	0.9825341960408712	0.5990197952463866	0.5855053846153846	83.0	263.0	173.0	83.0	84.0	83.0	75.0	243.0	150.0	83.0	140.0
182	dismir	hard_labels		diagbckg	psls	uncalibrated	dismir / hard_labels / diagbckg / psls / uncalibrated	dismir|hard_labels||diagbckg|psls|uncalibrated	0.976732527241497	0.667468835152242	0.651981153846154	193.0	156.0	174.5	193.0	173.0	193.0	103.0	232.0	260.0	193.0	268.0
183	dismir	hard_labels		top156	psls	uncalibrated	dismir / hard_labels / top156 / psls / uncalibrated	dismir|hard_labels||top156|psls|uncalibrated	0.9767228916465478	0.6674439607398395	0.6519546153846154	194.0	157.0	175.5	194.0	174.0	194.0	104.0	233.0	261.0	194.0	269.0
184	methylbert	canonical_soft_labels		diagbckg	psls	linear_clip_normalize	methylbert / canonical_soft_labels / diagbckg / psls / linear_clip_normalize	methylbert|canonical_soft_labels||diagbckg|psls|linear_clip_normalize	0.9839653316557032	0.5024058924333387	0.4878834615384615	49.0	304.0	176.5	49.0	43.0	49.0	108.0	183.0	48.0	49.0	50.0
185	lookup	soft_labels_with_pooling		top156	mlp	linear_simplex_projection	lookup / soft_labels_with_pooling / top156 / mlp / linear_simplex_projection	lookup|soft_labels_with_pooling||top156|mlp|linear_simplex_projection	0.9713668429274016	0.6785901843454469	0.6731419230769231	243.0	111.0	177.0	243.0	250.0	243.0	235.0	280.0	239.0	243.0	278.0
186	methylbert	hard_labels		diagbckg	psls	linear_simplex_projection	methylbert / hard_labels / diagbckg / psls / linear_simplex_projection	methylbert|hard_labels||diagbckg|psls|linear_simplex_projection	0.985401259527594	0.4279310086272839	0.4075596153846154	31.0	323.0	177.0	31.0	57.0	31.0	47.0	210.0	90.0	31.0	60.0
187	dismir	canonical_soft_labels		top156	nnls	linear_clip_normalize	dismir / canonical_soft_labels / top156 / nnls / linear_clip_normalize	dismir|canonical_soft_labels||top156|nnls|linear_clip_normalize	0.9722536600317846	0.6760357087407792	0.6655311538461539	239.0	116.0	177.5	239.0	262.0	239.0	232.0	259.0	337.0	239.0	314.0
189	cancerdetector		uniform_prior	top156	nnls	uncalibrated	cancerdetector / uniform_prior / top156 / nnls / uncalibrated	cancerdetector||uniform_prior|top156|nnls|uncalibrated	0.9798252230122122	0.6373157427236161	0.6282830769230769	135.0	221.0	178.0	135.0	53.0	135.0	164.0	169.0	105.0	135.0	180.0
188	methylbert	canonical_soft_labels		diagbckg	swn	linear_clip_normalize	methylbert / canonical_soft_labels / diagbckg / swn / linear_clip_normalize	methylbert|canonical_soft_labels||diagbckg|swn|linear_clip_normalize	0.9821877221366552	0.5892438258350485	0.5762730762414809	89.0	267.0	178.0	89.0	86.0	89.0	85.0	154.0	123.0	89.0	114.0
190	methylbert	soft_labels_without_pooling		top156	psls	uncalibrated	methylbert / soft_labels_without_pooling / top156 / psls / uncalibrated	methylbert|soft_labels_without_pooling||top156|psls|uncalibrated	0.9773288150031452	0.661672971790659	0.6501211538461539	182.0	177.0	179.5	182.0	126.0	182.0	168.0	216.0	221.0	182.0	236.0
191	methylbert	soft_labels_without_pooling		top156	mlp	vector_scaling	methylbert / soft_labels_without_pooling / top156 / mlp / vector_scaling	methylbert|soft_labels_without_pooling||top156|mlp|vector_scaling	0.9783228061575516	0.6534854528440881	0.6465619230769232	162.0	198.0	180.0	162.0	239.0	162.0	210.0	111.0	205.0	162.0	147.0
192	dismir	hard_labels		top156	mlp	uncalibrated	dismir / hard_labels / top156 / mlp / uncalibrated	dismir|hard_labels||top156|mlp|uncalibrated	0.9738616719574538	0.6708877930576163	0.6643892295283316	228.0	133.0	180.5	228.0	259.0	228.0	206.0	133.0	157.0	228.0	249.0
193	methylbert	canonical_soft_labels		diagbckg	psls	vector_scaling	methylbert / canonical_soft_labels / diagbckg / psls / vector_scaling	methylbert|canonical_soft_labels||diagbckg|psls|vector_scaling	0.9829910990845389	0.5286524211610584	0.510465	71.0	291.0	181.0	71.0	143.0	71.0	181.0	127.0	30.0	71.0	19.0
194	dismir	hard_labels		diagbckg	nnls	uncalibrated	dismir / hard_labels / diagbckg / nnls / uncalibrated	dismir|hard_labels||diagbckg|nnls|uncalibrated	0.9772832387224344	0.6607214544861892	0.644831923076923	185.0	178.0	181.5	185.0	162.0	185.0	96.0	251.0	253.0	185.0	265.0
195	dismir	soft_labels_with_pooling		top156	xgb	uncalibrated	dismir / soft_labels_with_pooling / top156 / xgb / uncalibrated	dismir|soft_labels_with_pooling||top156|xgb|uncalibrated	0.9744972616097198	0.6686765279168713	0.6560326921299395	217.0	150.0	183.5	217.0	104.0	217.0	167.0	83.0	236.0	217.0	185.0
197	Celfie					linear_clip_normalize	Celfie / linear_clip_normalize	celfie|||||linear_clip_normalize	0.974145856257712	0.6691386953960732	0.6643341591063929	223.0	144.0	183.5	223.0	211.0	223.0	268.0	272.0	83.0	223.0	133.0
196	lookup	soft_labels_without_pooling		top156	swn	linear_clip_normalize	lookup / soft_labels_without_pooling / top156 / swn / linear_clip_normalize	lookup|soft_labels_without_pooling||top156|swn|linear_clip_normalize	0.9334497380190768	0.7031398200037693	0.6995269222899176	318.0	49.0	183.5	318.0	315.0	318.0	317.0	306.0	292.0	318.0	299.0
198	methylbert	hard_labels		top156	psls	linear_clip_normalize	methylbert / hard_labels / top156 / psls / linear_clip_normalize	methylbert|hard_labels||top156|psls|linear_clip_normalize	0.9828831868677947	0.5216948380434975	0.506901923076923	74.0	296.0	185.0	74.0	68.0	74.0	123.0	195.0	71.0	74.0	92.0
199	dismir	canonical_soft_labels		diagbckg	psls	linear_clip_normalize	dismir / canonical_soft_labels / diagbckg / psls / linear_clip_normalize	dismir|canonical_soft_labels||diagbckg|psls|linear_clip_normalize	0.974443643348332	0.6677448645701006	0.6541580769230769	218.0	155.0	186.5	218.0	246.0	218.0	197.0	262.0	302.0	218.0	302.0
200	dismir	hard_labels		diagbckg	psls	vector_scaling	dismir / hard_labels / diagbckg / psls / vector_scaling	dismir|hard_labels||diagbckg|psls|vector_scaling	0.9770632688161672	0.6570978971863266	0.6408623076923077	188.0	185.0	186.5	188.0	214.0	188.0	222.0	110.0	228.0	188.0	234.0
201	lookup	soft_labels_without_pooling		top156	xgb	vector_scaling	lookup / soft_labels_without_pooling / top156 / xgb / vector_scaling	lookup|soft_labels_without_pooling||top156|xgb|vector_scaling	0.8814512980163727	0.7128504755950935	0.7083415384615385	350.0	24.0	187.0	350.0	356.0	350.0	343.0	325.0	365.0	350.0	361.0
202	dismir	hard_labels		top156	psls	vector_scaling	dismir / hard_labels / top156 / psls / vector_scaling	dismir|hard_labels||top156|psls|vector_scaling	0.9769892011319914	0.6569162255080523	0.6406711538461538	189.0	186.0	187.5	189.0	219.0	189.0	223.0	103.0	230.0	189.0	238.0
203	dismir	soft_labels_with_pooling		top156	mlp	linear_simplex_projection	dismir / soft_labels_with_pooling / top156 / mlp / linear_simplex_projection	dismir|soft_labels_with_pooling||top156|mlp|linear_simplex_projection	0.9800247876688608	0.60825405747595	0.5973296153846154	128.0	248.0	188.0	128.0	164.0	128.0	100.0	230.0	66.0	128.0	241.0
204	methylbert	canonical_soft_labels		top156	psls	uncalibrated	methylbert / canonical_soft_labels / top156 / psls / uncalibrated	methylbert|canonical_soft_labels||top156|psls|uncalibrated	0.9806352449425548	0.6001455852152049	0.5872961538461539	115.0	262.0	188.5	115.0	101.0	115.0	135.0	197.0	103.0	115.0	101.0
205	methylbert	hard_labels		diagbckg	nnls	linear_clip_normalize	methylbert / hard_labels / diagbckg / nnls / linear_clip_normalize	methylbert|hard_labels||diagbckg|nnls|linear_clip_normalize	0.9832349444923149	0.4575889162012269	0.4373357692307691	63.0	315.0	189.0	63.0	65.0	63.0	107.0	193.0	72.0	63.0	86.0
206	dismir	canonical_soft_labels		top156	psls	linear_simplex_projection	dismir / canonical_soft_labels / top156 / psls / linear_simplex_projection	dismir|canonical_soft_labels||top156|psls|linear_simplex_projection	0.9701678430619062	0.67141744073675	0.6580207692307692	249.0	130.0	189.5	249.0	275.0	249.0	177.0	273.0	352.0	249.0	325.0
207	methylbert	soft_labels_without_pooling		top156	mlp	linear_clip_normalize	methylbert / soft_labels_without_pooling / top156 / mlp / linear_clip_normalize	methylbert|soft_labels_without_pooling||top156|mlp|linear_clip_normalize	0.9775426767887564	0.6462589820468704	0.6402615392217947	175.0	207.0	191.0	175.0	202.0	175.0	202.0	224.0	208.0	175.0	170.0
209	dismir	canonical_soft_labels		top156	xgb	uncalibrated	dismir / canonical_soft_labels / top156 / xgb / uncalibrated	dismir|canonical_soft_labels||top156|xgb|uncalibrated	0.971473023732558	0.669548074694182	0.658915000892515	242.0	142.0	192.0	242.0	136.0	242.0	220.0	118.0	219.0	242.0	188.0
208	dismir	hard_labels		diagbckg	mlp	vector_scaling	dismir / hard_labels / diagbckg / mlp / vector_scaling	dismir|hard_labels||diagbckg|mlp|vector_scaling	0.9729894605266352	0.6686894454168397	0.6595503846153846	235.0	149.0	192.0	235.0	273.0	235.0	252.0	141.0	151.0	235.0	263.0
211	dismir	hard_labels		diagbckg	mlp	linear_clip_normalize	dismir / hard_labels / diagbckg / mlp / linear_clip_normalize	dismir|hard_labels||diagbckg|mlp|linear_clip_normalize	0.9720908851258636	0.6689439615491678	0.6595292310106181	240.0	147.0	193.5	240.0	267.0	240.0	244.0	231.0	162.0	240.0	272.0
210	dismir	canonical_soft_labels		top156	mlp	uncalibrated	dismir / canonical_soft_labels / top156 / mlp / uncalibrated	dismir|canonical_soft_labels||top156|mlp|uncalibrated	0.9749282491426136	0.6628058993025691	0.6515134612351874	215.0	172.0	193.5	215.0	238.0	215.0	162.0	73.0	265.0	215.0	229.0
212	methylbert	canonical_soft_labels		top156	swn	uncalibrated	methylbert / canonical_soft_labels / top156 / swn / uncalibrated	methylbert|canonical_soft_labels||top156|swn|uncalibrated	0.979014247182445	0.6230758030459741	0.6079392308843893	153.0	236.0	194.5	153.0	192.0	153.0	175.0	102.0	109.0	153.0	106.0
213	methylbert	canonical_soft_labels		diagbckg	nnls	uncalibrated	methylbert / canonical_soft_labels / diagbckg / nnls / uncalibrated	methylbert|canonical_soft_labels||diagbckg|nnls|uncalibrated	0.981195459624431	0.5434517364670225	0.5301061538461539	105.0	286.0	195.5	105.0	93.0	105.0	129.0	223.0	31.0	105.0	71.0
214	dismir	canonical_soft_labels		diagbckg	nnls	linear_clip_normalize	dismir / canonical_soft_labels / diagbckg / nnls / linear_clip_normalize	dismir|canonical_soft_labels||diagbckg|nnls|linear_clip_normalize	0.9761327962979498	0.6557354838222149	0.6414334615384615	201.0	193.0	197.0	201.0	223.0	201.0	179.0	248.0	300.0	201.0	294.0
215	dismir	hard_labels		diagbckg	mlp	linear_simplex_projection	dismir / hard_labels / diagbckg / mlp / linear_simplex_projection	dismir|hard_labels||diagbckg|mlp|linear_simplex_projection	0.971242492662195	0.6685556958268493	0.6591211538461538	245.0	151.0	198.0	245.0	264.0	245.0	254.0	293.0	213.0	245.0	283.0
217	dismir	canonical_soft_labels		top156	nnls	uncalibrated	dismir / canonical_soft_labels / top156 / nnls / uncalibrated	dismir|canonical_soft_labels||top156|nnls|uncalibrated	0.9611461572441738	0.6794555952002354	0.6688769230769231	289.0	107.0	198.0	289.0	303.0	289.0	247.0	342.0	363.0	289.0	356.0
216	methylbert	soft_labels_with_pooling		top156	xgb	linear_clip_normalize	methylbert / soft_labels_with_pooling / top156 / xgb / linear_clip_normalize	methylbert|soft_labels_with_pooling||top156|xgb|linear_clip_normalize	0.9769699674563964	0.646487030093476	0.6428673070072152	190.0	206.0	198.0	190.0	75.0	190.0	101.0	66.0	172.0	190.0	121.0
218	methylbert	hard_labels		top156	nnls	linear_clip_normalize	methylbert / hard_labels / top156 / nnls / linear_clip_normalize	methylbert|hard_labels||top156|nnls|linear_clip_normalize	0.981432312658505	0.5185995964334162	0.5040353846153846	98.0	299.0	198.5	98.0	76.0	98.0	131.0	212.0	43.0	98.0	136.0
219	methylbert	hard_labels		top156	nnls	vector_scaling	methylbert / hard_labels / top156 / nnls / vector_scaling	methylbert|hard_labels||top156|nnls|vector_scaling	0.980768209228968	0.5395534462191175	0.5227842307692308	111.0	288.0	199.5	111.0	195.0	111.0	218.0	190.0	45.0	111.0	37.0
220	methylbert	hard_labels		diagbckg	psls	linear_clip_normalize	methylbert / hard_labels / diagbckg / psls / linear_clip_normalize	methylbert|hard_labels||diagbckg|psls|linear_clip_normalize	0.9828712979025656	0.4251520464182817	0.4051134615384615	77.0	325.0	201.0	77.0	69.0	77.0	124.0	196.0	70.0	77.0	93.0
221	lookup	soft_labels_with_pooling		top156	psls	linear_clip_normalize	lookup / soft_labels_with_pooling / top156 / psls / linear_clip_normalize	lookup|soft_labels_with_pooling||top156|psls|linear_clip_normalize	0.975553226802052	0.6539223611261666	0.6441273076923076	208.0	197.0	202.5	208.0	102.0	208.0	230.0	208.0	160.0	208.0	246.0
222	EpiDISH					vector_scaling	EpiDISH / vector_scaling	epidish|||||vector_scaling	0.9595093966944118	0.6787757635377812	0.6633174160069376	296.0	110.0	203.0	296.0	311.0	296.0	310.0	274.0	101.0	296.0	148.0
224	methylbert	soft_labels_without_pooling		top156	nnls	uncalibrated	methylbert / soft_labels_without_pooling / top156 / nnls / uncalibrated	methylbert|soft_labels_without_pooling||top156|nnls|uncalibrated	0.9755052524237084	0.6533479755811302	0.6430423076923077	210.0	199.0	204.5	210.0	124.0	210.0	234.0	250.0	210.0	210.0	237.0
223	cancerdetector		uniform_prior	top156	mlp	uncalibrated	cancerdetector / uniform_prior / top156 / mlp / uncalibrated	cancerdetector||uniform_prior|top156|mlp|uncalibrated	0.9757281567572678	0.6515685811640629	0.6489023081129672	207.0	202.0	204.5	207.0	231.0	207.0	188.0	112.0	183.0	207.0	195.0
227	dismir	canonical_soft_labels		diagbckg	psls	uncalibrated	dismir / canonical_soft_labels / diagbckg / psls / uncalibrated	dismir|canonical_soft_labels||diagbckg|psls|uncalibrated	0.9647175278403984	0.6728243890480486	0.659283846153846	282.0	129.0	205.5	282.0	294.0	282.0	214.0	324.0	349.0	282.0	329.0
228	methylbert	canonical_soft_labels		diagbckg	psls	uncalibrated	methylbert / canonical_soft_labels / diagbckg / psls / uncalibrated	methylbert|canonical_soft_labels||diagbckg|psls|uncalibrated	0.9810269133658952	0.5037049549876972	0.4894215384615384	108.0	303.0	205.5	108.0	95.0	108.0	146.0	200.0	40.0	108.0	76.0
225	methylbert	canonical_soft_labels		diagbckg	swn	uncalibrated	methylbert / canonical_soft_labels / diagbckg / swn / uncalibrated	methylbert|canonical_soft_labels||diagbckg|swn|uncalibrated	0.9796914407732816	0.5810707817071048	0.568366923475948	139.0	272.0	205.5	139.0	151.0	139.0	126.0	84.0	94.0	139.0	142.0
226	methylbert	hard_labels		diagbckg	nnls	vector_scaling	methylbert / hard_labels / diagbckg / nnls / vector_scaling	methylbert|hard_labels||diagbckg|nnls|vector_scaling	0.9813510293338744	0.4742650457173906	0.4518261538461539	101.0	310.0	205.5	101.0	182.0	101.0	194.0	171.0	75.5	101.0	28.0
230	dismir	canonical_soft_labels		diagbckg	psls	vector_scaling	dismir / canonical_soft_labels / diagbckg / psls / vector_scaling	dismir|canonical_soft_labels||diagbckg|psls|vector_scaling	0.9679460449751122	0.6680234412718142	0.6534976923076923	259.0	153.0	206.0	259.0	291.0	259.0	282.0	298.0	310.0	259.0	308.0
229	dismir	soft_labels_with_pooling		top156	mlp	linear_clip_normalize	dismir / soft_labels_with_pooling / top156 / mlp / linear_clip_normalize	dismir|soft_labels_with_pooling||top156|mlp|linear_clip_normalize	0.9784655078595684	0.6072577966806741	0.5963988461612013	160.0	252.0	206.0	160.0	180.0	160.0	133.0	175.0	65.0	160.0	242.0
231	dismir	canonical_soft_labels		top156	psls	linear_clip_normalize	dismir / canonical_soft_labels / top156 / psls / linear_clip_normalize	dismir|canonical_soft_labels||top156|psls|linear_clip_normalize	0.9675409366406093	0.6685171353949805	0.6548884615384616	260.0	152.0	206.0	260.0	278.0	260.0	231.0	287.0	357.0	260.0	333.0
232	methylbert	hard_labels		top156	psls	vector_scaling	methylbert / hard_labels / top156 / psls / vector_scaling	methylbert|hard_labels||top156|psls|vector_scaling	0.9799780354727758	0.5442048442858367	0.5279765384615385	129.0	285.0	207.0	129.0	198.0	129.0	221.0	163.0	75.5	129.0	98.0
233	dismir	hard_labels		diagbckg	mlp	uncalibrated	dismir / hard_labels / diagbckg / mlp / uncalibrated	dismir|hard_labels||diagbckg|mlp|uncalibrated	0.9660160615029778	0.6694041758302617	0.6600715384692403	273.0	143.0	208.0	273.0	292.0	273.0	255.0	181.0	235.0	273.0	297.0
234	dismir	canonical_soft_labels		diagbckg	nnls	vector_scaling	dismir / canonical_soft_labels / diagbckg / nnls / vector_scaling	dismir|canonical_soft_labels||diagbckg|nnls|vector_scaling	0.9718809959907068	0.6620739824946703	0.6462434615384616	241.0	175.0	208.0	241.0	280.0	241.0	253.0	321.0	310.0	241.0	280.0
235	methylbert	canonical_soft_labels		top156	mlp	linear_simplex_projection	methylbert / canonical_soft_labels / top156 / mlp / linear_simplex_projection	methylbert|canonical_soft_labels||top156|mlp|linear_simplex_projection	0.9791606980802424	0.5876006539732055	0.5778073076923076	149.0	268.0	208.5	149.0	179.0	149.0	178.0	284.0	202.0	149.0	66.0
236	lookup	soft_labels_with_pooling		top156	swn	uncalibrated	lookup / soft_labels_with_pooling / top156 / swn / uncalibrated	lookup|soft_labels_with_pooling||top156|swn|uncalibrated	0.9671549906004054	0.6677591133852269	0.6558249999243202	264.0	154.0	209.0	264.0	269.0	264.0	279.0	159.0	212.0	264.0	284.0
237	methylbert	canonical_soft_labels		top156	nnls	uncalibrated	methylbert / canonical_soft_labels / top156 / nnls / uncalibrated	methylbert|canonical_soft_labels||top156|nnls|uncalibrated	0.9791353707027284	0.5874592244175505	0.5755073076923078	150.0	269.0	209.5	150.0	108.0	150.0	183.0	241.0	118.0	150.0	131.0
238	methylbert	canonical_soft_labels		top156	mlp	vector_scaling	methylbert / canonical_soft_labels / top156 / mlp / vector_scaling	methylbert|canonical_soft_labels||top156|mlp|vector_scaling	0.9790684039613128	0.5831054586953605	0.5719761538461539	152.0	270.0	211.0	152.0	203.0	152.0	193.0	128.0	215.0	152.0	51.0
239	dismir	canonical_soft_labels		top156	psls	uncalibrated	dismir / canonical_soft_labels / top156 / psls / uncalibrated	dismir|canonical_soft_labels||top156|psls|uncalibrated	0.9592279961845678	0.6750678561175077	0.6615261538461539	298.0	124.0	211.0	298.0	307.0	298.0	236.0	333.0	364.0	298.0	360.0
240	lookup	soft_labels_with_pooling		top156	mlp	linear_clip_normalize	lookup / soft_labels_with_pooling / top156 / mlp / linear_clip_normalize	lookup|soft_labels_with_pooling||top156|mlp|linear_clip_normalize	0.9672530760746983	0.6671861551484414	0.661829616624639	263.0	159.0	211.0	263.0	260.0	263.0	262.0	244.0	232.0	263.0	281.0
241	methylbert	hard_labels		top156	psls	uncalibrated	methylbert / hard_labels / top156 / psls / uncalibrated	methylbert|hard_labels||top156|psls|uncalibrated	0.980365914606956	0.5052708994978555	0.4901223076923077	122.0	302.0	212.0	122.0	114.0	122.0	141.0	228.0	78.0	122.0	123.0
242	lookup	soft_labels_with_pooling		top156	nnls	linear_clip_normalize	lookup / soft_labels_with_pooling / top156 / nnls / linear_clip_normalize	lookup|soft_labels_with_pooling||top156|nnls|linear_clip_normalize	0.9740113857010362	0.6523324500623272	0.6434376923076922	224.0	201.0	212.5	224.0	117.0	224.0	238.0	215.0	184.0	224.0	261.0
243	lookup	soft_labels_without_pooling		top156	nnls	linear_clip_normalize	lookup / soft_labels_without_pooling / top156 / nnls / linear_clip_normalize	lookup|soft_labels_without_pooling||top156|nnls|linear_clip_normalize	0.941464425847984	0.6759763399489118	0.6729738461538463	314.0	117.0	215.5	314.0	287.0	314.0	318.0	309.0	279.0	314.0	300.0
244	lookup	soft_labels_without_pooling		top156	mlp	linear_simplex_projection	lookup / soft_labels_without_pooling / top156 / mlp / linear_simplex_projection	lookup|soft_labels_without_pooling||top156|mlp|linear_simplex_projection	0.9094759464566268	0.6843016324428373	0.6832734615384615	334.0	97.0	215.5	334.0	326.0	334.0	325.0	319.0	333.0	334.0	312.0
245	lookup	soft_labels_without_pooling		top156	swn	uncalibrated	lookup / soft_labels_without_pooling / top156 / swn / uncalibrated	lookup|soft_labels_without_pooling||top156|swn|uncalibrated	0.8862004219499117	0.6879874070848191	0.6829157686444185	347.0	86.0	216.5	347.0	347.0	347.0	346.0	318.0	329.0	347.0	315.0
246	dismir	canonical_soft_labels		top156	psls	vector_scaling	dismir / canonical_soft_labels / top156 / psls / vector_scaling	dismir|canonical_soft_labels||top156|psls|vector_scaling	0.9615900221179586	0.6689700435040191	0.653846923076923	288.0	146.0	217.0	288.0	306.0	288.0	291.0	312.0	346.0	288.0	337.0
247	methylbert	canonical_soft_labels		top156	mlp	linear_clip_normalize	methylbert / canonical_soft_labels / top156 / mlp / linear_clip_normalize	methylbert|canonical_soft_labels||top156|mlp|linear_clip_normalize	0.9784509427111636	0.578606749567086	0.5687584612602501	161.0	274.0	217.5	161.0	188.0	161.0	207.0	236.0	203.0	161.0	52.0
248	methylbert	hard_labels		diagbckg	nnls	uncalibrated	methylbert / hard_labels / diagbckg / nnls / uncalibrated	methylbert|hard_labels||diagbckg|nnls|uncalibrated	0.9805955797144666	0.4473814286001095	0.4272130769230769	116.0	319.0	217.5	116.0	109.0	116.0	127.0	242.0	75.5	116.0	119.0
249	methylbert	canonical_soft_labels		diagbckg	mlp	vector_scaling	methylbert / canonical_soft_labels / diagbckg / mlp / vector_scaling	methylbert|canonical_soft_labels||diagbckg|mlp|vector_scaling	0.9781435775883812	0.5796028456518442	0.5637607692307692	164.0	273.0	218.5	164.0	253.0	164.0	241.0	158.0	52.0	164.0	100.0
250	methylbert	hard_labels		diagbckg	psls	vector_scaling	methylbert / hard_labels / diagbckg / psls / vector_scaling	methylbert|hard_labels||diagbckg|psls|vector_scaling	0.9804015785645184	0.4497016951264497	0.4276438461538461	121.0	317.0	219.0	121.0	197.0	121.0	215.0	161.0	75.5	121.0	74.0
252	methylbert	soft_labels_without_pooling		top156	mlp	uncalibrated	methylbert / soft_labels_without_pooling / top156 / mlp / uncalibrated	methylbert|soft_labels_without_pooling||top156|mlp|uncalibrated	0.9742804344391224	0.6393882987948545	0.633301538149009	222.0	219.0	220.5	222.0	251.0	222.0	226.0	157.0	204.0	222.0	212.0
251	methylbert	hard_labels		top156	swn	vector_scaling	methylbert / hard_labels / top156 / swn / vector_scaling	methylbert|hard_labels||top156|swn|vector_scaling	0.979478004828608	0.5203052691293485	0.5043738461538462	143.0	298.0	220.5	143.0	204.0	143.0	195.0	80.0	134.0	143.0	110.0
253	methylbert	canonical_soft_labels		diagbckg	mlp	linear_clip_normalize	methylbert / canonical_soft_labels / diagbckg / mlp / linear_clip_normalize	methylbert|canonical_soft_labels||diagbckg|mlp|linear_clip_normalize	0.977811498769017	0.5765436031161861	0.5615773075740434	173.0	275.0	224.0	173.0	244.0	173.0	242.0	254.0	50.0	173.0	113.0
254	methylbert	hard_labels		diagbckg	psls	uncalibrated	methylbert / hard_labels / diagbckg / psls / uncalibrated	methylbert|hard_labels||diagbckg|psls|uncalibrated	0.9803529536955768	0.4163875943007543	0.3963784615384615	123.0	328.0	225.5	123.0	115.0	123.0	143.0	226.0	79.0	123.0	124.0
255	Houseman_ineq					vector_scaling	Houseman_ineq / vector_scaling	epidish_houseman|||||vector_scaling	0.9605289934145812	0.6659448619009677	0.6541042382409619	291.0	161.0	226.0	291.0	310.0	291.0	309.0	286.0	68.0	291.0	129.0
257	methylbert	soft_labels_without_pooling		top156	xgb	linear_simplex_projection	methylbert / soft_labels_without_pooling / top156 / xgb / linear_simplex_projection	methylbert|soft_labels_without_pooling||top156|xgb|linear_simplex_projection	0.974501224542801	0.6224762959110193	0.6143253846153847	216.0	237.0	226.5	216.0	175.0	216.0	161.0	258.0	193.0	216.0	67.0
256	dismir	canonical_soft_labels		diagbckg	nnls	uncalibrated	dismir / canonical_soft_labels / diagbckg / nnls / uncalibrated	dismir|canonical_soft_labels||diagbckg|nnls|uncalibrated	0.9658717560350494	0.6603376734959843	0.646098076923077	274.0	179.0	226.5	274.0	286.0	274.0	203.0	328.0	339.0	274.0	328.0
259	methylbert	canonical_soft_labels		diagbckg	mlp	linear_simplex_projection	methylbert / canonical_soft_labels / diagbckg / mlp / linear_simplex_projection	methylbert|canonical_soft_labels||diagbckg|mlp|linear_simplex_projection	0.9772268241508306	0.5821465847489331	0.5672111538461538	186.0	271.0	228.5	186.0	241.0	186.0	245.0	296.0	53.0	186.0	182.0
258	methylbert	hard_labels		diagbckg	swn	vector_scaling	methylbert / hard_labels / diagbckg / swn / vector_scaling	methylbert|hard_labels||diagbckg|swn|vector_scaling	0.9792447883696858	0.4787047790938785	0.4630934615384615	148.0	309.0	228.5	148.0	189.0	148.0	187.0	78.0	95.0	148.0	174.0
260	methylbert	soft_labels_with_pooling		top156	xgb	uncalibrated	methylbert / soft_labels_with_pooling / top156 / xgb / uncalibrated	methylbert|soft_labels_with_pooling||top156|xgb|uncalibrated	0.9726862832915044	0.6326150579665577	0.6285349997668022	236.0	225.0	230.5	236.0	123.0	236.0	205.0	101.0	179.0	236.0	155.0
261	lookup	soft_labels_without_pooling		top156	mlp	linear_clip_normalize	lookup / soft_labels_without_pooling / top156 / mlp / linear_clip_normalize	lookup|soft_labels_without_pooling||top156|mlp|linear_clip_normalize	0.8901049436213858	0.6754606274078391	0.6729553842162902	346.0	121.0	233.5	346.0	328.0	346.0	339.0	320.0	331.0	346.0	313.0
262	methylbert	hard_labels		top156	swn	linear_clip_normalize	methylbert / hard_labels / top156 / swn / linear_clip_normalize	methylbert|hard_labels||top156|swn|linear_clip_normalize	0.9783084816756776	0.5018291644314944	0.4867434615043187	163.0	305.0	234.0	163.0	186.0	163.0	169.0	204.0	145.0	163.0	171.0
263	lookup	soft_labels_with_pooling		top156	mlp	uncalibrated	lookup / soft_labels_with_pooling / top156 / mlp / uncalibrated	lookup|soft_labels_with_pooling||top156|mlp|uncalibrated	0.9603634759340336	0.6619605876682914	0.6561646151262929	294.0	176.0	235.0	294.0	288.0	294.0	297.0	222.0	229.0	294.0	295.0
265	methylbert	soft_labels_without_pooling		top156	xgb	vector_scaling	methylbert / soft_labels_without_pooling / top156 / xgb / vector_scaling	methylbert|soft_labels_without_pooling||top156|xgb|vector_scaling	0.9689747014178784	0.6395385968014501	0.6275996153846154	255.0	218.0	236.5	255.0	277.0	255.0	286.0	121.0	197.0	255.0	118.0
264	methylbert	hard_labels		top156	nnls	uncalibrated	methylbert / hard_labels / top156 / nnls / uncalibrated	methylbert|hard_labels||top156|nnls|uncalibrated	0.9780757772811238	0.4998085773693708	0.4852473076923077	166.0	307.0	236.5	166.0	135.0	166.0	191.0	266.0	80.0	166.0	176.0
266	methylbert	hard_labels		top156	swn	linear_simplex_projection	methylbert / hard_labels / top156 / swn / linear_simplex_projection	methylbert|hard_labels||top156|swn|linear_simplex_projection	0.9778862644352828	0.5011529936559359	0.4864788461538461	171.0	306.0	238.5	171.0	187.0	171.0	156.0	277.0	149.0	171.0	189.0
267	lookup	soft_labels_without_pooling		top156	psls	linear_clip_normalize	lookup / soft_labels_without_pooling / top156 / psls / linear_clip_normalize	lookup|soft_labels_without_pooling||top156|psls|linear_clip_normalize	0.938128688308277	0.6658477536026853	0.6622565384615384	316.0	162.0	239.0	316.0	297.0	316.0	320.0	311.0	291.0	316.0	305.0
269	methylbert	hard_labels		diagbckg	swn	linear_simplex_projection	methylbert / hard_labels / diagbckg / swn / linear_simplex_projection	methylbert|hard_labels||diagbckg|swn|linear_simplex_projection	0.977981732422728	0.4613700785677471	0.446786923076923	167.0	313.0	240.0	167.0	155.0	167.0	121.0	276.0	180.0	167.0	231.0
268	dismir	soft_labels_with_pooling		top156	mlp	uncalibrated	dismir / soft_labels_with_pooling / top156 / mlp / uncalibrated	dismir|soft_labels_with_pooling||top156|mlp|uncalibrated	0.9738926637300732	0.6070905904459072	0.5961846146737045	227.0	253.0	240.0	227.0	254.0	227.0	198.0	134.0	120.0	227.0	262.0
270	methylbert	canonical_soft_labels		top156	mlp	uncalibrated	methylbert / canonical_soft_labels / top156 / mlp / uncalibrated	methylbert|canonical_soft_labels||top156|mlp|uncalibrated	0.9758809406592552	0.5705586317752142	0.5610469232341039	205.0	276.0	240.5	205.0	237.0	205.0	224.0	174.0	200.0	205.0	75.0
271	methylbert	hard_labels		diagbckg	swn	linear_clip_normalize	methylbert / hard_labels / diagbckg / swn / linear_clip_normalize	methylbert|hard_labels||diagbckg|swn|linear_clip_normalize	0.9779296483279448	0.4621324812562306	0.447231923433747	170.0	312.0	241.0	170.0	153.0	170.0	139.0	211.0	139.0	170.0	222.0
272	lookup	soft_labels_with_pooling		top156	psls	uncalibrated	lookup / soft_labels_with_pooling / top156 / psls / uncalibrated	lookup|soft_labels_with_pooling||top156|psls|uncalibrated	0.9665390741541592	0.6381380629336383	0.6278984615384615	269.0	220.0	244.5	269.0	229.0	269.0	295.0	271.0	246.0	269.0	277.0
273	UXM U25					linear_simplex_projection	UXM U25 / linear_simplex_projection	uxm|||||linear_simplex_projection	0.967366249650194	0.6265511034927271	0.6204121629931422	262.0	233.0	247.5	262.0	249.0	262.0	267.0	283.0	267.0	262.0	301.0
274	Houseman_ineq					linear_simplex_projection	Houseman_ineq / linear_simplex_projection	epidish_houseman|||||linear_simplex_projection	0.9651151181673008	0.6399096425435296	0.6303221646751407	279.0	217.0	248.0	279.0	279.0	279.0	298.0	302.0	186.0	279.0	243.0
276	Celfie					uncalibrated	Celfie / uncalibrated	celfie|||||uncalibrated	0.9604952516010016	0.6446742406411757	0.6392938461538461	292.0	208.0	250.0	292.0	257.0	292.0	313.0	305.0	233.0	292.0	256.0
275	UXM U25					vector_scaling	UXM U25 / vector_scaling	uxm|||||vector_scaling	0.9633194016381504	0.6417531230582848	0.6312167182558482	286.0	214.0	250.0	286.0	293.0	286.0	304.0	239.0	189.0	286.0	266.0
277	methylbert	canonical_soft_labels		top156	xgb	vector_scaling	methylbert / canonical_soft_labels / top156 / xgb / vector_scaling	methylbert|canonical_soft_labels||top156|xgb|vector_scaling	0.972591482655737	0.5945965443418557	0.5744426923076923	237.0	264.0	250.5	237.0	221.0	237.0	259.0	107.0	238.0	237.0	96.0
278	lookup	soft_labels_with_pooling		top156	nnls	uncalibrated	lookup / soft_labels_with_pooling / top156 / nnls / uncalibrated	lookup|soft_labels_with_pooling||top156|nnls|uncalibrated	0.9651276466783032	0.6354084604713387	0.6261553846153847	278.0	224.0	251.0	278.0	230.0	278.0	300.0	275.0	250.0	278.0	282.0
279	methylbert	soft_labels_without_pooling		top156	xgb	linear_clip_normalize	methylbert / soft_labels_without_pooling / top156 / xgb / linear_clip_normalize	methylbert|soft_labels_without_pooling||top156|xgb|linear_clip_normalize	0.9685390083855158	0.607691531549722	0.5996769219814616	257.0	250.0	253.5	257.0	184.0	257.0	249.0	202.0	254.0	257.0	105.0
280	dismir	canonical_soft_labels		diagbckg	mlp	linear_simplex_projection	dismir / canonical_soft_labels / diagbckg / mlp / linear_simplex_projection	dismir|canonical_soft_labels||diagbckg|mlp|linear_simplex_projection	0.9666395546947624	0.6151875068741255	0.6158765384615386	268.0	240.0	254.0	268.0	284.0	268.0	274.0	297.0	287.0	268.0	286.0
281	methylbert	canonical_soft_labels		diagbckg	mlp	uncalibrated	methylbert / canonical_soft_labels / diagbckg / mlp / uncalibrated	methylbert|canonical_soft_labels||diagbckg|mlp|uncalibrated	0.9729967087335532	0.5700365980151525	0.5554996162869009	234.0	277.0	255.5	234.0	272.0	234.0	251.0	214.0	168.0	234.0	221.0
283	dismir	canonical_soft_labels		diagbckg	mlp	linear_clip_normalize	dismir / canonical_soft_labels / diagbckg / mlp / linear_clip_normalize	dismir|canonical_soft_labels||diagbckg|mlp|linear_clip_normalize	0.9663571243950934	0.6146119057585812	0.6153176928803216	271.0	241.0	256.0	271.0	285.0	271.0	272.0	257.0	305.0	271.0	293.0
282	dismir	canonical_soft_labels		diagbckg	mlp	vector_scaling	dismir / canonical_soft_labels / diagbckg / mlp / vector_scaling	dismir|canonical_soft_labels||diagbckg|mlp|vector_scaling	0.9664600836475592	0.6145438520406379	0.6154319230769231	270.0	242.0	256.0	270.0	298.0	270.0	280.0	179.0	295.0	270.0	289.0
284	methylbert	hard_labels		top156	swn	uncalibrated	methylbert / hard_labels / top156 / swn / uncalibrated	methylbert|hard_labels||top156|swn|uncalibrated	0.9755312772385376	0.4814953218227876	0.4670915386323589	209.0	308.0	258.5	209.0	242.0	209.0	190.0	151.0	158.0	209.0	217.0
285	dismir	canonical_soft_labels		top156	swn	uncalibrated	dismir / canonical_soft_labels / top156 / swn / uncalibrated	dismir|canonical_soft_labels||top156|swn|uncalibrated	0.9652453358254092	0.6080887649293569	0.5910473073591462	277.0	249.0	263.0	277.0	295.0	277.0	258.0	138.0	296.0	277.0	264.0
287	lookup	soft_labels_without_pooling		top156	mlp	uncalibrated	lookup / soft_labels_without_pooling / top156 / mlp / uncalibrated	lookup|soft_labels_without_pooling||top156|mlp|uncalibrated	0.8409997371157384	0.6641894945255695	0.6605730768818409	361.0	167.0	264.0	361.0	361.0	361.0	365.0	330.0	360.0	361.0	320.0
286	methylbert	canonical_soft_labels		top156	xgb	linear_simplex_projection	methylbert / canonical_soft_labels / top156 / xgb / linear_simplex_projection	methylbert|canonical_soft_labels||top156|xgb|linear_simplex_projection	0.9703886935156716	0.5642672622734144	0.5488476923076924	248.0	280.0	264.0	248.0	119.0	248.0	152.0	268.0	264.0	248.0	167.0
289	dismir	canonical_soft_labels		diagbckg	mlp	uncalibrated	dismir / canonical_soft_labels / diagbckg / mlp / uncalibrated	dismir|canonical_soft_labels||diagbckg|mlp|uncalibrated	0.9621696454389692	0.6139561667113757	0.6145342311519646	287.0	243.0	265.0	287.0	300.0	287.0	276.0	217.0	332.0	287.0	306.0
288	dismir	canonical_soft_labels		top156	swn	linear_clip_normalize	dismir / canonical_soft_labels / top156 / swn / linear_clip_normalize	dismir|canonical_soft_labels||top156|swn|linear_clip_normalize	0.96577874946369	0.6066642603723118	0.5896719225326353	275.0	255.0	265.0	275.0	296.0	275.0	270.0	184.0	293.0	275.0	259.0
291	methylbert	hard_labels		top156	mlp	vector_scaling	methylbert / hard_labels / top156 / mlp / vector_scaling	methylbert|hard_labels||top156|mlp|vector_scaling	0.9698828525476826	0.5652314493476237	0.5471346153846154	253.0	278.0	265.5	253.0	276.0	253.0	260.0	207.0	338.0	253.0	166.0
290	methylbert	hard_labels		top156	mlp	linear_simplex_projection	methylbert / hard_labels / top156 / mlp / linear_simplex_projection	methylbert|hard_labels||top156|mlp|linear_simplex_projection	0.9699969771540696	0.5544184801574378	0.5377526923076923	250.0	281.0	265.5	250.0	268.0	250.0	248.0	301.0	358.0	250.0	187.0
293	lookup	soft_labels_with_pooling		top156	xgb	vector_scaling	lookup / soft_labels_with_pooling / top156 / xgb / vector_scaling	lookup|soft_labels_with_pooling||top156|xgb|vector_scaling	0.932182422522156	0.6433044434873	0.6380323076923077	320.0	212.0	266.0	320.0	322.0	320.0	314.0	304.0	306.0	320.0	341.0
292	EpiDISH					linear_simplex_projection	EpiDISH / linear_simplex_projection	epidish|||||linear_simplex_projection	0.9590153577112728	0.6269257752759789	0.616272243521738	300.0	232.0	266.0	300.0	282.0	300.0	302.0	300.0	240.0	300.0	258.0
294	methylbert	hard_labels		top156	mlp	linear_clip_normalize	methylbert / hard_labels / top156 / mlp / linear_clip_normalize	methylbert|hard_labels||top156|mlp|linear_clip_normalize	0.9699546224660262	0.546093409721603	0.5292338457654223	251.0	284.0	267.5	251.0	270.0	251.0	256.0	278.0	330.0	251.0	175.0
296	methylbert	hard_labels		diagbckg	mlp	vector_scaling	methylbert / hard_labels / diagbckg / mlp / vector_scaling	methylbert|hard_labels||diagbckg|mlp|vector_scaling	0.9739292093097068	0.4652141601552911	0.4446792307692307	226.0	311.0	268.5	226.0	274.0	226.0	266.0	213.0	86.0	226.0	197.0
295	methylbert	hard_labels		diagbckg	mlp	linear_clip_normalize	methylbert / hard_labels / diagbckg / mlp / linear_clip_normalize	methylbert|hard_labels||diagbckg|mlp|linear_clip_normalize	0.9743337537554744	0.450403168080724	0.4306915385594876	221.0	316.0	268.5	221.0	265.0	221.0	265.0	282.0	89.0	221.0	211.0
297	Houseman_ineq					linear_clip_normalize	Houseman_ineq / linear_clip_normalize	epidish_houseman|||||linear_clip_normalize	0.9417614896048736	0.6321711977115294	0.6233199791451681	313.0	226.0	269.5	313.0	302.0	313.0	321.0	314.0	266.0	313.0	276.0
298	dismir	canonical_soft_labels		top156	swn	linear_simplex_projection	dismir / canonical_soft_labels / top156 / swn / linear_simplex_projection	dismir|canonical_soft_labels||top156|swn|linear_simplex_projection	0.9640203230325212	0.6054279514695621	0.588445	283.0	257.0	270.0	283.0	299.0	283.0	281.0	267.0	294.0	283.0	270.0
299	methylbert	hard_labels		diagbckg	swn	uncalibrated	methylbert / hard_labels / diagbckg / swn / uncalibrated	methylbert|hard_labels||diagbckg|swn|uncalibrated	0.974431385821913	0.4449634686013121	0.4304638460828683	219.0	322.0	270.5	219.0	218.0	219.0	185.0	155.0	108.0	219.0	245.0
300	UXM U25					linear_clip_normalize	UXM U25 / linear_clip_normalize	uxm|||||linear_clip_normalize	0.9590530619146902	0.6116008213750364	0.6054074577157224	299.0	246.0	272.5	299.0	261.0	299.0	305.0	299.0	282.0	299.0	303.0
301	lookup	soft_labels_with_pooling		top156	xgb	linear_simplex_projection	lookup / soft_labels_with_pooling / top156 / xgb / linear_simplex_projection	lookup|soft_labels_with_pooling||top156|xgb|linear_simplex_projection	0.9331307497608928	0.6314427305638436	0.6281661538461538	319.0	227.0	273.0	319.0	319.0	319.0	307.0	323.0	316.0	319.0	342.0
302	methylbert	hard_labels		diagbckg	mlp	linear_simplex_projection	methylbert / hard_labels / diagbckg / mlp / linear_simplex_projection	methylbert|hard_labels||diagbckg|mlp|linear_simplex_projection	0.9736184238960672	0.4488562869686171	0.4295580769230769	230.0	318.0	274.0	230.0	263.0	230.0	264.0	303.0	125.0	230.0	239.0
303	dismir	canonical_soft_labels		top156	swn	vector_scaling	dismir / canonical_soft_labels / top156 / swn / vector_scaling	dismir|canonical_soft_labels||top156|swn|vector_scaling	0.957874685396496	0.6074393681117423	0.590143076923077	301.0	251.0	276.0	301.0	308.0	301.0	287.0	148.0	297.0	301.0	296.0
305	lookup	soft_labels_without_pooling		top156	xgb	linear_simplex_projection	lookup / soft_labels_without_pooling / top156 / xgb / linear_simplex_projection	lookup|soft_labels_without_pooling||top156|xgb|linear_simplex_projection	0.8796663231699264	0.6484911315851813	0.6507634615384617	352.0	203.0	277.5	352.0	352.0	352.0	334.0	343.0	369.0	352.0	364.0
304	methylbert	soft_labels_without_pooling		top156	xgb	uncalibrated	methylbert / soft_labels_without_pooling / top156 / xgb / uncalibrated	methylbert|soft_labels_without_pooling||top156|xgb|uncalibrated	0.9597957324967314	0.6018319412308407	0.5933469246617346	295.0	260.0	277.5	295.0	255.0	295.0	289.0	245.0	262.0	295.0	251.0
306	methylbert	hard_labels		top156	mlp	uncalibrated	methylbert / hard_labels / top156 / mlp / uncalibrated	methylbert|hard_labels||top156|mlp|uncalibrated	0.9668630626011409	0.5308943481890962	0.514255768959125	266.0	290.0	278.0	266.0	281.0	266.0	263.0	252.0	321.0	266.0	206.0
307	lookup	soft_labels_with_pooling		top156	xgb	linear_clip_normalize	lookup / soft_labels_with_pooling / top156 / xgb / linear_clip_normalize	lookup|soft_labels_with_pooling||top156|xgb|linear_clip_normalize	0.9246752057855526	0.6157992669133736	0.6096938466279913	323.0	239.0	281.0	323.0	320.0	323.0	311.0	316.0	313.0	323.0	348.0
308	Houseman_ineq					uncalibrated	Houseman_ineq / uncalibrated	epidish_houseman|||||uncalibrated	0.9094137280725918	0.6304023096670268	0.6214461538461539	335.0	229.0	282.0	335.0	323.0	335.0	342.0	322.0	351.0	335.0	326.0
309	methylbert	canonical_soft_labels		top156	xgb	linear_clip_normalize	methylbert / canonical_soft_labels / top156 / xgb / linear_clip_normalize	methylbert|canonical_soft_labels||top156|xgb|linear_clip_normalize	0.9637393676071628	0.5516187318892062	0.5365261546867817	284.0	282.0	283.0	284.0	144.0	284.0	250.0	234.0	275.0	284.0	202.0
311	UXM U25					uncalibrated	UXM U25 / uncalibrated	uxm|||||uncalibrated	0.9485689943195332	0.6027893917256765	0.5969885984615384	310.0	259.0	284.5	310.0	289.0	310.0	316.0	307.0	284.0	310.0	307.0
310	lookup	soft_labels_with_pooling		top156	xgb	uncalibrated	lookup / soft_labels_with_pooling / top156 / xgb / uncalibrated	lookup|soft_labels_with_pooling||top156|xgb|uncalibrated	0.9065176417458268	0.6271225268187544	0.6192869235819949	338.0	231.0	284.5	338.0	327.0	338.0	323.0	317.0	328.0	338.0	350.0
312	EpiDISH					linear_clip_normalize	EpiDISH / linear_clip_normalize	epidish|||||linear_clip_normalize	0.9352763357183804	0.6067134594072809	0.5964518955549513	317.0	254.0	285.5	317.0	304.0	317.0	322.0	313.0	280.0	317.0	288.0
313	methylbert	hard_labels		diagbckg	xgb	vector_scaling	methylbert / hard_labels / diagbckg / xgb / vector_scaling	methylbert|hard_labels||diagbckg|xgb|vector_scaling	0.9712825750616068	0.4101924907702685	0.4020115384615384	244.0	329.0	286.5	244.0	227.0	244.0	275.0	149.0	181.0	244.0	134.0
314	lookup	soft_labels_without_pooling		top156	nnls	uncalibrated	lookup / soft_labels_without_pooling / top156 / nnls / uncalibrated	lookup|soft_labels_without_pooling||top156|nnls|uncalibrated	0.8750529039775802	0.6372055863646	0.6330842307692308	354.0	222.0	288.0	354.0	331.0	354.0	366.0	332.0	335.0	354.0	321.0
315	methylbert	hard_labels		diagbckg	mlp	uncalibrated	methylbert / hard_labels / diagbckg / mlp / uncalibrated	methylbert|hard_labels||diagbckg|mlp|uncalibrated	0.968574464223038	0.4277754971693899	0.4090153848354719	256.0	324.0	290.0	256.0	290.0	256.0	277.0	255.0	141.0	256.0	257.0
316	methylbert	canonical_soft_labels		diagbckg	xgb	vector_scaling	methylbert / canonical_soft_labels / diagbckg / xgb / vector_scaling	methylbert|canonical_soft_labels||diagbckg|xgb|vector_scaling	0.9708792505796828	0.3999214033112846	0.3955946153846154	246.0	336.0	291.0	246.0	234.0	246.0	269.0	137.0	218.0	246.0	150.0
317	lookup	soft_labels_without_pooling		top156	psls	uncalibrated	lookup / soft_labels_without_pooling / top156 / psls / uncalibrated	lookup|soft_labels_without_pooling||top156|psls|uncalibrated	0.8686408689093172	0.6250425270949951	0.62009	355.0	235.0	295.0	355.0	338.0	355.0	367.0	334.0	334.0	355.0	323.0
318	methylbert	canonical_soft_labels		top156	xgb	uncalibrated	methylbert / canonical_soft_labels / top156 / xgb / uncalibrated	methylbert|canonical_soft_labels||top156|xgb|uncalibrated	0.9570957295949182	0.5320471212005247	0.5178669232161504	302.0	289.0	295.5	302.0	181.0	302.0	290.0	249.0	286.0	302.0	223.0
319	methylbert	canonical_soft_labels		diagbckg	xgb	linear_simplex_projection	methylbert / canonical_soft_labels / diagbckg / xgb / linear_simplex_projection	methylbert|canonical_soft_labels||diagbckg|xgb|linear_simplex_projection	0.9675291793775014	0.3910486322695971	0.3890530769230769	261.0	337.0	299.0	261.0	149.0	261.0	186.0	279.0	258.0	261.0	219.0
320	methylbert	hard_labels		diagbckg	xgb	linear_simplex_projection	methylbert / hard_labels / diagbckg / xgb / linear_simplex_projection	methylbert|hard_labels||diagbckg|xgb|linear_simplex_projection	0.9670126880268468	0.3891316931191492	0.38339	265.0	338.0	301.5	265.0	147.0	265.0	196.0	292.0	281.0	265.0	224.0
321	lookup	soft_labels_without_pooling		top156	xgb	linear_clip_normalize	lookup / soft_labels_without_pooling / top156 / xgb / linear_clip_normalize	lookup|soft_labels_without_pooling||top156|xgb|linear_clip_normalize	0.8534603757033044	0.6131810606586569	0.6115223085216431	360.0	244.0	302.0	360.0	355.0	360.0	356.0	339.0	368.0	360.0	365.0
322	EpiDISH					uncalibrated	EpiDISH / uncalibrated	epidish|||||uncalibrated	0.8941107302433711	0.5918250876959514	0.5821900000000001	339.0	266.0	302.5	339.0	325.0	339.0	355.0	329.0	359.0	339.0	338.0
323	dismir	canonical_soft_labels		diagbckg	swn	uncalibrated	dismir / canonical_soft_labels / diagbckg / swn / uncalibrated	dismir|canonical_soft_labels||diagbckg|swn|uncalibrated	0.9480508723394572	0.5229086376321633	0.5024100011783256	311.0	294.0	302.5	311.0	312.0	311.0	284.0	203.0	314.0	311.0	311.0
324	dismir	canonical_soft_labels		diagbckg	swn	linear_clip_normalize	dismir / canonical_soft_labels / diagbckg / swn / linear_clip_normalize	dismir|canonical_soft_labels||diagbckg|swn|linear_clip_normalize	0.9458205870149896	0.5217287694369206	0.5012507686845659	312.0	295.0	303.5	312.0	316.0	312.0	292.0	246.0	307.0	312.0	322.0
325	dismir	canonical_soft_labels		diagbckg	swn	linear_simplex_projection	dismir / canonical_soft_labels / diagbckg / swn / linear_simplex_projection	dismir|canonical_soft_labels||diagbckg|swn|linear_simplex_projection	0.9399810894591596	0.5212060992138198	0.5006419230769231	315.0	297.0	306.0	315.0	317.0	315.0	299.0	308.0	310.0	315.0	345.0
326	dismir	canonical_soft_labels		diagbckg	swn	vector_scaling	dismir / canonical_soft_labels / diagbckg / swn / vector_scaling	dismir|canonical_soft_labels||diagbckg|swn|vector_scaling	0.9310125210617738	0.5181306009983713	0.4975407692307692	321.0	300.0	310.5	321.0	321.0	321.0	303.0	237.0	308.0	321.0	362.0
328	lookup	soft_labels_without_pooling		top156	xgb	uncalibrated	lookup / soft_labels_without_pooling / top156 / xgb / uncalibrated	lookup|soft_labels_without_pooling||top156|xgb|uncalibrated	0.7678299299431279	0.6058001510281782	0.600846154190087	374.0	256.0	315.0	374.0	374.0	374.0	376.0	364.0	366.0	374.0	363.0
327	methylbert	canonical_soft_labels		diagbckg	xgb	linear_clip_normalize	methylbert / canonical_soft_labels / diagbckg / xgb / linear_clip_normalize	methylbert|canonical_soft_labels||diagbckg|xgb|linear_clip_normalize	0.9606797422256704	0.3864512762764024	0.3846700000606336	290.0	340.0	315.0	290.0	170.0	290.0	257.0	256.0	271.0	290.0	230.0
329	methylbert	hard_labels		diagbckg	xgb	linear_clip_normalize	methylbert / hard_labels / diagbckg / xgb / linear_clip_normalize	methylbert|hard_labels||diagbckg|xgb|linear_clip_normalize	0.9604738854238608	0.3877439886763038	0.38196230775544	293.0	339.0	316.0	293.0	165.0	293.0	261.0	265.0	285.0	293.0	227.0
330	methylbert	canonical_soft_labels		diagbckg	xgb	uncalibrated	methylbert / canonical_soft_labels / diagbckg / xgb / uncalibrated	methylbert|canonical_soft_labels||diagbckg|xgb|uncalibrated	0.9536876293599952	0.371974133574143	0.370538461730673	304.0	341.0	322.5	304.0	206.0	304.0	294.0	263.0	283.0	304.0	248.0
331	methylbert	hard_labels		top156	xgb	linear_simplex_projection	methylbert / hard_labels / top156 / xgb / linear_simplex_projection	methylbert|hard_labels||top156|xgb|linear_simplex_projection	0.9650535763217486	0.2597621935824358	0.2516226923076923	281.0	366.0	323.5	281.0	245.0	281.0	229.0	291.0	263.0	281.0	250.0
332	methylbert	hard_labels		diagbckg	xgb	uncalibrated	methylbert / hard_labels / diagbckg / xgb / uncalibrated	methylbert|hard_labels||diagbckg|xgb|uncalibrated	0.9526444092266148	0.3693956272872996	0.3640176924646274	305.0	344.0	324.5	305.0	205.0	305.0	296.0	269.0	301.0	305.0	244.0
333	methylbert	hard_labels		top156	xgb	vector_scaling	methylbert / hard_labels / top156 / xgb / vector_scaling	methylbert|hard_labels||top156|xgb|vector_scaling	0.9651140342271116	0.2513426140726231	0.2435623076923077	280.0	369.0	324.5	280.0	283.0	280.0	293.0	186.0	159.0	280.0	207.0
334	lookup	hard_labels		diagbckg	xgb	vector_scaling	lookup / hard_labels / diagbckg / xgb / vector_scaling	lookup|hard_labels||diagbckg|xgb|vector_scaling	0.8925124059755473	0.4469939461691248	0.4132503846153846	342.5	320.5	331.5	342.5	350.5	342.5	344.5	336.5	276.5	342.5	309.5
335	lookup	hard_labels		top156	xgb	vector_scaling	lookup / hard_labels / top156 / xgb / vector_scaling	lookup|hard_labels||top156|xgb|vector_scaling	0.8925124059755473	0.4469939461691248	0.4132503846153846	342.5	320.5	331.5	342.5	350.5	342.5	344.5	336.5	276.5	342.5	309.5
336	methylbert	hard_labels		top156	xgb	linear_clip_normalize	methylbert / hard_labels / top156 / xgb / linear_clip_normalize	methylbert|hard_labels||top156|xgb|linear_clip_normalize	0.959451287891978	0.2595239876586996	0.2516065387879417	297.0	367.0	332.0	297.0	248.0	297.0	273.0	264.0	269.0	297.0	252.0
337	lookup	hard_labels		top156	nnls	vector_scaling	lookup / hard_labels / top156 / nnls / vector_scaling	lookup|hard_labels||top156|nnls|vector_scaling	0.909666141585115	0.3701972573215738	0.3390626923076923	332.0	342.5	337.25	332.0	353.5	332.5	340.5	350.0	289.5	332.5	331.5
338	methylbert	hard_labels		top156	xgb	uncalibrated	methylbert / hard_labels / top156 / xgb / uncalibrated	methylbert|hard_labels||top156|xgb|uncalibrated	0.9509967595028496	0.2564788166288729	0.2482457695627367	307.0	368.0	337.5	307.0	271.0	307.0	301.0	270.0	274.0	307.0	255.0
339	lookup	hard_labels		diagbckg	nnls	vector_scaling	lookup / hard_labels / diagbckg / nnls / vector_scaling	lookup|hard_labels||diagbckg|nnls|vector_scaling	0.9096661415851148	0.3701972573215738	0.3390626923076923	333.0	342.5	337.75	333.0	353.5	332.5	340.5	349.0	289.5	332.5	331.5
340	lookup	hard_labels		diagbckg	psls	vector_scaling	lookup / hard_labels / diagbckg / psls / vector_scaling	lookup|hard_labels||diagbckg|psls|vector_scaling	0.8802284387166424	0.4208791496810208	0.3865192307692308	351.0	327.0	339.0	351.0	357.0	351.0	351.0	345.0	362.0	351.0	357.0
342	lookup	hard_labels		top156	psls	vector_scaling	lookup / hard_labels / top156 / psls / vector_scaling	lookup|hard_labels||top156|psls|vector_scaling	0.8783830690358302	0.4212292755807151	0.3868642307692307	353.0	326.0	339.5	353.0	358.0	353.0	354.0	344.0	361.0	353.0	358.0
341	lookup	hard_labels		top156	xgb	linear_simplex_projection	lookup / hard_labels / top156 / xgb / linear_simplex_projection	lookup|hard_labels||top156|xgb|linear_simplex_projection	0.8846094574455851	0.4056290229272045	0.3766507692307693	348.5	330.5	339.5	348.5	345.5	348.5	337.5	372.5	298.5	348.5	318.5
343	lookup	hard_labels		diagbckg	xgb	linear_simplex_projection	lookup / hard_labels / diagbckg / xgb / linear_simplex_projection	lookup|hard_labels||diagbckg|xgb|linear_simplex_projection	0.8846094574455851	0.4056290229272045	0.3766507692307693	348.5	330.5	339.5	348.5	345.5	348.5	337.5	372.5	298.5	348.5	318.5
344	lookup	hard_labels		top156	nnls	linear_simplex_projection	lookup / hard_labels / top156 / nnls / linear_simplex_projection	lookup|hard_labels||top156|nnls|linear_simplex_projection	0.9137927709408136	0.3393738347729674	0.3138676923076923	328.5	351.5	340.0	328.5	336.5	328.5	329.5	360.0	348.0	328.5	353.5
345	lookup	hard_labels		diagbckg	nnls	linear_simplex_projection	lookup / hard_labels / diagbckg / nnls / linear_simplex_projection	lookup|hard_labels||diagbckg|nnls|linear_simplex_projection	0.9137927709408136	0.3393738347729674	0.3138676923076923	328.5	351.5	340.0	328.5	336.5	328.5	329.5	361.0	347.0	328.5	353.5
346	lookup	hard_labels		diagbckg	swn	linear_simplex_projection	lookup / hard_labels / diagbckg / swn / linear_simplex_projection	lookup|hard_labels||diagbckg|swn|linear_simplex_projection	0.9152336786096188	0.3297576482116188	0.3168769230769231	325.0	355.0	340.0	325.0	332.0	325.0	331.0	351.0	322.0	325.0	340.0
347	lookup	hard_labels		top156	psls	linear_simplex_projection	lookup / hard_labels / top156 / psls / linear_simplex_projection	lookup|hard_labels||top156|psls|linear_simplex_projection	0.9140081859475322	0.3297150848849868	0.3034738461538461	326.0	356.5	341.25	326.0	334.0	326.0	327.0	359.0	345.0	326.0	351.0
348	lookup	hard_labels		diagbckg	psls	linear_simplex_projection	lookup / hard_labels / diagbckg / psls / linear_simplex_projection	lookup|hard_labels||diagbckg|psls|linear_simplex_projection	0.9140081760528534	0.3297150848849868	0.3034738461538461	327.0	356.5	341.75	327.0	335.0	327.0	328.0	358.0	344.0	327.0	352.0
349	lookup	hard_labels		top156	swn	linear_simplex_projection	lookup / hard_labels / top156 / swn / linear_simplex_projection	lookup|hard_labels||top156|swn|linear_simplex_projection	0.91556275921001	0.309568328492628	0.2940630769230769	324.0	363.0	343.5	324.0	329.0	324.0	326.0	356.0	327.0	324.0	339.0
350	lookup	hard_labels		diagbckg	xgb	linear_clip_normalize	lookup / hard_labels / diagbckg / xgb / linear_clip_normalize	lookup|hard_labels||diagbckg|xgb|linear_clip_normalize	0.8676419140099911	0.4025270496942212	0.3741453842146606	356.5	332.5	344.5	356.5	348.5	356.5	352.5	362.5	319.5	356.5	316.5
351	lookup	hard_labels		top156	xgb	linear_clip_normalize	lookup / hard_labels / top156 / xgb / linear_clip_normalize	lookup|hard_labels||top156|xgb|linear_clip_normalize	0.8676419140099911	0.4025270496942212	0.3741453842146606	356.5	332.5	344.5	356.5	348.5	356.5	352.5	362.5	319.5	356.5	316.5
352	lookup	hard_labels		diagbckg	swn	linear_clip_normalize	lookup / hard_labels / diagbckg / swn / linear_clip_normalize	lookup|hard_labels||diagbckg|swn|linear_clip_normalize	0.9118694514518793	0.3271535990811949	0.31499346207529	331.0	359.0	345.0	331.0	333.0	331.0	333.0	340.0	312.0	331.0	327.0
353	lookup	hard_labels		top156	swn	linear_clip_normalize	lookup / hard_labels / top156 / swn / linear_clip_normalize	lookup|hard_labels||top156|swn|linear_clip_normalize	0.9121163957897336	0.3090753371026266	0.2940980774264271	330.0	364.0	347.0	330.0	330.0	330.0	332.0	341.0	315.0	330.0	324.0
354	lookup	hard_labels		diagbckg	swn	vector_scaling	lookup / hard_labels / diagbckg / swn / vector_scaling	lookup|hard_labels||diagbckg|swn|vector_scaling	0.90864603266789	0.329228439600143	0.3164076923076923	337.0	358.0	347.5	337.0	340.0	337.0	336.0	326.0	318.0	337.0	330.0
355	lookup	hard_labels		top156	swn	vector_scaling	lookup / hard_labels / top156 / swn / vector_scaling	lookup|hard_labels||top156|swn|vector_scaling	0.9090733998631464	0.3210782522193287	0.30488	336.0	362.0	349.0	336.0	339.0	336.0	335.0	327.0	317.0	336.0	334.0
357	lookup	hard_labels		diagbckg	nnls	linear_clip_normalize	lookup / hard_labels / diagbckg / nnls / linear_clip_normalize	lookup|hard_labels||diagbckg|nnls|linear_clip_normalize	0.8923638461102139	0.3302310563286897	0.3062180769230769	344.5	353.5	349.0	344.5	343.5	344.5	349.5	354.0	326.0	344.5	346.5
356	lookup	hard_labels		top156	nnls	linear_clip_normalize	lookup / hard_labels / top156 / nnls / linear_clip_normalize	lookup|hard_labels||top156|nnls|linear_clip_normalize	0.8923638461102139	0.3302310563286897	0.3062180769230769	344.5	353.5	349.0	344.5	343.5	344.5	349.5	355.0	325.0	344.5	346.5
358	lookup	hard_labels		diagbckg	psls	linear_clip_normalize	lookup / hard_labels / diagbckg / psls / linear_clip_normalize	lookup|hard_labels||diagbckg|psls|linear_clip_normalize	0.8929695679293845	0.3245204901198746	0.2999815384615384	340.0	360.5	350.25	340.0	342.0	340.0	348.0	352.0	324.0	340.0	343.0
359	lookup	hard_labels		top156	xgb	uncalibrated	lookup / hard_labels / top156 / xgb / uncalibrated	lookup|hard_labels||top156|xgb|uncalibrated	0.8272375934443906	0.4016109738140179	0.3753992311295473	366.5	334.5	350.5	366.5	359.5	366.5	368.5	347.5	341.5	366.5	335.5
360	lookup	hard_labels		diagbckg	xgb	uncalibrated	lookup / hard_labels / diagbckg / xgb / uncalibrated	lookup|hard_labels||diagbckg|xgb|uncalibrated	0.8272375934443906	0.4016109738140179	0.3753992311295473	366.5	334.5	350.5	366.5	359.5	366.5	368.5	347.5	341.5	366.5	335.5
361	lookup	hard_labels		top156	psls	linear_clip_normalize	lookup / hard_labels / top156 / psls / linear_clip_normalize	lookup|hard_labels||top156|psls|linear_clip_normalize	0.892969321768752	0.3245204901198746	0.2999815384615384	341.0	360.5	350.75	341.0	341.0	341.0	347.0	353.0	323.0	341.0	344.0
362	lookup	hard_labels		diagbckg	swn	uncalibrated	lookup / hard_labels / diagbckg / swn / uncalibrated	lookup|hard_labels||diagbckg|swn|uncalibrated	0.8643443326648355	0.368709656304125	0.3562280774033121	358.0	345.0	351.5	358.0	363.0	358.0	357.0	335.0	343.0	358.0	373.0
363	lookup	hard_labels		top156	swn	uncalibrated	lookup / hard_labels / top156 / swn / uncalibrated	lookup|hard_labels||top156|swn|uncalibrated	0.8623186973766994	0.3426026493548584	0.3281642312345724	359.0	346.0	352.5	359.0	362.0	359.0	358.0	338.0	350.0	359.0	374.0
364	lookup	hard_labels		diagbckg	psls	uncalibrated	lookup / hard_labels / diagbckg / psls / uncalibrated	lookup|hard_labels||diagbckg|psls|uncalibrated	0.8354586680961338	0.3394624136771186	0.3153042307692307	362.0	349.5	355.75	362.0	367.0	362.0	371.0	368.0	354.0	362.0	369.0
366	lookup	hard_labels		diagbckg	nnls	uncalibrated	lookup / hard_labels / diagbckg / nnls / uncalibrated	lookup|hard_labels||diagbckg|nnls|uncalibrated	0.8351667246470189	0.3425440425382599	0.3181684615384615	364.5	347.5	356.0	364.5	364.5	364.5	373.5	369.0	356.0	364.5	371.0
365	lookup	hard_labels		top156	nnls	uncalibrated	lookup / hard_labels / top156 / nnls / uncalibrated	lookup|hard_labels||top156|nnls|uncalibrated	0.8351667246470189	0.3425440425382599	0.3181684615384615	364.5	347.5	356.0	364.5	364.5	364.5	373.5	370.0	355.0	364.5	372.0
367	lookup	hard_labels		top156	psls	uncalibrated	lookup / hard_labels / top156 / psls / uncalibrated	lookup|hard_labels||top156|psls|uncalibrated	0.8354586056390909	0.3394624136771186	0.3153042307692307	363.0	349.5	356.25	363.0	366.0	363.0	372.0	367.0	353.0	363.0	370.0
368	lookup	hard_labels		diagbckg	mlp	vector_scaling	lookup / hard_labels / diagbckg / mlp / vector_scaling	lookup|hard_labels||diagbckg|mlp|vector_scaling	0.8064526529026768	0.2748680257208303	0.2715242307692307	373.0	365.0	369.0	373.0	373.0	373.0	364.0	357.0	375.0	373.0	366.0
370	lookup	hard_labels		top156	mlp	vector_scaling	lookup / hard_labels / top156 / mlp / vector_scaling	lookup|hard_labels||top156|mlp|vector_scaling	0.8226510086301468	0.2007346507913184	0.1861715384615384	370.0	370.0	370.0	370.0	370.0	370.0	362.0	346.0	367.0	370.0	349.0
369	lookup	hard_labels		top156	mlp	linear_simplex_projection	lookup / hard_labels / top156 / mlp / linear_simplex_projection	lookup|hard_labels||top156|mlp|linear_simplex_projection	0.8266039494927329	0.1510911369781309	0.140535	368.0	372.0	370.0	368.0	368.0	368.0	359.0	375.0	370.0	368.0	359.0
371	lookup	hard_labels		diagbckg	mlp	linear_simplex_projection	lookup / hard_labels / diagbckg / mlp / linear_simplex_projection	lookup|hard_labels||diagbckg|mlp|linear_simplex_projection	0.8103402676098996	0.1647858530799925	0.1700103846153846	372.0	371.0	371.5	372.0	371.0	372.0	360.0	376.0	371.0	372.0	368.0
372	lookup	hard_labels		diagbckg	mlp	linear_clip_normalize	lookup / hard_labels / diagbckg / mlp / linear_clip_normalize	lookup|hard_labels||diagbckg|mlp|linear_clip_normalize	0.8108243950755682	0.1509348740736291	0.156903846399235	371.0	373.0	372.0	371.0	372.0	371.0	363.0	374.0	372.0	371.0	367.0
373	lookup	hard_labels		top156	mlp	linear_clip_normalize	lookup / hard_labels / top156 / mlp / linear_clip_normalize	lookup|hard_labels||top156|mlp|linear_clip_normalize	0.8256331937266056	0.138929671765573	0.1295357694980339	369.0	375.0	372.0	369.0	369.0	369.0	361.0	366.0	374.0	369.0	355.0
374	lookup	hard_labels		top156	mlp	uncalibrated	lookup / hard_labels / top156 / mlp / uncalibrated	lookup|hard_labels||top156|mlp|uncalibrated	0.7643916367532011	0.1412285155560393	0.1338300001009393	375.0	374.0	374.5	375.0	375.0	375.0	370.0	365.0	376.0	375.0	375.0
375	lookup	hard_labels		diagbckg	mlp	uncalibrated	lookup / hard_labels / diagbckg / mlp / uncalibrated	lookup|hard_labels||diagbckg|mlp|uncalibrated	0.7309352139849996	0.1343785725733248	0.1428338455915553	376.0	376.0	376.0	376.0	376.0	376.0	375.0	371.0	373.0	376.0	376.0
